company_slug,company_name,industry,city,draft_description,status,is_public,note
fest,!FEST,HoReCa,,"!FEST — компанія у сфері HoReCa. На сторінці можна переглянути відкриті факти, вакансії та анонімні відгуки користувачів.",needs_verification,false,rule-based neutral draft; review before publishing
1-1-media,1+1 media,Media,,"1+1 media — компанія у сфері Media. На сторінці можна переглянути відкриті факти, вакансії та анонімні відгуки користувачів.",needs_verification,false,rule-based neutral draft; review before publishing
24-kanal,24 Канал,Media,,"24 Канал — компанія у сфері Media. На сторінці можна переглянути відкриті факти, вакансії та анонімні відгуки користувачів.",needs_verification,false,rule-based neutral draft; review before publishing
a-bank,A-Банк,Банки і фінанси,,"A-Банк — компанія у сфері Банки і фінанси. На сторінці можна переглянути відкриті факти, вакансії та анонімні відгуки користувачів.",needs_verification,false,rule-based neutral draft; review before publishing
acino-ukraine,Acino Ukraine,Фармацевтика,,"Acino Ukraine — компанія у сфері Фармацевтика. На сторінці можна переглянути відкриті факти, вакансії та анонімні відгуки користувачів.",needs_verification,false,rule-based neutral draft; review before publishing
adamant,Adamant,Telecom,,"Adamant — компанія у сфері Telecom. На сторінці можна переглянути відкриті факти, вакансії та анонімні відгуки користувачів.",needs_verification,false,rule-based neutral draft; review before publishing
adelina-call-center,Adelina Call Center,Послуги,Київ,"Adelina Call Center — компанія у сфері Послуги. Компанія вказана з містом: Київ. На сторінці можна переглянути відкриті факти, вакансії та анонімні відгуки користувачів.",needs_verification,false,rule-based neutral draft; review before publishing
adonis,Adonis,Медицина,,"Adonis — компанія у сфері Медицина. На сторінці можна переглянути відкриті факти, вакансії та анонімні відгуки користувачів.",needs_verification,false,rule-based neutral draft; review before publishing
advanter-group,Advanter Group,Консалтинг,,"Advanter Group — компанія у сфері Консалтинг. На сторінці можна переглянути відкриті факти, вакансії та анонімні відгуки користувачів.",needs_verification,false,rule-based neutral draft; review before publishing
aequo,Aequo,Юридичні послуги,,"Aequo — компанія у сфері Юридичні послуги. На сторінці можна переглянути відкриті факти, вакансії та анонімні відгуки користувачів.",needs_verification,false,rule-based neutral draft; review before publishing
agricom-group,Agricom Group,Агро,,"Agricom Group — компанія у сфері Агро. На сторінці можна переглянути відкриті факти, вакансії та анонімні відгуки користувачів.",needs_verification,false,rule-based neutral draft; review before publishing
agrogeneration,AgroGeneration,Агро,,"AgroGeneration — компанія у сфері Агро. На сторінці можна переглянути відкриті факти, вакансії та анонімні відгуки користувачів.",needs_verification,false,rule-based neutral draft; review before publishing
agroprosperis,Agroprosperis,Агро,,"Agroprosperis — компанія у сфері Агро. На сторінці можна переглянути відкриті факти, вакансії та анонімні відгуки користувачів.",needs_verification,false,rule-based neutral draft; review before publishing
ainua,AIN.UA,Media,,"AIN.UA — компанія у сфері Media. На сторінці можна переглянути відкриті факти, вакансії та анонімні відгуки користувачів.",needs_verification,false,rule-based neutral draft; review before publishing
airslate,airSlate,IT,,"airSlate — компанія у сфері IT. На сторінці можна переглянути відкриті факти, вакансії та анонімні відгуки користувачів.",needs_verification,false,rule-based neutral draft; review before publishing
ajax-systems,Ajax Systems,IT,,"Ajax Systems — компанія у сфері IT. На сторінці можна переглянути відкриті факти, вакансії та анонімні відгуки користувачів.",needs_verification,false,rule-based neutral draft; review before publishing
ajax-systems-manufacturing,Ajax Systems Manufacturing,Технології / виробництво,Україна,"Ajax Systems Manufacturing — компанія у сфері Технології / виробництво. Компанія вказана з містом: Україна. На сторінці можна переглянути відкриті факти, вакансії та анонімні відгуки користувачів.",needs_verification,false,rule-based neutral draft; review before publishing
allbiz-ukraine,Allbiz Ukraine,E-commerce,,"Allbiz Ukraine — компанія у сфері E-commerce. На сторінці можна переглянути відкриті факти, вакансії та анонімні відгуки користувачів.",needs_verification,false,rule-based neutral draft; review before publishing
allset,Allset,IT,,"Allset — компанія у сфері IT. На сторінці можна переглянути відкриті факти, вакансії та анонімні відгуки користувачів.",needs_verification,false,rule-based neutral draft; review before publishing
alterra-group,Alterra Group,Нерухомість,,"Alterra Group — компанія у сфері Нерухомість. На сторінці можна переглянути відкриті факти, вакансії та анонімні відгуки користувачів.",needs_verification,false,rule-based neutral draft; review before publishing
amic-energy,AMIC Energy,АЗС,Україна,"AMIC Energy — компанія у сфері АЗС. Компанія вказана з містом: Україна. На сторінці можна переглянути відкриті факти, вакансії та анонімні відгуки користувачів.",needs_verification,false,rule-based neutral draft; review before publishing
arcelormittal-tubular-products-ukraine,ArcelorMittal Tubular Products Ukraine,Виробництво,,"ArcelorMittal Tubular Products Ukraine — компанія у сфері Виробництво. На сторінці можна переглянути відкриті факти, вакансії та анонімні відгуки користувачів.",needs_verification,false,rule-based neutral draft; review before publishing
argo,Argo,Ритейл,,"Argo — компанія у сфері Ритейл. На сторінці можна переглянути відкриті факти, вакансії та анонімні відгуки користувачів.",needs_verification,false,rule-based neutral draft; review before publishing
aroma-kava,Aroma Kava,HoReCa,,"Aroma Kava — компанія у сфері HoReCa. На сторінці можна переглянути відкриті факти, вакансії та анонімні відгуки користувачів.",needs_verification,false,rule-based neutral draft; review before publishing
arricano,Arricano,Нерухомість,,"Arricano — компанія у сфері Нерухомість. На сторінці можна переглянути відкриті факти, вакансії та анонімні відгуки користувачів.",needs_verification,false,rule-based neutral draft; review before publishing
artjoker,Artjoker,IT,,"Artjoker — компанія у сфері IT. На сторінці можна переглянути відкриті факти, вакансії та анонімні відгуки користувачів.",needs_verification,false,rule-based neutral draft; review before publishing
arx,ARX,Страхування,,"ARX — компанія у сфері Страхування. На сторінці можна переглянути відкриті факти, вакансії та анонімні відгуки користувачів.",needs_verification,false,rule-based neutral draft; review before publishing
arzinger,Arzinger,Юридичні послуги,,"Arzinger — компанія у сфері Юридичні послуги. На сторінці можна переглянути відкриті факти, вакансії та анонімні відгуки користувачів.",needs_verification,false,rule-based neutral draft; review before publishing
asstra-ukraine,AsstrA Ukraine,Логістика,,"AsstrA Ukraine — компанія у сфері Логістика. На сторінці можна переглянути відкриті факти, вакансії та анонімні відгуки користувачів.",needs_verification,false,rule-based neutral draft; review before publishing
asters,Asters,Юридичні послуги,,"Asters — компанія у сфері Юридичні послуги. На сторінці можна переглянути відкриті факти, вакансії та анонімні відгуки користувачів.",needs_verification,false,rule-based neutral draft; review before publishing
astound-commerce-ukraine,Astound Commerce Ukraine,IT,,"Astound Commerce Ukraine — компанія у сфері IT. На сторінці можна переглянути відкриті факти, вакансії та анонімні відгуки користувачів.",needs_verification,false,rule-based neutral draft; review before publishing
attendify,Attendify,IT,,"Attendify — компанія у сфері IT. На сторінці можна переглянути відкриті факти, вакансії та анонімні відгуки користувачів.",needs_verification,false,rule-based neutral draft; review before publishing
audi-ukraine,Audi Ukraine,Авто,,"Audi Ukraine — компанія у сфері Авто. На сторінці можна переглянути відкриті факти, вакансії та анонімні відгуки користувачів.",needs_verification,false,rule-based neutral draft; review before publishing
autodoc-ukraine,AutoDoc Ukraine,Авто,,"AutoDoc Ukraine — компанія у сфері Авто. На сторінці можна переглянути відкриті факти, вакансії та анонімні відгуки користувачів.",needs_verification,false,rule-based neutral draft; review before publishing
autoria,AutoRia,E-commerce,,"AutoRia — компанія у сфері E-commerce. На сторінці можна переглянути відкриті факти, вакансії та анонімні відгуки користувачів.",needs_verification,false,rule-based neutral draft; review before publishing
avalon,Avalon,Нерухомість,,"Avalon — компанія у сфері Нерухомість. На сторінці можна переглянути відкриті факти, вакансії та анонімні відгуки користувачів.",needs_verification,false,rule-based neutral draft; review before publishing
avantage-7,Avantage 7,АЗС,Україна,"Avantage 7 — компанія у сфері АЗС. Компанія вказана з містом: Україна. На сторінці можна переглянути відкриті факти, вакансії та анонімні відгуки користувачів.",needs_verification,false,rule-based neutral draft; review before publishing
avellum,Avellum,Юридичні послуги,,"Avellum — компанія у сфері Юридичні послуги. На сторінці можна переглянути відкриті факти, вакансії та анонімні відгуки користувачів.",needs_verification,false,rule-based neutral draft; review before publishing
avenga-ukraine,Avenga Ukraine,IT,,"Avenga Ukraine — компанія у сфері IT. На сторінці можна переглянути відкриті факти, вакансії та анонімні відгуки користувачів.",needs_verification,false,rule-based neutral draft; review before publishing
bader-ukraine,Bader Ukraine,Виробництво,,"Bader Ukraine — компанія у сфері Виробництво. На сторінці можна переглянути відкриті факти, вакансії та анонімні відгуки користувачів.",needs_verification,false,rule-based neutral draft; review before publishing
baker-mckenzie-ukraine,Baker McKenzie Ukraine,Юридичні послуги,,"Baker McKenzie Ukraine — компанія у сфері Юридичні послуги. На сторінці можна переглянути відкриті факти, вакансії та анонімні відгуки користувачів.",needs_verification,false,rule-based neutral draft; review before publishing
baker-tilly-ukraine,Baker Tilly Ukraine,Консалтинг,,"Baker Tilly Ukraine — компанія у сфері Консалтинг. На сторінці можна переглянути відкриті факти, вакансії та анонімні відгуки користувачів.",needs_verification,false,rule-based neutral draft; review before publishing
banda-agency,Banda Agency,Media,,"Banda Agency — компанія у сфері Media. На сторінці можна переглянути відкриті факти, вакансії та анонімні відгуки користувачів.",needs_verification,false,rule-based neutral draft; review before publishing
basf-agricultural-solutions-ukraine,BASF Agricultural Solutions Ukraine,Агро,,"BASF Agricultural Solutions Ukraine — компанія у сфері Агро. На сторінці можна переглянути відкриті факти, вакансії та анонімні відгуки користувачів.",needs_verification,false,rule-based neutral draft; review before publishing
baumit-ukraine,Baumit Ukraine,Будівництво,,"Baumit Ukraine — компанія у сфері Будівництво. На сторінці можна переглянути відкриті факти, вакансії та анонімні відгуки користувачів.",needs_verification,false,rule-based neutral draft; review before publishing
bayadera-group,Bayadera Group,FMCG,,"Bayadera Group — компанія у сфері FMCG. На сторінці можна переглянути відкриті факти, вакансії та анонімні відгуки користувачів.",needs_verification,false,rule-based neutral draft; review before publishing
bayer-cropscience-ukraine,Bayer CropScience Ukraine,Агро,,"Bayer CropScience Ukraine — компанія у сфері Агро. На сторінці можна переглянути відкриті факти, вакансії та анонімні відгуки користувачів.",needs_verification,false,rule-based neutral draft; review before publishing
bayer-ukraine,Bayer Ukraine,Фармацевтика,,"Bayer Ukraine — компанія у сфері Фармацевтика. На сторінці можна переглянути відкриті факти, вакансії та анонімні відгуки користувачів.",needs_verification,false,rule-based neutral draft; review before publishing
bdo-ukraine,BDO Ukraine,Консалтинг,,"BDO Ukraine — компанія у сфері Консалтинг. На сторінці можна переглянути відкриті факти, вакансії та анонімні відгуки користувачів.",needs_verification,false,rule-based neutral draft; review before publishing
beetroot,Beetroot,IT,,"Beetroot — компанія у сфері IT. На сторінці можна переглянути відкриті факти, вакансії та анонімні відгуки користувачів.",needs_verification,false,rule-based neutral draft; review before publishing
beetroot-academy,Beetroot Academy,Освіта,,"Beetroot Academy — компанія у сфері Освіта. На сторінці можна переглянути відкриті факти, вакансії та анонімні відгуки користувачів.",needs_verification,false,rule-based neutral draft; review before publishing
bershka-ukraine,Bershka Ukraine,Ритейл,,"Bershka Ukraine — компанія у сфері Ритейл. На сторінці можна переглянути відкриті факти, вакансії та анонімні відгуки користувачів.",needs_verification,false,rule-based neutral draft; review before publishing
betterme,BetterMe,IT,,"BetterMe — компанія у сфері IT. На сторінці можна переглянути відкриті факти, вакансії та анонімні відгуки користувачів.",needs_verification,false,rule-based neutral draft; review before publishing
biglua,Bigl.ua,E-commerce,,"Bigl.ua — компанія у сфері E-commerce. На сторінці можна переглянути відкриті факти, вакансії та анонімні відгуки користувачів.",needs_verification,false,rule-based neutral draft; review before publishing
binariks,Binariks,IT,,"Binariks — компанія у сфері IT. На сторінці можна переглянути відкриті факти, вакансії та анонімні відгуки користувачів.",needs_verification,false,rule-based neutral draft; review before publishing
binotel,Binotel,Послуги,Київ,"Binotel — компанія у сфері Послуги. Компанія вказана з містом: Київ. На сторінці можна переглянути відкриті факти, вакансії та анонімні відгуки користувачів.",needs_verification,false,rule-based neutral draft; review before publishing
blago-developer,blago developer,Нерухомість,,"blago developer — компанія у сфері Нерухомість. На сторінці можна переглянути відкриті факти, вакансії та анонімні відгуки користувачів.",needs_verification,false,rule-based neutral draft; review before publishing
bmw-ukraina,BMW Україна,Авто,,"BMW Україна — компанія у сфері Авто. На сторінці можна переглянути відкриті факти, вакансії та анонімні відгуки користувачів.",needs_verification,false,rule-based neutral draft; review before publishing
bolt-food,Bolt Food,Логістика і доставка,Київ,"Bolt Food — компанія у сфері Логістика і доставка. Компанія вказана з містом: Київ. На сторінці можна переглянути відкриті факти, вакансії та анонімні відгуки користувачів.",needs_verification,false,rule-based neutral draft; review before publishing
bolt-food-ukraine,Bolt Food Ukraine,IT,,"Bolt Food Ukraine — компанія у сфері IT. На сторінці можна переглянути відкриті факти, вакансії та анонімні відгуки користувачів.",needs_verification,false,rule-based neutral draft; review before publishing
bolt-ukraina,Bolt Україна,Транспорт / сервіс,Україна,"Bolt Україна — компанія у сфері Транспорт / сервіс. Компанія вказана з містом: Україна. На сторінці можна переглянути відкриті факти, вакансії та анонімні відгуки користувачів.",needs_verification,false,rule-based neutral draft; review before publishing
bosch-car-service-ukraine,Bosch Car Service Ukraine,Авто,,"Bosch Car Service Ukraine — компанія у сфері Авто. На сторінці можна переглянути відкриті факти, вакансії та анонімні відгуки користувачів.",needs_verification,false,rule-based neutral draft; review before publishing
brain,Brain,Ритейл електроніки,Україна,"Brain — компанія у сфері Ритейл електроніки. Компанія вказана з містом: Україна. На сторінці можна переглянути відкриті факти, вакансії та анонімні відгуки користувачів.",needs_verification,false,rule-based neutral draft; review before publishing
brightgrove,Brightgrove,IT,,"Brightgrove — компанія у сфері IT. На сторінці можна переглянути відкриті факти, вакансії та анонімні відгуки користувачів.",needs_verification,false,rule-based neutral draft; review before publishing
british-american-tobacco-ukraine,British American Tobacco Ukraine,FMCG,,"British American Tobacco Ukraine — компанія у сфері FMCG. На сторінці можна переглянути відкриті факти, вакансії та анонімні відгуки користувачів.",needs_verification,false,rule-based neutral draft; review before publishing
british-council-ukraine,British Council Ukraine,Освіта,,"British Council Ukraine — компанія у сфері Освіта. На сторінці можна переглянути відкриті факти, вакансії та анонімні відгуки користувачів.",needs_verification,false,rule-based neutral draft; review before publishing
brocard,Brocard,Ритейл,,"Brocard — компанія у сфері Ритейл. На сторінці можна переглянути відкриті факти, вакансії та анонімні відгуки користувачів.",needs_verification,false,rule-based neutral draft; review before publishing
budhouse-group,Budhouse Group,Нерухомість,,"Budhouse Group — компанія у сфері Нерухомість. На сторінці можна переглянути відкриті факти, вакансії та анонімні відгуки користувачів.",needs_verification,false,rule-based neutral draft; review before publishing
bunge-ukraine,Bunge Ukraine,Виробництво,,"Bunge Ukraine — компанія у сфері Виробництво. На сторінці можна переглянути відкриті факти, вакансії та анонімні відгуки користувачів.",needs_verification,false,rule-based neutral draft; review before publishing
caparol-ukraine,Caparol Ukraine,Будівництво,,"Caparol Ukraine — компанія у сфері Будівництво. На сторінці можна переглянути відкриті факти, вакансії та анонімні відгуки користувачів.",needs_verification,false,rule-based neutral draft; review before publishing
carlsberg-ukraine,Carlsberg Ukraine,FMCG,,"Carlsberg Ukraine — компанія у сфері FMCG. На сторінці можна переглянути відкриті факти, вакансії та анонімні відгуки користувачів.",needs_verification,false,rule-based neutral draft; review before publishing
cases-media,Cases Media,Media,,"Cases Media — компанія у сфері Media. На сторінці можна переглянути відкриті факти, вакансії та анонімні відгуки користувачів.",needs_verification,false,rule-based neutral draft; review before publishing
cbre-ukraine,CBRE Ukraine,Нерухомість,,"CBRE Ukraine — компанія у сфері Нерухомість. На сторінці можна переглянути відкриті факти, вакансії та анонімні відгуки користувачів.",needs_verification,false,rule-based neutral draft; review before publishing
cemark,CEMARK,Будівництво,,"CEMARK — компанія у сфері Будівництво. На сторінці можна переглянути відкриті факти, вакансії та анонімні відгуки користувачів.",needs_verification,false,rule-based neutral draft; review before publishing
cersanit-ukraine,Cersanit Ukraine,Будівництво,,"Cersanit Ukraine — компанія у сфері Будівництво. На сторінці можна переглянути відкриті факти, вакансії та анонімні відгуки користувачів.",needs_verification,false,rule-based neutral draft; review before publishing
chi-software,CHI Software,IT,,"CHI Software — компанія у сфері IT. На сторінці можна переглянути відкриті факти, вакансії та анонімні відгуки користувачів.",needs_verification,false,rule-based neutral draft; review before publishing
choice31,Choice31,Освіта,,"Choice31 — компанія у сфері Освіта. На сторінці можна переглянути відкриті факти, вакансії та анонімні відгуки користувачів.",needs_verification,false,rule-based neutral draft; review before publishing
ciklum,Ciklum,IT,,"Ciklum — компанія у сфері IT. На сторінці можна переглянути відкриті факти, вакансії та анонімні відгуки користувачів.",needs_verification,false,rule-based neutral draft; review before publishing
citrus,Citrus,Ритейл електроніки,Україна,"Citrus — компанія у сфері Ритейл електроніки. Компанія вказана з містом: Україна. На сторінці можна переглянути відкриті факти, вакансії та анонімні відгуки користувачів.",needs_verification,false,rule-based neutral draft; review before publishing
city-one-development,City One Development,Нерухомість,,"City One Development — компанія у сфері Нерухомість. На сторінці можна переглянути відкриті факти, вакансії та анонімні відгуки користувачів.",needs_verification,false,rule-based neutral draft; review before publishing
civitta-ukraine,CIVITTA Ukraine,Консалтинг,,"CIVITTA Ukraine — компанія у сфері Консалтинг. На сторінці можна переглянути відкриті факти, вакансії та анонімні відгуки користувачів.",needs_verification,false,rule-based neutral draft; review before publishing
clarity-project,Clarity Project,Консалтинг,,"Clarity Project — компанія у сфері Консалтинг. На сторінці можна переглянути відкриті факти, вакансії та анонімні відгуки користувачів.",needs_verification,false,rule-based neutral draft; review before publishing
cms-ukraine,CMS Cameron McKenna Nabarro Olswang Ukraine,Юридичні послуги,,"CMS Cameron McKenna Nabarro Olswang Ukraine — компанія у сфері Юридичні послуги. На сторінці можна переглянути відкриті факти, вакансії та анонімні відгуки користувачів.",needs_verification,false,rule-based neutral draft; review before publishing
coca-cola-hbc-ukraine,Coca-Cola HBC Ukraine,FMCG,,"Coca-Cola HBC Ukraine — компанія у сфері FMCG. На сторінці можна переглянути відкриті факти, вакансії та анонімні відгуки користувачів.",needs_verification,false,rule-based neutral draft; review before publishing
coca-cola-hbc-ukraina,Coca-Cola HBC Україна,Виробництво,Київ,"Coca-Cola HBC Україна — компанія у сфері Виробництво. Компанія вказана з містом: Київ. На сторінці можна переглянути відкриті факти, вакансії та анонімні відгуки користувачів.",needs_verification,false,rule-based neutral draft; review before publishing
coffee-life,Coffee Life,HoReCa,,"Coffee Life — компанія у сфері HoReCa. На сторінці можна переглянути відкриті факти, вакансії та анонімні відгуки користувачів.",needs_verification,false,rule-based neutral draft; review before publishing
colins-ukraine,Colin's Ukraine,Ритейл,,"Colin's Ukraine — компанія у сфері Ритейл. На сторінці можна переглянути відкриті факти, вакансії та анонімні відгуки користувачів.",needs_verification,false,rule-based neutral draft; review before publishing
colliers-ukraine,Colliers Ukraine,Нерухомість,,"Colliers Ukraine — компанія у сфері Нерухомість. На сторінці можна переглянути відкриті факти, вакансії та анонімні відгуки користувачів.",needs_verification,false,rule-based neutral draft; review before publishing
comfy,Comfy,Ритейл,,"Comfy — компанія у сфері Ритейл. На сторінці можна переглянути відкриті факти, вакансії та анонімні відгуки користувачів.",needs_verification,false,rule-based neutral draft; review before publishing
competera,Competera,IT,,"Competera — компанія у сфері IT. На сторінці можна переглянути відкриті факти, вакансії та анонімні відгуки користувачів.",needs_verification,false,rule-based neutral draft; review before publishing
continental-farmers-group,Continental Farmers Group,Агро,,"Continental Farmers Group — компанія у сфері Агро. На сторінці можна переглянути відкриті факти, вакансії та анонімні відгуки користувачів.",needs_verification,false,rule-based neutral draft; review before publishing
corevalue,CoreValue,IT,,"CoreValue — компанія у сфері IT. На сторінці можна переглянути відкриті факти, вакансії та анонімні відгуки користувачів.",needs_verification,false,rule-based neutral draft; review before publishing
corteva-agriscience-ukraine,Corteva Agriscience Ukraine,Агро,,"Corteva Agriscience Ukraine — компанія у сфері Агро. На сторінці можна переглянути відкриті факти, вакансії та анонімні відгуки користувачів.",needs_verification,false,rule-based neutral draft; review before publishing
cosmonova,Cosmonova,Telecom,,"Cosmonova — компанія у сфері Telecom. На сторінці можна переглянути відкриті факти, вакансії та анонімні відгуки користувачів.",needs_verification,false,rule-based neutral draft; review before publishing
coursera-for-ukraine,Coursera for Ukraine,Освіта,,"Coursera for Ukraine — компанія у сфері Освіта. На сторінці можна переглянути відкриті факти, вакансії та анонімні відгуки користувачів.",needs_verification,false,rule-based neutral draft; review before publishing
crafta,Crafta,E-commerce,,"Crafta — компанія у сфері E-commerce. На сторінці можна переглянути відкриті факти, вакансії та анонімні відгуки користувачів.",needs_verification,false,rule-based neutral draft; review before publishing
credit-agricole,Credit Agricole,Банки і фінанси,Київ,"Credit Agricole — компанія у сфері Банки і фінанси. Компанія вказана з містом: Київ. На сторінці можна переглянути відкриті факти, вакансії та анонімні відгуки користувачів.",needs_verification,false,rule-based neutral draft; review before publishing
credit-agricole-ukraina,Credit Agricole Україна,Банки,Україна,"Credit Agricole Україна — компанія у сфері Банки. Компанія вказана з містом: Україна. На сторінці можна переглянути відкриті факти, вакансії та анонімні відгуки користувачів.",needs_verification,false,rule-based neutral draft; review before publishing
csd-lab,CSD Lab,Медицина,,"CSD Lab — компанія у сфері Медицина. На сторінці можна переглянути відкриті факти, вакансії та анонімні відгуки користувачів.",needs_verification,false,rule-based neutral draft; review before publishing
cushman-wakefield-ukraine,Cushman & Wakefield Ukraine,Нерухомість,,"Cushman & Wakefield Ukraine — компанія у сфері Нерухомість. На сторінці можна переглянути відкриті факти, вакансії та анонімні відгуки користувачів.",needs_verification,false,rule-based neutral draft; review before publishing
cygnet,Cygnet,Агро,,"Cygnet — компанія у сфері Агро. На сторінці можна переглянути відкриті факти, вакансії та анонімні відгуки користувачів.",needs_verification,false,rule-based neutral draft; review before publishing
dan-it-education,DAN.IT Education,Освіта,,"DAN.IT Education — компанія у сфері Освіта. На сторінці можна переглянути відкриті факти, вакансії та анонімні відгуки користувачів.",needs_verification,false,rule-based neutral draft; review before publishing
danone-ukraine,Danone Ukraine,FMCG,,"Danone Ukraine — компанія у сфері FMCG. На сторінці можна переглянути відкриті факти, вакансії та анонімні відгуки користувачів.",needs_verification,false,rule-based neutral draft; review before publishing
danone-ukraina,Danone Україна,Виробництво,Україна,"Danone Україна — компанія у сфері Виробництво. Компанія вказана з містом: Україна. На сторінці можна переглянути відкриті факти, вакансії та анонімні відгуки користувачів.",needs_verification,false,rule-based neutral draft; review before publishing
dataart,DataArt,IT,,"DataArt — компанія у сфері IT. На сторінці можна переглянути відкриті факти, вакансії та анонімні відгуки користувачів.",needs_verification,false,rule-based neutral draft; review before publishing
datagroup,Datagroup,Telecom,,"Datagroup — компанія у сфері Telecom. На сторінці можна переглянути відкриті факти, вакансії та анонімні відгуки користувачів.",needs_verification,false,rule-based neutral draft; review before publishing
daxx,Daxx,IT,,"Daxx — компанія у сфері IT. На сторінці можна переглянути відкриті факти, вакансії та анонімні відгуки користувачів.",needs_verification,false,rule-based neutral draft; review before publishing
db-schenker-ukraine,DB Schenker Ukraine,Логістика,,"DB Schenker Ukraine — компанія у сфері Логістика. На сторінці можна переглянути відкриті факти, вакансії та анонімні відгуки користувачів.",needs_verification,false,rule-based neutral draft; review before publishing
decathlon-ukraine,Decathlon Ukraine,Ритейл,,"Decathlon Ukraine — компанія у сфері Ритейл. На сторінці можна переглянути відкриті факти, вакансії та анонімні відгуки користувачів.",needs_verification,false,rule-based neutral draft; review before publishing
defacto-ukraine,DeFacto Ukraine,Ритейл,,"DeFacto Ukraine — компанія у сфері Ритейл. На сторінці можна переглянути відкриті факти, вакансії та анонімні відгуки користувачів.",needs_verification,false,rule-based neutral draft; review before publishing
delivery,Delivery,Логістика,,"Delivery — компанія у сфері Логістика. На сторінці можна переглянути відкриті факти, вакансії та анонімні відгуки користувачів.",needs_verification,false,rule-based neutral draft; review before publishing
delivery-auto,Delivery Auto,Логістика,Україна,"Delivery Auto — компанія у сфері Логістика. Компанія вказана з містом: Україна. На сторінці можна переглянути відкриті факти, вакансії та анонімні відгуки користувачів.",needs_verification,false,rule-based neutral draft; review before publishing
deloitte-ukraine,Deloitte Ukraine,Консалтинг,,"Deloitte Ukraine — компанія у сфері Консалтинг. На сторінці можна переглянути відкриті факти, вакансії та анонімні відгуки користувачів.",needs_verification,false,rule-based neutral draft; review before publishing
delta-wilmar-ukraine,Delta Wilmar Ukraine,Виробництво,,"Delta Wilmar Ukraine — компанія у сфері Виробництво. На сторінці можна переглянути відкриті факти, вакансії та анонімні відгуки користувачів.",needs_verification,false,rule-based neutral draft; review before publishing
denka-logistics,Denka Logistics,Логістика,,"Denka Logistics — компанія у сфері Логістика. На сторінці можна переглянути відкриті факти, вакансії та анонімні відгуки користувачів.",needs_verification,false,rule-based neutral draft; review before publishing
dentons-ukraine,Dentons Ukraine,Юридичні послуги,,"Dentons Ukraine — компанія у сфері Юридичні послуги. На сторінці можна переглянути відкриті факти, вакансії та анонімні відгуки користувачів.",needs_verification,false,rule-based neutral draft; review before publishing
detector-media,Detector Media,Media,,"Detector Media — компанія у сфері Media. На сторінці можна переглянути відкриті факти, вакансії та анонімні відгуки користувачів.",needs_verification,false,rule-based neutral draft; review before publishing
devpro,Dev.Pro,IT,,"Dev.Pro — компанія у сфері IT. На сторінці можна переглянути відкриті факти, вакансії та анонімні відгуки користувачів.",needs_verification,false,rule-based neutral draft; review before publishing
dhl-ukraine,DHL Ukraine,Логістика,,"DHL Ukraine — компанія у сфері Логістика. На сторінці можна переглянути відкриті факти, вакансії та анонімні відгуки користувачів.",needs_verification,false,rule-based neutral draft; review before publishing
dim,DIM,Нерухомість,,"DIM — компанія у сфері Нерухомість. На сторінці можна переглянути відкриті факти, вакансії та анонімні відгуки користувачів.",needs_verification,false,rule-based neutral draft; review before publishing
djinni,Djinni,Media,,"Djinni — компанія у сфері Media. На сторінці можна переглянути відкриті факти, вакансії та анонімні відгуки користувачів.",needs_verification,false,rule-based neutral draft; review before publishing
dominos-pizza,Domino's Pizza,Ресторани і фастфуд,,"Domino's Pizza — компанія у сфері Ресторани і фастфуд. На сторінці можна переглянути відкриті факти, вакансії та анонімні відгуки користувачів.",needs_verification,false,rule-based neutral draft; review before publishing
dominos-pizza-ukraine,Domino's Pizza Ukraine,HoReCa,,"Domino's Pizza Ukraine — компанія у сфері HoReCa. На сторінці можна переглянути відкриті факти, вакансії та анонімні відгуки користувачів.",needs_verification,false,rule-based neutral draft; review before publishing
domino-s-pizza-ukraina,Dominoʼs Pizza Україна,HoReCa,Україна,"Dominoʼs Pizza Україна — компанія у сфері HoReCa. Компанія вказана з містом: Україна. На сторінці можна переглянути відкриті факти, вакансії та анонімні відгуки користувачів.",needs_verification,false,rule-based neutral draft; review before publishing
dou,DOU,Media,,"DOU — компанія у сфері Media. На сторінці можна переглянути відкриті факти, вакансії та анонімні відгуки користувачів.",needs_verification,false,rule-based neutral draft; review before publishing
dragon-capital-property-management,Dragon Capital Property Management,Нерухомість,,"Dragon Capital Property Management — компанія у сфері Нерухомість. На сторінці можна переглянути відкриті факти, вакансії та анонімні відгуки користувачів.",needs_verification,false,rule-based neutral draft; review before publishing
dsv-ukraine,DSV Ukraine,Логістика,,"DSV Ukraine — компанія у сфері Логістика. На сторінці можна переглянути відкриті факти, вакансії та анонімні відгуки користувачів.",needs_verification,false,rule-based neutral draft; review before publishing
easypay,EasyPay,Банки і фінанси,,"EasyPay — компанія у сфері Банки і фінанси. На сторінці можна переглянути відкриті факти, вакансії та анонімні відгуки користувачів.",needs_verification,false,rule-based neutral draft; review before publishing
ebs-ukraine,EBS Ukraine,Консалтинг,,"EBS Ukraine — компанія у сфері Консалтинг. На сторінці можна переглянути відкриті факти, вакансії та анонімні відгуки користувачів.",needs_verification,false,rule-based neutral draft; review before publishing
ekol-logistics-ukraine,Ekol Logistics Ukraine,Логістика,,"Ekol Logistics Ukraine — компанія у сфері Логістика. На сторінці можна переглянути відкриті факти, вакансії та анонімні відгуки користувачів.",needs_verification,false,rule-based neutral draft; review before publishing
eldorado,Eldorado,Ритейл,,"Eldorado — компанія у сфері Ритейл. На сторінці можна переглянути відкриті факти, вакансії та анонімні відгуки користувачів.",needs_verification,false,rule-based neutral draft; review before publishing
eleks,ELEKS,IT,,"ELEKS — компанія у сфері IT. На сторінці можна переглянути відкриті факти, вакансії та анонімні відгуки користувачів.",needs_verification,false,rule-based neutral draft; review before publishing
englishdom,EnglishDom,Освіта,,"EnglishDom — компанія у сфері Освіта. На сторінці можна переглянути відкриті факти, вакансії та анонімні відгуки користувачів.",needs_verification,false,rule-based neutral draft; review before publishing
enso,ENSO,Нерухомість,,"ENSO — компанія у сфері Нерухомість. На сторінці можна переглянути відкриті факти, вакансії та анонімні відгуки користувачів.",needs_verification,false,rule-based neutral draft; review before publishing
epam,EPAM,IT,,"EPAM — компанія у сфері IT. На сторінці можна переглянути відкриті факти, вакансії та анонімні відгуки користувачів.",needs_verification,false,rule-based neutral draft; review before publishing
epam-ukraine,EPAM Ukraine,IT,Україна,"EPAM Ukraine — компанія у сфері IT. Компанія вказана з містом: Україна. На сторінці можна переглянути відкриті факти, вакансії та анонімні відгуки користувачів.",needs_verification,false,rule-based neutral draft; review before publishing
epicentr-marketplace,Epicentr Marketplace,E-commerce,,"Epicentr Marketplace — компанія у сфері E-commerce. На сторінці можна переглянути відкриті факти, вакансії та анонімні відгуки користувачів.",needs_verification,false,rule-based neutral draft; review before publishing
eridon,Eridon,Агро,,"Eridon — компанія у сфері Агро. На сторінці можна переглянути відкриті факти, вакансії та анонімні відгуки користувачів.",needs_verification,false,rule-based neutral draft; review before publishing
eterna-law,Eterna Law,Юридичні послуги,,"Eterna Law — компанія у сфері Юридичні послуги. На сторінці можна переглянути відкриті факти, вакансії та анонімні відгуки користувачів.",needs_verification,false,rule-based neutral draft; review before publishing
euro-forwarding,Euro Forwarding,Логістика,,"Euro Forwarding — компанія у сфері Логістика. На сторінці можна переглянути відкриті факти, вакансії та анонімні відгуки користувачів.",needs_verification,false,rule-based neutral draft; review before publishing
eurocar,Eurocar,Виробництво,,"Eurocar — компанія у сфері Виробництво. На сторінці можна переглянути відкриті факти, вакансії та анонімні відгуки користувачів.",needs_verification,false,rule-based neutral draft; review before publishing
eva,EVA,Ритейл,,"EVA — компанія у сфері Ритейл. На сторінці можна переглянути відкриті факти, вакансії та анонімні відгуки користувачів.",needs_verification,false,rule-based neutral draft; review before publishing
evo,EVO,E-commerce,,"EVO — компанія у сфері E-commerce. На сторінці можна переглянути відкриті факти, вакансії та анонімні відгуки користувачів.",needs_verification,false,rule-based neutral draft; review before publishing
exist-ua,EXIST.UA,Авто,,"EXIST.UA — компанія у сфері Авто. На сторінці можна переглянути відкриті факти, вакансії та анонімні відгуки користувачів.",needs_verification,false,rule-based neutral draft; review before publishing
ey-ukraine,EY Ukraine,Консалтинг,,"EY Ukraine — компанія у сфері Консалтинг. На сторінці можна переглянути відкриті факти, вакансії та анонімні відгуки користувачів.",needs_verification,false,rule-based neutral draft; review before publishing
fedoriv,Fedoriv,Media,,"Fedoriv — компанія у сфері Media. На сторінці можна переглянути відкриті факти, вакансії та анонімні відгуки користувачів.",needs_verification,false,rule-based neutral draft; review before publishing
ferrexpo,Ferrexpo,Металургія,,"Ferrexpo — компанія у сфері Металургія. На сторінці можна переглянути відкриті факти, вакансії та анонімні відгуки користувачів.",needs_verification,false,rule-based neutral draft; review before publishing
first-line-group,First Line Group,HoReCa,,"First Line Group — компанія у сфері HoReCa. На сторінці можна переглянути відкриті факти, вакансії та анонімні відгуки користувачів.",needs_verification,false,rule-based neutral draft; review before publishing
flatfy,Flatfy,E-commerce,,"Flatfy — компанія у сфері E-commerce. На сторінці можна переглянути відкриті факти, вакансії та анонімні відгуки користувачів.",needs_verification,false,rule-based neutral draft; review before publishing
flex-ukraine,Flex Ukraine,Виробництво,,"Flex Ukraine — компанія у сфері Виробництво. На сторінці можна переглянути відкриті факти, вакансії та анонімні відгуки користувачів.",needs_verification,false,rule-based neutral draft; review before publishing
fm-logistic-ukraine,FM Logistic Ukraine,Логістика,,"FM Logistic Ukraine — компанія у сфері Логістика. На сторінці можна переглянути відкриті факти, вакансії та анонімні відгуки користувачів.",needs_verification,false,rule-based neutral draft; review before publishing
fondy,Fondy,Банки і фінанси,,"Fondy — компанія у сфері Банки і фінанси. На сторінці можна переглянути відкриті факти, вакансії та анонімні відгуки користувачів.",needs_verification,false,rule-based neutral draft; review before publishing
fora,Fora,Ритейл,,"Fora — компанія у сфері Ритейл. На сторінці можна переглянути відкриті факти, вакансії та анонімні відгуки користувачів.",needs_verification,false,rule-based neutral draft; review before publishing
forbes-ukraine,Forbes Ukraine,Media,,"Forbes Ukraine — компанія у сфері Media. На сторінці можна переглянути відкриті факти, вакансії та анонімні відгуки користувачів.",needs_verification,false,rule-based neutral draft; review before publishing
foxtrot,Foxtrot,Ритейл електроніки,Україна,"Foxtrot — компанія у сфері Ритейл електроніки. Компанія вказана з містом: Україна. На сторінці можна переглянути відкриті факти, вакансії та анонімні відгуки користувачів.",needs_verification,false,rule-based neutral draft; review before publishing
frinet,Frinet,Telecom,,"Frinet — компанія у сфері Telecom. На сторінці можна переглянути відкриті факти, вакансії та анонімні відгуки користувачів.",needs_verification,false,rule-based neutral draft; review before publishing
fujikura-automotive-ukraine-lviv,Fujikura Automotive Ukraine Lviv,Виробництво,,"Fujikura Automotive Ukraine Lviv — компанія у сфері Виробництво. На сторінці можна переглянути відкриті факти, вакансії та анонімні відгуки користувачів.",needs_verification,false,rule-based neutral draft; review before publishing
gastrofamily,GastroFamily,HoReCa,,"GastroFamily — компанія у сфері HoReCa. На сторінці можна переглянути відкриті факти, вакансії та анонімні відгуки користувачів.",needs_verification,false,rule-based neutral draft; review before publishing
genesis,Genesis,IT,,"Genesis — компанія у сфері IT. На сторінці можна переглянути відкриті факти, вакансії та анонімні відгуки користувачів.",needs_verification,false,rule-based neutral draft; review before publishing
genius-space,Genius Space,Освіта,,"Genius Space — компанія у сфері Освіта. На сторінці можна переглянути відкриті факти, вакансії та анонімні відгуки користувачів.",needs_verification,false,rule-based neutral draft; review before publishing
gfk-ukraine,GfK Ukraine,Консалтинг,,"GfK Ukraine — компанія у сфері Консалтинг. На сторінці можна переглянути відкриті факти, вакансії та анонімні відгуки користувачів.",needs_verification,false,rule-based neutral draft; review before publishing
gigatrans,GigaTrans,Telecom,,"GigaTrans — компанія у сфері Telecom. На сторінці можна переглянути відкриті факти, вакансії та анонімні відгуки користувачів.",needs_verification,false,rule-based neutral draft; review before publishing
global-bilgi,Global Bilgi,Послуги,Київ,"Global Bilgi — компанія у сфері Послуги. Компанія вказана з містом: Київ. На сторінці можна переглянути відкриті факти, вакансії та анонімні відгуки користувачів.",needs_verification,false,rule-based neutral draft; review before publishing
globallogic,GlobalLogic,IT,,"GlobalLogic — компанія у сфері IT. На сторінці можна переглянути відкриті факти, вакансії та анонімні відгуки користувачів.",needs_verification,false,rule-based neutral draft; review before publishing
globallogic-ukraine,GlobalLogic Ukraine,IT,Україна,"GlobalLogic Ukraine — компанія у сфері IT. Компанія вказана з містом: Україна. На сторінці можна переглянути відкриті факти, вакансії та анонімні відгуки користувачів.",needs_verification,false,rule-based neutral draft; review before publishing
glovo,Glovo,Логістика і доставка,Київ,"Glovo — компанія у сфері Логістика і доставка. Компанія вказана з містом: Київ. На сторінці можна переглянути відкриті факти, вакансії та анонімні відгуки користувачів.",needs_verification,false,rule-based neutral draft; review before publishing
glovo-ukraine,Glovo Ukraine,IT,,"Glovo Ukraine — компанія у сфері IT. На сторінці можна переглянути відкриті факти, вакансії та анонімні відгуки користувачів.",needs_verification,false,rule-based neutral draft; review before publishing
glovo-ukraina,Glovo Україна,Доставка,Україна,"Glovo Україна — компанія у сфері Доставка. Компанія вказана з містом: Україна. На сторінці можна переглянути відкриті факти, вакансії та анонімні відгуки користувачів.",needs_verification,false,rule-based neutral draft; review before publishing
goit,GoIT,Освіта,,"GoIT — компанія у сфері Освіта. На сторінці можна переглянути відкриті факти, вакансії та анонімні відгуки користувачів.",needs_verification,false,rule-based neutral draft; review before publishing
goodwine,GoodWine,Ритейл / HoReCa,Україна,"GoodWine — компанія у сфері Ритейл / HoReCa. Компанія вказана з містом: Україна. На сторінці можна переглянути відкриті факти, вакансії та анонімні відгуки користувачів.",needs_verification,false,rule-based neutral draft; review before publishing
grade-education-centre,Grade Education Centre,Освіта,,"Grade Education Centre — компанія у сфері Освіта. На сторінці можна переглянути відкриті факти, вакансії та анонімні відгуки користувачів.",needs_verification,false,rule-based neutral draft; review before publishing
gradus-research,Gradus Research,Консалтинг,,"Gradus Research — компанія у сфері Консалтинг. На сторінці можна переглянути відкриті факти, вакансії та анонімні відгуки користувачів.",needs_verification,false,rule-based neutral draft; review before publishing
grammarly,Grammarly,IT,,"Grammarly — компанія у сфері IT. На сторінці можна переглянути відкриті факти, вакансії та анонімні відгуки користувачів.",needs_verification,false,rule-based neutral draft; review before publishing
grammarly-ukraine,Grammarly Ukraine,IT,Україна,"Grammarly Ukraine — компанія у сфері IT. Компанія вказана з містом: Україна. На сторінці можна переглянути відкриті факти, вакансії та анонімні відгуки користувачів.",needs_verification,false,rule-based neutral draft; review before publishing
grant-thornton-ukraine,Grant Thornton Ukraine,Консалтинг,,"Grant Thornton Ukraine — компанія у сфері Консалтинг. На сторінці можна переглянути відкриті факти, вакансії та анонімні відгуки користувачів.",needs_verification,false,rule-based neutral draft; review before publishing
green-forest,Green Forest,Освіта,,"Green Forest — компанія у сфері Освіта. На сторінці можна переглянути відкриті факти, вакансії та анонімні відгуки користувачів.",needs_verification,false,rule-based neutral draft; review before publishing
greenville,Greenville,Нерухомість,,"Greenville — компанія у сфері Нерухомість. На сторінці можна переглянути відкриті факти, вакансії та анонімні відгуки користувачів.",needs_verification,false,rule-based neutral draft; review before publishing
gres-todorchuk,Gres Todorchuk,Media,,"Gres Todorchuk — компанія у сфері Media. На сторінці можна переглянути відкриті факти, вакансії та анонімні відгуки користувачів.",needs_verification,false,rule-based neutral draft; review before publishing
grid-dynamics-ukraine,Grid Dynamics Ukraine,IT,,"Grid Dynamics Ukraine — компанія у сфері IT. На сторінці можна переглянути відкриті факти, вакансії та анонімні відгуки користувачів.",needs_verification,false,rule-based neutral draft; review before publishing
harveast,HarvEast,Агро,,"HarvEast — компанія у сфері Агро. На сторінці можна переглянути відкриті факти, вакансії та анонімні відгуки користувачів.",needs_verification,false,rule-based neutral draft; review before publishing
headway,Headway,IT,,"Headway — компанія у сфері IT. На сторінці можна переглянути відкриті факти, вакансії та анонімні відгуки користувачів.",needs_verification,false,rule-based neutral draft; review before publishing
helsi,Helsi,Медицина,,"Helsi — компанія у сфері Медицина. На сторінці можна переглянути відкриті факти, вакансії та анонімні відгуки користувачів.",needs_verification,false,rule-based neutral draft; review before publishing
henkel-bautechnik-ukraine,Henkel Bautechnik Ukraine,Будівництво,,"Henkel Bautechnik Ukraine — компанія у сфері Будівництво. На сторінці можна переглянути відкриті факти, вакансії та анонімні відгуки користувачів.",needs_verification,false,rule-based neutral draft; review before publishing
henkel-ukraine,Henkel Ukraine,Виробництво,,"Henkel Ukraine — компанія у сфері Виробництво. На сторінці можна переглянути відкриті факти, вакансії та анонімні відгуки користувачів.",needs_verification,false,rule-based neutral draft; review before publishing
hillel-it-school,Hillel IT School,Освіта,,"Hillel IT School — компанія у сфері Освіта. На сторінці можна переглянути відкриті факти, вакансії та анонімні відгуки користувачів.",needs_verification,false,rule-based neutral draft; review before publishing
hillmont-partners,Hillmont Partners,Юридичні послуги,,"Hillmont Partners — компанія у сфері Юридичні послуги. На сторінці можна переглянути відкриті факти, вакансії та анонімні відгуки користувачів.",needs_verification,false,rule-based neutral draft; review before publishing
honda-ukraina,Honda Україна,Авто,,"Honda Україна — компанія у сфері Авто. На сторінці можна переглянути відкриті факти, вакансії та анонімні відгуки користувачів.",needs_verification,false,rule-based neutral draft; review before publishing
hotlineua,Hotline.ua,E-commerce,,"Hotline.ua — компанія у сфері E-commerce. На сторінці можна переглянути відкриті факти, вакансії та анонімні відгуки користувачів.",needs_verification,false,rule-based neutral draft; review before publishing
hromadske,Hromadske,Media,,"Hromadske — компанія у сфері Media. На сторінці можна переглянути відкриті факти, вакансії та анонімні відгуки користувачів.",needs_verification,false,rule-based neutral draft; review before publishing
hyundai-motor-ukraine,Hyundai Motor Ukraine,Авто,,"Hyundai Motor Ukraine — компанія у сфері Авто. На сторінці можна переглянути відкриті факти, вакансії та анонімні відгуки користувачів.",needs_verification,false,rule-based neutral draft; review before publishing
ictv,ICTV,Media,,"ICTV — компанія у сфері Media. На сторінці можна переглянути відкриті факти, вакансії та анонімні відгуки користувачів.",needs_verification,false,rule-based neutral draft; review before publishing
ids-ukraine,IDS Ukraine,FMCG,,"IDS Ukraine — компанія у сфері FMCG. На сторінці можна переглянути відкриті факти, вакансії та анонімні відгуки користувачів.",needs_verification,false,rule-based neutral draft; review before publishing
ilf,ILF,Юридичні послуги,,"ILF — компанія у сфері Юридичні послуги. На сторінці можна переглянути відкриті факти, вакансії та анонімні відгуки користувачів.",needs_verification,false,rule-based neutral draft; review before publishing
ilyashev-partners,Ilyashev & Partners,Юридичні послуги,,"Ilyashev & Partners — компанія у сфері Юридичні послуги. На сторінці можна переглянути відкриті факти, вакансії та анонімні відгуки користувачів.",needs_verification,false,rule-based neutral draft; review before publishing
imc,IMC,Агро,,"IMC — компанія у сфері Агро. На сторінці можна переглянути відкриті факти, вакансії та анонімні відгуки користувачів.",needs_verification,false,rule-based neutral draft; review before publishing
info-sapiens,Info Sapiens,Консалтинг,,"Info Sapiens — компанія у сфері Консалтинг. На сторінці можна переглянути відкриті факти, вакансії та анонімні відгуки користувачів.",needs_verification,false,rule-based neutral draft; review before publishing
infopulse,Infopulse,IT,,"Infopulse — компанія у сфері IT. На сторінці можна переглянути відкриті факти, вакансії та анонімні відгуки користувачів.",needs_verification,false,rule-based neutral draft; review before publishing
integrites,Integrites,Юридичні послуги,,"Integrites — компанія у сфері Юридичні послуги. На сторінці можна переглянути відкриті факти, вакансії та анонімні відгуки користувачів.",needs_verification,false,rule-based neutral draft; review before publishing
intellias,Intellias,IT,,"Intellias — компанія у сфері IT. На сторінці можна переглянути відкриті факти, вакансії та анонімні відгуки користувачів.",needs_verification,false,rule-based neutral draft; review before publishing
intersport-ukraine,Intersport Ukraine,Ритейл,,"Intersport Ukraine — компанія у сфері Ритейл. На сторінці можна переглянути відкриті факти, вакансії та анонімні відгуки користувачів.",needs_verification,false,rule-based neutral draft; review before publishing
intertop,Intertop,Ритейл,,"Intertop — компанія у сфері Ритейл. На сторінці можна переглянути відкриті факти, вакансії та анонімні відгуки користувачів.",needs_verification,false,rule-based neutral draft; review before publishing
into-sana,Into-Sana,Медицина,,"Into-Sana — компанія у сфері Медицина. На сторінці можна переглянути відкриті факти, вакансії та анонімні відгуки користувачів.",needs_verification,false,rule-based neutral draft; review before publishing
ipay-ua,iPay.ua,Банки і фінанси,,"iPay.ua — компанія у сфері Банки і фінанси. На сторінці можна переглянути відкриті факти, вакансії та анонімні відгуки користувачів.",needs_verification,false,rule-based neutral draft; review before publishing
itera-ukraine,Itera Ukraine,IT,,"Itera Ukraine — компанія у сфері IT. На сторінці можна переглянути відкриті факти, вакансії та анонімні відгуки користувачів.",needs_verification,false,rule-based neutral draft; review before publishing
jabil-ukraine,Jabil Ukraine,Виробництво,,"Jabil Ukraine — компанія у сфері Виробництво. На сторінці можна переглянути відкриті факти, вакансії та анонімні відгуки користувачів.",needs_verification,false,rule-based neutral draft; review before publishing
jooble,Jooble,IT,,"Jooble — компанія у сфері IT. На сторінці можна переглянути відкриті факти, вакансії та анонімні відгуки користувачів.",needs_verification,false,rule-based neutral draft; review before publishing
jti-ukraine,JTI Ukraine,FMCG,,"JTI Ukraine — компанія у сфері FMCG. На сторінці можна переглянути відкриті факти, вакансії та анонімні відгуки користувачів.",needs_verification,false,rule-based neutral draft; review before publishing
juscutum,Juscutum,Юридичні послуги,,"Juscutum — компанія у сфері Юридичні послуги. На сторінці можна переглянути відкриті факти, вакансії та анонімні відгуки користувачів.",needs_verification,false,rule-based neutral draft; review before publishing
justin,Justin,Логістика,,"Justin — компанія у сфері Логістика. На сторінці можна переглянути відкриті факти, вакансії та анонімні відгуки користувачів.",needs_verification,false,rule-based neutral draft; review before publishing
jysk,JYSK,Ритейл,,"JYSK — компанія у сфері Ритейл. На сторінці можна переглянути відкриті факти, вакансії та анонімні відгуки користувачів.",needs_verification,false,rule-based neutral draft; review before publishing
jysk-ukraina,JYSK Україна,Ритейл,Україна,"JYSK Україна — компанія у сфері Ритейл. Компанія вказана з містом: Україна. На сторінці можна переглянути відкриті факти, вакансії та анонімні відгуки користувачів.",needs_verification,false,rule-based neutral draft; review before publishing
kabanchikua,Kabanchik.ua,E-commerce,,"Kabanchik.ua — компанія у сфері E-commerce. На сторінці можна переглянути відкриті факти, вакансії та анонімні відгуки користувачів.",needs_verification,false,rule-based neutral draft; review before publishing
kabanchikua-services,Kabanchik.ua Services,Побутові послуги,,"Kabanchik.ua Services — компанія у сфері Побутові послуги. На сторінці можна переглянути відкриті факти, вакансії та анонімні відгуки користувачів.",needs_verification,false,rule-based neutral draft; review before publishing
kan-market,KAN Market,Нерухомість,,"KAN Market — компанія у сфері Нерухомість. На сторінці можна переглянути відкриті факти, вакансії та анонімні відгуки користувачів.",needs_verification,false,rule-based neutral draft; review before publishing
kantar-ukraine,Kantar Ukraine,Консалтинг,,"Kantar Ukraine — компанія у сфері Консалтинг. На сторінці можна переглянути відкриті факти, вакансії та анонімні відгуки користувачів.",needs_verification,false,rule-based neutral draft; review before publishing
kasta,Kasta,E-commerce,,"Kasta — компанія у сфері E-commerce. На сторінці можна переглянути відкриті факти, вакансії та анонімні відгуки користувачів.",needs_verification,false,rule-based neutral draft; review before publishing
kernel,Kernel,FMCG,,"Kernel — компанія у сфері FMCG. На сторінці можна переглянути відкриті факти, вакансії та анонімні відгуки користувачів.",needs_verification,false,rule-based neutral draft; review before publishing
kfc,KFC,Ресторани і фастфуд,,"KFC — компанія у сфері Ресторани і фастфуд. На сторінці можна переглянути відкриті факти, вакансії та анонімні відгуки користувачів.",needs_verification,false,rule-based neutral draft; review before publishing
kfc-ukraine,KFC Ukraine,HoReCa,,"KFC Ukraine — компанія у сфері HoReCa. На сторінці можна переглянути відкриті факти, вакансії та анонімні відгуки користувачів.",needs_verification,false,rule-based neutral draft; review before publishing
kfc-ukraina,KFC Україна,HoReCa,Україна,"KFC Україна — компанія у сфері HoReCa. Компанія вказана з містом: Україна. На сторінці можна переглянути відкриті факти, вакансії та анонімні відгуки користувачів.",needs_verification,false,rule-based neutral draft; review before publishing
kia-ukraine,Kia Ukraine,Авто,,"Kia Ukraine — компанія у сфері Авто. На сторінці можна переглянути відкриті факти, вакансії та анонімні відгуки користувачів.",needs_verification,false,rule-based neutral draft; review before publishing
kimberly-clark-ukraine,Kimberly-Clark Ukraine,Виробництво,,"Kimberly-Clark Ukraine — компанія у сфері Виробництво. На сторінці можна переглянути відкриті факти, вакансії та анонімні відгуки користувачів.",needs_verification,false,rule-based neutral draft; review before publishing
kindgeek,KindGeek,IT,,"KindGeek — компанія у сфері IT. На сторінці можна переглянути відкриті факти, вакансії та анонімні відгуки користувачів.",needs_verification,false,rule-based neutral draft; review before publishing
klo,KLO,АЗС,Україна,"KLO — компанія у сфері АЗС. Компанія вказана з містом: Україна. На сторінці можна переглянути відкриті факти, вакансії та анонімні відгуки користувачів.",needs_verification,false,rule-based neutral draft; review before publishing
klo-cafe,KLO Cafe,HoReCa,,"KLO Cafe — компанія у сфері HoReCa. На сторінці можна переглянути відкриті факти, вакансії та анонімні відгуки користувачів.",needs_verification,false,rule-based neutral draft; review before publishing
knauf-ukraine,Knauf Ukraine,Будівництво,,"Knauf Ukraine — компанія у сфері Будівництво. На сторінці можна переглянути відкриті факти, вакансії та анонімні відгуки користувачів.",needs_verification,false,rule-based neutral draft; review before publishing
kness,KNESS,Енергетика,,"KNESS — компанія у сфері Енергетика. На сторінці можна переглянути відкриті факти, вакансії та анонімні відгуки користувачів.",needs_verification,false,rule-based neutral draft; review before publishing
kormotech,Kormotech,FMCG,,"Kormotech — компанія у сфері FMCG. На сторінці можна переглянути відкриті факти, вакансії та анонімні відгуки користувачів.",needs_verification,false,rule-based neutral draft; review before publishing
kpmg-ukraine,KPMG Ukraine,Консалтинг,,"KPMG Ukraine — компанія у сфері Консалтинг. На сторінці можна переглянути відкриті факти, вакансії та анонімні відгуки користувачів.",needs_verification,false,rule-based neutral draft; review before publishing
kromberg-schubert-ukraine,Kromberg & Schubert Ukraine,Виробництво,,"Kromberg & Schubert Ukraine — компанія у сфері Виробництво. На сторінці можна переглянути відкриті факти, вакансії та анонімні відгуки користувачів.",needs_verification,false,rule-based neutral draft; review before publishing
kse-institute,KSE Institute,Освіта,,"KSE Institute — компанія у сфері Освіта. На сторінці можна переглянути відкриті факти, вакансії та анонімні відгуки користувачів.",needs_verification,false,rule-based neutral draft; review before publishing
kuehne-nagel-ukraine,Kuehne+Nagel Ukraine,Логістика,,"Kuehne+Nagel Ukraine — компанія у сфері Логістика. На сторінці можна переглянути відкриті факти, вакансії та анонімні відгуки користувачів.",needs_verification,false,rule-based neutral draft; review before publishing
kyivstar,Kyivstar,Telecom,,"Kyivstar — компанія у сфері Telecom. На сторінці можна переглянути відкриті факти, вакансії та анонімні відгуки користувачів.",needs_verification,false,rule-based neutral draft; review before publishing
kyivstar-tv,Kyivstar TV,Media,,"Kyivstar TV — компанія у сфері Media. На сторінці можна переглянути відкриті факти, вакансії та анонімні відгуки користувачів.",needs_verification,false,rule-based neutral draft; review before publishing
laba,Laba,Освіта,,"Laba — компанія у сфері Освіта. На сторінці можна переглянути відкриті факти, вакансії та анонімні відгуки користувачів.",needs_verification,false,rule-based neutral draft; review before publishing
laba-group,Laba Group,IT,,"Laba Group — компанія у сфері IT. На сторінці можна переглянути відкриті факти, вакансії та анонімні відгуки користувачів.",needs_verification,false,rule-based neutral draft; review before publishing
lactalis-ukraine,Lactalis Ukraine,FMCG,,"Lactalis Ukraine — компанія у сфері FMCG. На сторінці можна переглянути відкриті факти, вакансії та анонімні відгуки користувачів.",needs_verification,false,rule-based neutral draft; review before publishing
lanet,Lanet,Telecom,,"Lanet — компанія у сфері Telecom. На сторінці можна переглянути відкриті факти, вакансії та анонімні відгуки користувачів.",needs_verification,false,rule-based neutral draft; review before publishing
lc-waikiki-ukraine,LC Waikiki Ukraine,Ритейл,,"LC Waikiki Ukraine — компанія у сфері Ритейл. На сторінці можна переглянути відкриті факти, вакансії та анонімні відгуки користувачів.",needs_verification,false,rule-based neutral draft; review before publishing
lc-waikiki-ukraina,LC Waikiki Україна,Ритейл одягу,Україна,"LC Waikiki Україна — компанія у сфері Ритейл одягу. Компанія вказана з містом: Україна. На сторінці можна переглянути відкриті факти, вакансії та анонімні відгуки користувачів.",needs_verification,false,rule-based neutral draft; review before publishing
lcf-law-group,LCF Law Group,Юридичні послуги,,"LCF Law Group — компанія у сфері Юридичні послуги. На сторінці можна переглянути відкриті факти, вакансії та анонімні відгуки користувачів.",needs_verification,false,rule-based neutral draft; review before publishing
legal-house,Legal House,Юридичні послуги,,"Legal House — компанія у сфері Юридичні послуги. На сторінці можна переглянути відкриті факти, вакансії та анонімні відгуки користувачів.",needs_verification,false,rule-based neutral draft; review before publishing
leoni-wiring-systems-ua,Leoni Wiring Systems UA,Виробництво,,"Leoni Wiring Systems UA — компанія у сфері Виробництво. На сторінці можна переглянути відкриті факти, вакансії та анонімні відгуки користувачів.",needs_verification,false,rule-based neutral draft; review before publishing
levi9-ukraine,Levi9 Ukraine,IT,,"Levi9 Ukraine — компанія у сфері IT. На сторінці можна переглянути відкриті факти, вакансії та анонімні відгуки користувачів.",needs_verification,false,rule-based neutral draft; review before publishing
lexus-ukraina,Lexus Україна,Авто,,"Lexus Україна — компанія у сфері Авто. На сторінці можна переглянути відкриті факти, вакансії та анонімні відгуки користувачів.",needs_verification,false,rule-based neutral draft; review before publishing
lifecell,lifecell,Telecom,,"lifecell — компанія у сфері Telecom. На сторінці можна переглянути відкриті факти, вакансії та анонімні відгуки користувачів.",needs_verification,false,rule-based neutral draft; review before publishing
liganet,Liga.net,Media,,"Liga.net — компанія у сфері Media. На сторінці можна переглянути відкриті факти, вакансії та анонімні відгуки користувачів.",needs_verification,false,rule-based neutral draft; review before publishing
liki24,Liki24,E-commerce,,"Liki24 — компанія у сфері E-commerce. На сторінці можна переглянути відкриті факти, вакансії та анонімні відгуки користувачів.",needs_verification,false,rule-based neutral draft; review before publishing
limagrain-ukraine,Limagrain Ukraine,Агро,,"Limagrain Ukraine — компанія у сфері Агро. На сторінці можна переглянути відкриті факти, вакансії та анонімні відгуки користувачів.",needs_verification,false,rule-based neutral draft; review before publishing
liqpay,LiqPay,Банки і фінанси,,"LiqPay — компанія у сфері Банки і фінанси. На сторінці можна переглянути відкриті факти, вакансії та анонімні відгуки користувачів.",needs_verification,false,rule-based neutral draft; review before publishing
lnz-group,LNZ Group,Агро,,"LNZ Group — компанія у сфері Агро. На сторінці можна переглянути відкриті факти, вакансії та анонімні відгуки користувачів.",needs_verification,false,rule-based neutral draft; review before publishing
logistic-plus-ukraine,Logistic Plus Ukraine,Логістика,,"Logistic Plus Ukraine — компанія у сфері Логістика. На сторінці можна переглянути відкриті факти, вакансії та анонімні відгуки користувачів.",needs_verification,false,rule-based neutral draft; review before publishing
logos-it-academy,Logos IT Academy,Освіта,,"Logos IT Academy — компанія у сфері Освіта. На сторінці можна переглянути відкриті факти, вакансії та анонімні відгуки користувачів.",needs_verification,false,rule-based neutral draft; review before publishing
lohika,Lohika,IT,,"Lohika — компанія у сфері IT. На сторінці можна переглянути відкриті факти, вакансії та анонімні відгуки користувачів.",needs_verification,false,rule-based neutral draft; review before publishing
lun,LUN,E-commerce,,"LUN — компанія у сфері E-commerce. На сторінці можна переглянути відкриті факти, вакансії та анонімні відгуки користувачів.",needs_verification,false,rule-based neutral draft; review before publishing
luxoft,Luxoft,IT,,"Luxoft — компанія у сфері IT. На сторінці можна переглянути відкриті факти, вакансії та анонімні відгуки користувачів.",needs_verification,false,rule-based neutral draft; review before publishing
lviv-croissants,Lviv Croissants,HoReCa,,"Lviv Croissants — компанія у сфері HoReCa. На сторінці можна переглянути відкриті факти, вакансії та анонімні відгуки користувачів.",needs_verification,false,rule-based neutral draft; review before publishing
macpaw,MacPaw,IT,,"MacPaw — компанія у сфері IT. На сторінці можна переглянути відкриті факти, вакансії та анонімні відгуки користувачів.",needs_verification,false,rule-based neutral draft; review before publishing
mafia,Mafia,HoReCa,,"Mafia — компанія у сфері HoReCa. На сторінці можна переглянути відкриті факти, вакансії та анонімні відгуки користувачів.",needs_verification,false,rule-based neutral draft; review before publishing
main-academy,Main Academy,Освіта,,"Main Academy — компанія у сфері Освіта. На сторінці можна переглянути відкриті факти, вакансії та анонімні відгуки користувачів.",needs_verification,false,rule-based neutral draft; review before publishing
makeup,MakeUp,Ритейл,,"MakeUp — компанія у сфері Ритейл. На сторінці можна переглянути відкриті факти, вакансії та анонімні відгуки користувачів.",needs_verification,false,rule-based neutral draft; review before publishing
marchenko-partners,Marchenko Partners,Юридичні послуги,,"Marchenko Partners — компанія у сфері Юридичні послуги. На сторінці можна переглянути відкриті факти, вакансії та анонімні відгуки користувачів.",needs_verification,false,rule-based neutral draft; review before publishing
masterzoo,MasterZoo,Побутові послуги,,"MasterZoo — компанія у сфері Побутові послуги. На сторінці можна переглянути відкриті факти, вакансії та анонімні відгуки користувачів.",needs_verification,false,rule-based neutral draft; review before publishing
mate-academy,Mate academy,Освіта,,"Mate academy — компанія у сфері Освіта. На сторінці можна переглянути відкриті факти, вакансії та анонімні відгуки користувачів.",needs_verification,false,rule-based neutral draft; review before publishing
materialise-ukraine,Materialise Ukraine,IT,,"Materialise Ukraine — компанія у сфері IT. На сторінці можна переглянути відкриті факти, вакансії та анонімні відгуки користувачів.",needs_verification,false,rule-based neutral draft; review before publishing
mazars-ukraine,Mazars Ukraine,Консалтинг,,"Mazars Ukraine — компанія у сфері Консалтинг. На сторінці можна переглянути відкриті факти, вакансії та анонімні відгуки користувачів.",needs_verification,false,rule-based neutral draft; review before publishing
mctoday,MC.today,Media,,"MC.today — компанія у сфері Media. На сторінці можна переглянути відкриті факти, вакансії та анонімні відгуки користувачів.",needs_verification,false,rule-based neutral draft; review before publishing
mcdonalds,McDonald's,Ресторани і фастфуд,,"McDonald's — компанія у сфері Ресторани і фастфуд. На сторінці можна переглянути відкриті факти, вакансії та анонімні відгуки користувачів.",needs_verification,false,rule-based neutral draft; review before publishing
mcdonalds-ukraine,McDonald's Ukraine,HoReCa,,"McDonald's Ukraine — компанія у сфері HoReCa. На сторінці можна переглянути відкриті факти, вакансії та анонімні відгуки користувачів.",needs_verification,false,rule-based neutral draft; review before publishing
mcdonalds-ua,McDonald’s Україна,HoReCa,Україна,"McDonald’s Україна — компанія у сфері HoReCa. Компанія вказана з містом: Україна. На сторінці можна переглянути відкриті факти, вакансії та анонімні відгуки користувачів.",needs_verification,false,rule-based neutral draft; review before publishing
mckinsey-ukraine,McKinsey Ukraine,Консалтинг,,"McKinsey Ukraine — компанія у сфері Консалтинг. На сторінці можна переглянути відкриті факти, вакансії та анонімні відгуки користувачів.",needs_verification,false,rule-based neutral draft; review before publishing
meest,Meest,Логістика,,"Meest — компанія у сфері Логістика. На сторінці можна переглянути відкриті факти, вакансії та анонімні відгуки користувачів.",needs_verification,false,rule-based neutral draft; review before publishing
meest-poshta,Meest Пошта,Логістика,Україна,"Meest Пошта — компанія у сфері Логістика. Компанія вказана з містом: Україна. На сторінці можна переглянути відкриті факти, вакансії та анонімні відгуки користувачів.",needs_verification,false,rule-based neutral draft; review before publishing
megasport,Megasport,Ритейл,,"Megasport — компанія у сфері Ритейл. На сторінці можна переглянути відкриті факти, вакансії та анонімні відгуки користувачів.",needs_verification,false,rule-based neutral draft; review before publishing
megogo,Megogo,Media,,"Megogo — компанія у сфері Media. На сторінці можна переглянути відкриті факти, вакансії та анонімні відгуки користувачів.",needs_verification,false,rule-based neutral draft; review before publishing
menya-musashi-ukraine,Menya Musashi Ukraine,HoReCa,,"Menya Musashi Ukraine — компанія у сфері HoReCa. На сторінці можна переглянути відкриті факти, вакансії та анонімні відгуки користувачів.",needs_verification,false,rule-based neutral draft; review before publishing
mercedes-benz-ukraine,Mercedes-Benz Ukraine,Авто,,"Mercedes-Benz Ukraine — компанія у сфері Авто. На сторінці можна переглянути відкриті факти, вакансії та анонімні відгуки користувачів.",needs_verification,false,rule-based neutral draft; review before publishing
metro,Metro,Ритейл,,"Metro — компанія у сфері Ритейл. На сторінці можна переглянути відкриті факти, вакансії та анонімні відгуки користувачів.",needs_verification,false,rule-based neutral draft; review before publishing
metro-ukraina,Metro Україна,Ритейл,Україна,"Metro Україна — компанія у сфері Ритейл. Компанія вказана з містом: Україна. На сторінці можна переглянути відкриті факти, вакансії та анонімні відгуки користувачів.",needs_verification,false,rule-based neutral draft; review before publishing
milk-bar,Milk Bar,HoReCa,,"Milk Bar — компанія у сфері HoReCa. На сторінці можна переглянути відкриті факти, вакансії та анонімні відгуки користувачів.",needs_verification,false,rule-based neutral draft; review before publishing
miller-law-firm,Miller Law Firm,Юридичні послуги,,"Miller Law Firm — компанія у сфері Юридичні послуги. На сторінці можна переглянути відкриті факти, вакансії та анонімні відгуки користувачів.",needs_verification,false,rule-based neutral draft; review before publishing
miratech,Miratech,IT,,"Miratech — компанія у сфері IT. На сторінці можна переглянути відкриті факти, вакансії та анонімні відгуки користувачів.",needs_verification,false,rule-based neutral draft; review before publishing
mitsubishi-motors-ukraine,Mitsubishi Motors Ukraine,Авто,,"Mitsubishi Motors Ukraine — компанія у сфері Авто. На сторінці можна переглянути відкриті факти, вакансії та анонімні відгуки користувачів.",needs_verification,false,rule-based neutral draft; review before publishing
mlsdev,MLSDev,IT,,"MLSDev — компанія у сфері IT. На сторінці можна переглянути відкриті факти, вакансії та анонімні відгуки користувачів.",needs_verification,false,rule-based neutral draft; review before publishing
molfar,Molfar,Консалтинг,,"Molfar — компанія у сфері Консалтинг. На сторінці можна переглянути відкриті факти, вакансії та анонімні відгуки користувачів.",needs_verification,false,rule-based neutral draft; review before publishing
mondelez-ukraine,Mondelez Ukraine,FMCG,,"Mondelez Ukraine — компанія у сфері FMCG. На сторінці можна переглянути відкриті факти, вакансії та анонімні відгуки користувачів.",needs_verification,false,rule-based neutral draft; review before publishing
moneygram-ukraine,MoneyGram Ukraine,Банки і фінанси,,"MoneyGram Ukraine — компанія у сфері Банки і фінанси. На сторінці можна переглянути відкриті факти, вакансії та анонімні відгуки користувачів.",needs_verification,false,rule-based neutral draft; review before publishing
monobank,monobank,Банки і фінанси,,"monobank — компанія у сфері Банки і фінанси. На сторінці можна переглянути відкриті факти, вакансії та анонімні відгуки користувачів.",needs_verification,false,rule-based neutral draft; review before publishing
monobank-universal-bank,monobank / Universal Bank,Банки,Україна,"monobank / Universal Bank — компанія у сфері Банки. Компанія вказана з містом: Україна. На сторінці можна переглянути відкриті факти, вакансії та анонімні відгуки користувачів.",needs_verification,false,rule-based neutral draft; review before publishing
moyo,MOYO,Ритейл,,"MOYO — компанія у сфері Ритейл. На сторінці можна переглянути відкриті факти, вакансії та анонімні відгуки користувачів.",needs_verification,false,rule-based neutral draft; review before publishing
n-ix,N-iX,IT,,"N-iX — компанія у сфері IT. На сторінці можна переглянути відкриті факти, вакансії та анонімні відгуки користувачів.",needs_verification,false,rule-based neutral draft; review before publishing
nemiroff,Nemiroff,FMCG,,"Nemiroff — компанія у сфері FMCG. На сторінці можна переглянути відкриті факти, вакансії та анонімні відгуки користувачів.",needs_verification,false,rule-based neutral draft; review before publishing
nestle-ukraine,Nestle Ukraine,FMCG,,"Nestle Ukraine — компанія у сфері FMCG. На сторінці можна переглянути відкриті факти, вакансії та анонімні відгуки користувачів.",needs_verification,false,rule-based neutral draft; review before publishing
nestl-ukraine,Nestlé Ukraine,Виробництво,Україна,"Nestlé Ukraine — компанія у сфері Виробництво. Компанія вказана з містом: Україна. На сторінці можна переглянути відкриті факти, вакансії та анонімні відгуки користувачів.",needs_verification,false,rule-based neutral draft; review before publishing
netpeak,Netpeak,IT,,"Netpeak — компанія у сфері IT. На сторінці можна переглянути відкриті факти, вакансії та анонімні відгуки користувачів.",needs_verification,false,rule-based neutral draft; review before publishing
nielseniq-ukraine,NielsenIQ Ukraine,Консалтинг,,"NielsenIQ Ukraine — компанія у сфері Консалтинг. На сторінці можна переглянути відкриті факти, вакансії та анонімні відгуки користувачів.",needs_verification,false,rule-based neutral draft; review before publishing
nissan-ukraina,Nissan Україна,Авто,,"Nissan Україна — компанія у сфері Авто. На сторінці можна переглянути відкриті факти, вакансії та анонімні відгуки користувачів.",needs_verification,false,rule-based neutral draft; review before publishing
novapay,NovaPay,Банки і фінанси,,"NovaPay — компанія у сфері Банки і фінанси. На сторінці можна переглянути відкриті факти, вакансії та анонімні відгуки користувачів.",needs_verification,false,rule-based neutral draft; review before publishing
novus,Novus,Ритейл,,"Novus — компанія у сфері Ритейл. На сторінці можна переглянути відкриті факти, вакансії та анонімні відгуки користувачів.",needs_verification,false,rule-based neutral draft; review before publishing
novus-caf,Novus Café,HoReCa,Україна,"Novus Café — компанія у сфері HoReCa. Компанія вказана з містом: Україна. На сторінці можна переглянути відкриті факти, вакансії та анонімні відгуки користувачів.",needs_verification,false,rule-based neutral draft; review before publishing
nv,NV,Media,,"NV — компанія у сфері Media. На сторінці можна переглянути відкриті факти, вакансії та анонімні відгуки користувачів.",needs_verification,false,rule-based neutral draft; review before publishing
okko,OKKO,АЗС,Україна,"OKKO — компанія у сфері АЗС. Компанія вказана з містом: Україна. На сторінці можна переглянути відкриті факти, вакансії та анонімні відгуки користувачів.",needs_verification,false,rule-based neutral draft; review before publishing
olx,OLX,E-commerce,,"OLX — компанія у сфері E-commerce. На сторінці можна переглянути відкриті факти, вакансії та анонімні відгуки користувачів.",needs_verification,false,rule-based neutral draft; review before publishing
olx-auto,OLX Авто,Авто,,"OLX Авто — компанія у сфері Авто. На сторінці можна переглянути відкриті факти, вакансії та анонімні відгуки користувачів.",needs_verification,false,rule-based neutral draft; review before publishing
olx-ukraina,OLX Україна,E-commerce,Україна,"OLX Україна — компанія у сфері E-commerce. Компанія вказана з містом: Україна. На сторінці можна переглянути відкриті факти, вакансії та анонімні відгуки користувачів.",needs_verification,false,rule-based neutral draft; review before publishing
omega-telecom,Omega Telecom,Telecom,,"Omega Telecom — компанія у сфері Telecom. На сторінці можна переглянути відкриті факти, вакансії та анонімні відгуки користувачів.",needs_verification,false,rule-based neutral draft; review before publishing
optimeal,Optimeal,Побутові послуги,,"Optimeal — компанія у сфері Побутові послуги. На сторінці можна переглянути відкриті факти, вакансії та анонімні відгуки користувачів.",needs_verification,false,rule-based neutral draft; review before publishing
otp-bank,OTP Bank,Банки і фінанси,,"OTP Bank — компанія у сфері Банки і фінанси. На сторінці можна переглянути відкриті факти, вакансії та анонімні відгуки користувачів.",needs_verification,false,rule-based neutral draft; review before publishing
otp-bank-ukraina,OTP Bank Україна,Банки,Україна,"OTP Bank Україна — компанія у сфері Банки. Компанія вказана з містом: Україна. На сторінці можна переглянути відкриті факти, вакансії та анонімні відгуки користувачів.",needs_verification,false,rule-based neutral draft; review before publishing
oxford-medical,Oxford Medical,Медицина,,"Oxford Medical — компанія у сфері Медицина. На сторінці можна переглянути відкриті факти, вакансії та анонімні відгуки користувачів.",needs_verification,false,rule-based neutral draft; review before publishing
p2h,P2H,IT,,"P2H — компанія у сфері IT. На сторінці можна переглянути відкриті факти, вакансії та анонімні відгуки користувачів.",needs_verification,false,rule-based neutral draft; review before publishing
pakline-logistics,Pakline Logistics,Логістика,,"Pakline Logistics — компанія у сфері Логістика. На сторінці можна переглянути відкриті факти, вакансії та анонімні відгуки користувачів.",needs_verification,false,rule-based neutral draft; review before publishing
parimatch-tech,Parimatch Tech,IT,,"Parimatch Tech — компанія у сфері IT. На сторінці можна переглянути відкриті факти, вакансії та анонімні відгуки користувачів.",needs_verification,false,rule-based neutral draft; review before publishing
payoneer-ukraine,Payoneer Ukraine,Банки і фінанси,,"Payoneer Ukraine — компанія у сфері Банки і фінанси. На сторінці можна переглянути відкриті факти, вакансії та анонімні відгуки користувачів.",needs_verification,false,rule-based neutral draft; review before publishing
paypong-ua,PayPong.ua,Банки і фінанси,,"PayPong.ua — компанія у сфері Банки і фінанси. На сторінці можна переглянути відкриті факти, вакансії та анонімні відгуки користувачів.",needs_verification,false,rule-based neutral draft; review before publishing
peopleai,People.ai,IT,,"People.ai — компанія у сфері IT. На сторінці можна переглянути відкриті факти, вакансії та анонімні відгуки користувачів.",needs_verification,false,rule-based neutral draft; review before publishing
pepsico-ukraine,PepsiCo Ukraine,FMCG,,"PepsiCo Ukraine — компанія у сфері FMCG. На сторінці можна переглянути відкриті факти, вакансії та анонімні відгуки користувачів.",needs_verification,false,rule-based neutral draft; review before publishing
pepsico-ukraina,PepsiCo Україна,Виробництво,Київ,"PepsiCo Україна — компанія у сфері Виробництво. Компанія вказана з містом: Київ. На сторінці можна переглянути відкриті факти, вакансії та анонімні відгуки користувачів.",needs_verification,false,rule-based neutral draft; review before publishing
perfect-group,Perfect Group,Нерухомість,,"Perfect Group — компанія у сфері Нерухомість. На сторінці можна переглянути відкриті факти, вакансії та анонімні відгуки користувачів.",needs_verification,false,rule-based neutral draft; review before publishing
perfectial,Perfectial,IT,,"Perfectial — компанія у сфері IT. На сторінці можна переглянути відкриті факти, вакансії та анонімні відгуки користувачів.",needs_verification,false,rule-based neutral draft; review before publishing
petcube,Petcube,IT,,"Petcube — компанія у сфері IT. На сторінці можна переглянути відкриті факти, вакансії та анонімні відгуки користувачів.",needs_verification,false,rule-based neutral draft; review before publishing
peugeot-citroen-ukraine,Peugeot Citroen Ukraine,Авто,,"Peugeot Citroen Ukraine — компанія у сфері Авто. На сторінці можна переглянути відкриті факти, вакансії та анонімні відгуки користувачів.",needs_verification,false,rule-based neutral draft; review before publishing
philip-morris-ukraine,Philip Morris Ukraine,FMCG,,"Philip Morris Ukraine — компанія у сфері FMCG. На сторінці можна переглянути відкриті факти, вакансії та анонімні відгуки користувачів.",needs_verification,false,rule-based neutral draft; review before publishing
pizza-day,Pizza Day,HoReCa,,"Pizza Day — компанія у сфері HoReCa. На сторінці можна переглянути відкриті факти, вакансії та анонімні відгуки користувачів.",needs_verification,false,rule-based neutral draft; review before publishing
plarium-ukraine,Plarium Ukraine,IT,,"Plarium Ukraine — компанія у сфері IT. На сторінці можна переглянути відкриті факти, вакансії та анонімні відгуки користувачів.",needs_verification,false,rule-based neutral draft; review before publishing
playtika-ukraine,Playtika Ukraine,IT,,"Playtika Ukraine — компанія у сфері IT. На сторінці можна переглянути відкриті факти, вакансії та анонімні відгуки користувачів.",needs_verification,false,rule-based neutral draft; review before publishing
porsche-ukraine,Porsche Ukraine,Авто,,"Porsche Ukraine — компанія у сфері Авто. На сторінці можна переглянути відкриті факти, вакансії та анонімні відгуки користувачів.",needs_verification,false,rule-based neutral draft; review before publishing
portmone,Portmone,Банки і фінанси,,"Portmone — компанія у сфері Банки і фінанси. На сторінці можна переглянути відкриті факти, вакансії та анонімні відгуки користувачів.",needs_verification,false,rule-based neutral draft; review before publishing
postmen,Postmen,Media,,"Postmen — компанія у сфері Media. На сторінці можна переглянути відкриті факти, вакансії та анонімні відгуки користувачів.",needs_verification,false,rule-based neutral draft; review before publishing
preply,Preply,IT,,"Preply — компанія у сфері IT. На сторінці можна переглянути відкриті факти, вакансії та анонімні відгуки користувачів.",needs_verification,false,rule-based neutral draft; review before publishing
preply-business,Preply Business,IT,,"Preply Business — компанія у сфері IT. На сторінці можна переглянути відкриті факти, вакансії та анонімні відгуки користувачів.",needs_verification,false,rule-based neutral draft; review before publishing
pro-consulting,Pro-Consulting,Консалтинг,,"Pro-Consulting — компанія у сфері Консалтинг. На сторінці можна переглянути відкриті факти, вакансії та анонімні відгуки користувачів.",needs_verification,false,rule-based neutral draft; review before publishing
procter-gamble-ukraine,Procter & Gamble Ukraine,Виробництво,,"Procter & Gamble Ukraine — компанія у сфері Виробництво. На сторінці можна переглянути відкриті факти, вакансії та анонімні відгуки користувачів.",needs_verification,false,rule-based neutral draft; review before publishing
projector-institute,Projector Institute,Освіта,,"Projector Institute — компанія у сфері Освіта. На сторінці можна переглянути відкриті факти, вакансії та анонімні відгуки користувачів.",needs_verification,false,rule-based neutral draft; review before publishing
prom,Prom,E-commerce,Харків,"Prom — компанія у сфері E-commerce. Компанія вказана з містом: Харків. На сторінці можна переглянути відкриті факти, вакансії та анонімні відгуки користувачів.",needs_verification,false,rule-based neutral draft; review before publishing
prom-ua,Prom.ua,E-commerce,,"Prom.ua — компанія у сфері E-commerce. На сторінці можна переглянути відкриті факти, вакансії та анонімні відгуки користувачів.",needs_verification,false,rule-based neutral draft; review before publishing
prometheus,Prometheus,Освіта,,"Prometheus — компанія у сфері Освіта. На сторінці можна переглянути відкриті факти, вакансії та анонімні відгуки користувачів.",needs_verification,false,rule-based neutral draft; review before publishing
promodo-marketplace,Promodo Marketplace,E-commerce,,"Promodo Marketplace — компанія у сфері E-commerce. На сторінці можна переглянути відкриті факти, вакансії та анонімні відгуки користувачів.",needs_verification,false,rule-based neutral draft; review before publishing
prostor,Prostor,Ритейл,,"Prostor — компанія у сфері Ритейл. На сторінці можна переглянути відкриті факти, вакансії та анонімні відгуки користувачів.",needs_verification,false,rule-based neutral draft; review before publishing
pull-bear-ukraine,Pull&Bear Ukraine,Ритейл,,"Pull&Bear Ukraine — компанія у сфері Ритейл. На сторінці можна переглянути відкриті факти, вакансії та анонімні відгуки користувачів.",needs_verification,false,rule-based neutral draft; review before publishing
pwc-ukraine,PwC Ukraine,Консалтинг,,"PwC Ukraine — компанія у сфері Консалтинг. На сторінці можна переглянути відкриті факти, вакансії та анонімні відгуки користувачів.",needs_verification,false,rule-based neutral draft; review before publishing
pzu-ukraina,PZU Україна,Страхування,,"PZU Україна — компанія у сфері Страхування. На сторінці можна переглянути відкриті факти, вакансії та анонімні відгуки користувачів.",needs_verification,false,rule-based neutral draft; review before publishing
raben-ukraine,Raben Ukraine,Логістика,,"Raben Ukraine — компанія у сфері Логістика. На сторінці можна переглянути відкриті факти, вакансії та анонімні відгуки користувачів.",needs_verification,false,rule-based neutral draft; review before publishing
radio-nv,Radio NV,Media,,"Radio NV — компанія у сфері Media. На сторінці можна переглянути відкриті факти, вакансії та анонімні відгуки користувачів.",needs_verification,false,rule-based neutral draft; review before publishing
railsware,Railsware,IT,,"Railsware — компанія у сфері IT. На сторінці можна переглянути відкриті факти, вакансії та анонімні відгуки користувачів.",needs_verification,false,rule-based neutral draft; review before publishing
rakuten-viber-ukraine,Rakuten Viber Ukraine,IT,,"Rakuten Viber Ukraine — компанія у сфері IT. На сторінці можна переглянути відкриті факти, вакансії та анонімні відгуки користувачів.",needs_verification,false,rule-based neutral draft; review before publishing
ravon-ukraine,Ravon Ukraine,Авто,,"Ravon Ukraine — компанія у сфері Авто. На сторінці можна переглянути відкриті факти, вакансії та анонімні відгуки користувачів.",needs_verification,false,rule-based neutral draft; review before publishing
readdle,Readdle,IT,,"Readdle — компанія у сфері IT. На сторінці можна переглянути відкриті факти, вакансії та анонімні відгуки користувачів.",needs_verification,false,rule-based neutral draft; review before publishing
redcliffe-partners,Redcliffe Partners,Юридичні послуги,,"Redcliffe Partners — компанія у сфері Юридичні послуги. На сторінці можна переглянути відкриті факти, вакансії та анонімні відгуки користувачів.",needs_verification,false,rule-based neutral draft; review before publishing
reface,Reface,IT,,"Reface — компанія у сфері IT. На сторінці можна переглянути відкриті факти, вакансії та анонімні відгуки користувачів.",needs_verification,false,rule-based neutral draft; review before publishing
rehau-ukraine,Rehau Ukraine,Будівництво,,"Rehau Ukraine — компанія у сфері Будівництво. На сторінці можна переглянути відкриті факти, вакансії та анонімні відгуки користувачів.",needs_verification,false,rule-based neutral draft; review before publishing
renault-ukraina,Renault Україна,Авто,,"Renault Україна — компанія у сфері Авто. На сторінці можна переглянути відкриті факти, вакансії та анонімні відгуки користувачів.",needs_verification,false,rule-based neutral draft; review before publishing
reserved-ukraine,Reserved Ukraine,Ритейл,,"Reserved Ukraine — компанія у сфері Ритейл. На сторінці можна переглянути відкриті факти, вакансії та анонімні відгуки користувачів.",needs_verification,false,rule-based neutral draft; review before publishing
ria-com,RIA.com,E-commerce,,"RIA.com — компанія у сфері E-commerce. На сторінці можна переглянути відкриті факти, вакансії та анонімні відгуки користувачів.",needs_verification,false,rule-based neutral draft; review before publishing
ringoo,Ringoo,Ритейл,,"Ringoo — компанія у сфері Ритейл. На сторінці можна переглянути відкриті факти, вакансії та анонімні відгуки користувачів.",needs_verification,false,rule-based neutral draft; review before publishing
ringostat,Ringostat,IT,Київ,"Ringostat — компанія у сфері IT. Компанія вказана з містом: Київ. На сторінці можна переглянути відкриті факти, вакансії та анонімні відгуки користувачів.",needs_verification,false,rule-based neutral draft; review before publishing
robot-dreams,Robot Dreams,Освіта,,"Robot Dreams — компанія у сфері Освіта. На сторінці можна переглянути відкриті факти, вакансії та анонімні відгуки користувачів.",needs_verification,false,rule-based neutral draft; review before publishing
robotaua,Robota.ua,Media,,"Robota.ua — компанія у сфері Media. На сторінці можна переглянути відкриті факти, вакансії та анонімні відгуки користувачів.",needs_verification,false,rule-based neutral draft; review before publishing
roche-ukraine,Roche Ukraine,Фармацевтика,,"Roche Ukraine — компанія у сфері Фармацевтика. На сторінці можна переглянути відкриті факти, вакансії та анонімні відгуки користувачів.",needs_verification,false,rule-based neutral draft; review before publishing
roll-club,Roll Club,HoReCa,,"Roll Club — компанія у сфері HoReCa. На сторінці можна переглянути відкриті факти, вакансії та анонімні відгуки користувачів.",needs_verification,false,rule-based neutral draft; review before publishing
roshen,Roshen,FMCG,,"Roshen — компанія у сфері FMCG. На сторінці можна переглянути відкриті факти, вакансії та анонімні відгуки користувачів.",needs_verification,false,rule-based neutral draft; review before publishing
royal-service-ukraine,Royal Service Ukraine,Побутові послуги,,"Royal Service Ukraine — компанія у сфері Побутові послуги. На сторінці можна переглянути відкриті факти, вакансії та анонімні відгуки користувачів.",needs_verification,false,rule-based neutral draft; review before publishing
rozetka,Rozetka,Ритейл,,"Rozetka — компанія у сфері Ритейл. На сторінці можна переглянути відкриті факти, вакансії та анонімні відгуки користувачів.",needs_verification,false,rule-based neutral draft; review before publishing
rozetkapay,RozetkaPay,E-commerce,,"RozetkaPay — компанія у сфері E-commerce. На сторінці можна переглянути відкриті факти, вакансії та анонімні відгуки користувачів.",needs_verification,false,rule-based neutral draft; review before publishing
saga-development,SAGA Development,Нерухомість,,"SAGA Development — компанія у сфері Нерухомість. На сторінці можна переглянути відкриті факти, вакансії та анонімні відгуки користувачів.",needs_verification,false,rule-based neutral draft; review before publishing
saint-gobain-ukraine,Saint-Gobain Ukraine,Будівництво,,"Saint-Gobain Ukraine — компанія у сфері Будівництво. На сторінці можна переглянути відкриті факти, вакансії та анонімні відгуки користувачів.",needs_verification,false,rule-based neutral draft; review before publishing
salateira,Salateira,HoReCa,,"Salateira — компанія у сфері HoReCa. На сторінці можна переглянути відкриті факти, вакансії та анонімні відгуки користувачів.",needs_verification,false,rule-based neutral draft; review before publishing
samsung-r-d-institute-ukraine,Samsung R&D Institute Ukraine,IT,,"Samsung R&D Institute Ukraine — компанія у сфері IT. На сторінці можна переглянути відкриті факти, вакансії та анонімні відгуки користувачів.",needs_verification,false,rule-based neutral draft; review before publishing
sandora,Sandora,FMCG,,"Sandora — компанія у сфері FMCG. На сторінці можна переглянути відкриті факти, вакансії та анонімні відгуки користувачів.",needs_verification,false,rule-based neutral draft; review before publishing
sandoz-ukraine,Sandoz Ukraine,Фармацевтика,,"Sandoz Ukraine — компанія у сфері Фармацевтика. На сторінці можна переглянути відкриті факти, вакансії та анонімні відгуки користувачів.",needs_verification,false,rule-based neutral draft; review before publishing
sanofi-ukraine,Sanofi Ukraine,Фармацевтика,,"Sanofi Ukraine — компанія у сфері Фармацевтика. На сторінці можна переглянути відкриті факти, вакансії та анонімні відгуки користувачів.",needs_verification,false,rule-based neutral draft; review before publishing
sat,SAT,Логістика,,"SAT — компанія у сфері Логістика. На сторінці можна переглянути відкриті факти, вакансії та анонімні відгуки користувачів.",needs_verification,false,rule-based neutral draft; review before publishing
sayenko-kharenko,Sayenko Kharenko,Юридичні послуги,,"Sayenko Kharenko — компанія у сфері Юридичні послуги. На сторінці можна переглянути відкриті факти, вакансії та анонімні відгуки користувачів.",needs_verification,false,rule-based neutral draft; review before publishing
scatec-ukraine,Scatec Ukraine,Енергетика,,"Scatec Ukraine — компанія у сфері Енергетика. На сторінці можна переглянути відкриті факти, вакансії та анонімні відгуки користувачів.",needs_verification,false,rule-based neutral draft; review before publishing
security-holding-ukraine,Security Holding Ukraine,Безпека,,"Security Holding Ukraine — компанія у сфері Безпека. На сторінці можна переглянути відкриті факти, вакансії та анонімні відгуки користувачів.",needs_verification,false,rule-based neutral draft; review before publishing
sense-bank,Sense Bank,Банки і фінанси,,"Sense Bank — компанія у сфері Банки і фінанси. На сторінці можна переглянути відкриті факти, вакансії та анонімні відгуки користувачів.",needs_verification,false,rule-based neutral draft; review before publishing
seven-hills,Seven Hills,Нерухомість,,"Seven Hills — компанія у сфері Нерухомість. На сторінці можна переглянути відкриті факти, вакансії та анонімні відгуки користувачів.",needs_verification,false,rule-based neutral draft; review before publishing
shafa,Shafa,E-commerce,,"Shafa — компанія у сфері E-commerce. На сторінці можна переглянути відкриті факти, вакансії та анонімні відгуки користувачів.",needs_verification,false,rule-based neutral draft; review before publishing
shell,Shell,АЗС і авто,,"Shell — компанія у сфері АЗС і авто. На сторінці можна переглянути відкриті факти, вакансії та анонімні відгуки користувачів.",needs_verification,false,rule-based neutral draft; review before publishing
shell-ukraina,Shell Україна,АЗС,Україна,"Shell Україна — компанія у сфері АЗС. Компанія вказана з містом: Україна. На сторінці можна переглянути відкриті факти, вакансії та анонімні відгуки користувачів.",needs_verification,false,rule-based neutral draft; review before publishing
sheriff,Sheriff,Безпека,,"Sheriff — компанія у сфері Безпека. На сторінці можна переглянути відкриті факти, вакансії та анонімні відгуки користувачів.",needs_verification,false,rule-based neutral draft; review before publishing
sheriffs,Sheriffs,Охорона,Київ,"Sheriffs — компанія у сфері Охорона. Компанія вказана з містом: Київ. На сторінці можна переглянути відкриті факти, вакансії та анонімні відгуки користувачів.",needs_verification,false,rule-based neutral draft; review before publishing
sigma-software,Sigma Software,IT,,"Sigma Software — компанія у сфері IT. На сторінці можна переглянути відкриті факти, вакансії та анонімні відгуки користувачів.",needs_verification,false,rule-based neutral draft; review before publishing
sika-ukraine,Sika Ukraine,Будівництво,,"Sika Ukraine — компанія у сфері Будівництво. На сторінці можна переглянути відкриті факти, вакансії та анонімні відгуки користувачів.",needs_verification,false,rule-based neutral draft; review before publishing
sinsay-ukraine,Sinsay Ukraine,Ритейл,,"Sinsay Ukraine — компанія у сфері Ритейл. На сторінці можна переглянути відкриті факти, вакансії та анонімні відгуки користувачів.",needs_verification,false,rule-based neutral draft; review before publishing
skoda-ukraine,Skoda Ukraine,Авто,,"Skoda Ukraine — компанія у сфері Авто. На сторінці можна переглянути відкриті факти, вакансії та анонімні відгуки користувачів.",needs_verification,false,rule-based neutral draft; review before publishing
skvot,Skvot,Освіта,,"Skvot — компанія у сфері Освіта. На сторінці можна переглянути відкриті факти, вакансії та анонімні відгуки користувачів.",needs_verification,false,rule-based neutral draft; review before publishing
skylum,Skylum,IT,,"Skylum — компанія у сфері IT. На сторінці можна переглянути відкриті факти, вакансії та анонімні відгуки користувачів.",needs_verification,false,rule-based neutral draft; review before publishing
skyup-airlines,SkyUp Airlines,Авіація,Україна,"SkyUp Airlines — компанія у сфері Авіація. Компанія вказана з містом: Україна. На сторінці можна переглянути відкриті факти, вакансії та анонімні відгуки користувачів.",needs_verification,false,rule-based neutral draft; review before publishing
smart-business,SMART business,Консалтинг,,"SMART business — компанія у сфері Консалтинг. На сторінці можна переглянути відкриті факти, вакансії та анонімні відгуки користувачів.",needs_verification,false,rule-based neutral draft; review before publishing
snack-production,Snack Production,FMCG,,"Snack Production — компанія у сфері FMCG. На сторінці можна переглянути відкриті факти, вакансії та анонімні відгуки користувачів.",needs_verification,false,rule-based neutral draft; review before publishing
socar,SOCAR,АЗС і авто,,"SOCAR — компанія у сфері АЗС і авто. На сторінці можна переглянути відкриті факти, вакансії та анонімні відгуки користувачів.",needs_verification,false,rule-based neutral draft; review before publishing
socar-ukraina,SOCAR Україна,АЗС,Україна,"SOCAR Україна — компанія у сфері АЗС. Компанія вказана з містом: Україна. На сторінці можна переглянути відкриті факти, вакансії та анонімні відгуки користувачів.",needs_verification,false,rule-based neutral draft; review before publishing
softengi,Softengi,IT,,"Softengi — компанія у сфері IT. На сторінці можна переглянути відкриті факти, вакансії та анонімні відгуки користувачів.",needs_verification,false,rule-based neutral draft; review before publishing
softserve,SoftServe,IT,,"SoftServe — компанія у сфері IT. На сторінці можна переглянути відкриті факти, вакансії та анонімні відгуки користувачів.",needs_verification,false,rule-based neutral draft; review before publishing
source-it,Source IT,Освіта,,"Source IT — компанія у сфері Освіта. На сторінці можна переглянути відкриті факти, вакансії та анонімні відгуки користувачів.",needs_verification,false,rule-based neutral draft; review before publishing
spd-technology,SPD Technology,IT,,"SPD Technology — компанія у сфері IT. На сторінці можна переглянути відкриті факти, вакансії та анонімні відгуки користувачів.",needs_verification,false,rule-based neutral draft; review before publishing
sportbank,Sportbank,Банки і фінанси,,"Sportbank — компанія у сфері Банки і фінанси. На сторінці можна переглянути відкриті факти, вакансії та анонімні відгуки користувачів.",needs_verification,false,rule-based neutral draft; review before publishing
squad,SQUAD,IT,,"SQUAD — компанія у сфері IT. На сторінці можна переглянути відкриті факти, вакансії та анонімні відгуки користувачів.",needs_verification,false,rule-based neutral draft; review before publishing
starlight-media,Starlight Media,Media,,"Starlight Media — компанія у сфері Media. На сторінці можна переглянути відкриті факти, вакансії та анонімні відгуки користувачів.",needs_verification,false,rule-based neutral draft; review before publishing
stellantis-ukraine,Stellantis Ukraine,Авто,,"Stellantis Ukraine — компанія у сфері Авто. На сторінці можна переглянути відкриті факти, вакансії та анонімні відгуки користувачів.",needs_verification,false,rule-based neutral draft; review before publishing
stolitsa-group,Stolitsa Group,Нерухомість,,"Stolitsa Group — компанія у сфері Нерухомість. На сторінці можна переглянути відкриті факти, вакансії та анонімні відгуки користувачів.",needs_verification,false,rule-based neutral draft; review before publishing
study-academy,Study Academy,Освіта,,"Study Academy — компанія у сфері Освіта. На сторінці можна переглянути відкриті факти, вакансії та анонімні відгуки користувачів.",needs_verification,false,rule-based neutral draft; review before publishing
subaru-ukraine,Subaru Ukraine,Авто,,"Subaru Ukraine — компанія у сфері Авто. На сторінці можна переглянути відкриті факти, вакансії та анонімні відгуки користувачів.",needs_verification,false,rule-based neutral draft; review before publishing
supportyourapp,SupportYourApp,Послуги,Київ,"SupportYourApp — компанія у сфері Послуги. Компанія вказана з містом: Київ. На сторінці можна переглянути відкриті факти, вакансії та анонімні відгуки користувачів.",needs_verification,false,rule-based neutral draft; review before publishing
supramarine,Supramarine,Побутові послуги,,"Supramarine — компанія у сфері Побутові послуги. На сторінці можна переглянути відкриті факти, вакансії та анонімні відгуки користувачів.",needs_verification,false,rule-based neutral draft; review before publishing
sushi-master,Sushi Master,HoReCa,,"Sushi Master — компанія у сфері HoReCa. На сторінці можна переглянути відкриті факти, вакансії та анонімні відгуки користувачів.",needs_verification,false,rule-based neutral draft; review before publishing
suzuki-ukraine,Suzuki Ukraine,Авто,,"Suzuki Ukraine — компанія у сфері Авто. На сторінці можна переглянути відкриті факти, вакансії та анонімні відгуки користувачів.",needs_verification,false,rule-based neutral draft; review before publishing
svitla-systems,Svitla Systems,IT,,"Svitla Systems — компанія у сфері IT. На сторінці можна переглянути відкриті факти, вакансії та анонімні відгуки користувачів.",needs_verification,false,rule-based neutral draft; review before publishing
sweettv,Sweet.tv,Media,,"Sweet.tv — компанія у сфері Media. На сторінці можна переглянути відкриті факти, вакансії та анонімні відгуки користувачів.",needs_verification,false,rule-based neutral draft; review before publishing
syngenta-ukraine,Syngenta Ukraine,Агро,,"Syngenta Ukraine — компанія у сфері Агро. На сторінці можна переглянути відкриті факти, вакансії та анонімні відгуки користувачів.",needs_verification,false,rule-based neutral draft; review before publishing
tabletkiua,Tabletki.ua,E-commerce,,"Tabletki.ua — компанія у сфері E-commerce. На сторінці можна переглянути відкриті факти, вакансії та анонімні відгуки користувачів.",needs_verification,false,rule-based neutral draft; review before publishing
tarantino-family,Tarantino Family,HoReCa,,"Tarantino Family — компанія у сфері HoReCa. На сторінці можна переглянути відкриті факти, вакансії та анонімні відгуки користувачів.",needs_verification,false,rule-based neutral draft; review before publishing
taryan-group,Taryan Group,Нерухомість,,"Taryan Group — компанія у сфері Нерухомість. На сторінці можна переглянути відкриті факти, вакансії та анонімні відгуки користувачів.",needs_verification,false,rule-based neutral draft; review before publishing
tas-agro,TAS Agro,Агро,,"TAS Agro — компанія у сфері Агро. На сторінці можна переглянути відкриті факти, вакансії та анонімні відгуки користувачів.",needs_verification,false,rule-based neutral draft; review before publishing
tascombank,Tascombank,Банки,Україна,"Tascombank — компанія у сфері Банки. Компанія вказана з містом: Україна. На сторінці можна переглянути відкриті факти, вакансії та анонімні відгуки користувачів.",needs_verification,false,rule-based neutral draft; review before publishing
tenet,Tenet,Telecom,,"Tenet — компанія у сфері Telecom. На сторінці можна переглянути відкриті факти, вакансії та анонімні відгуки користувачів.",needs_verification,false,rule-based neutral draft; review before publishing
creatio,Terrasoft / Creatio,IT,,"Terrasoft / Creatio — компанія у сфері IT. На сторінці можна переглянути відкриті факти, вакансії та анонімні відгуки користувачів.",needs_verification,false,rule-based neutral draft; review before publishing
terrasoft-consulting,Terrasoft Consulting,Консалтинг,,"Terrasoft Consulting — компанія у сфері Консалтинг. На сторінці можна переглянути відкриті факти, вакансії та анонімні відгуки користувачів.",needs_verification,false,rule-based neutral draft; review before publishing
teva-ukraine,Teva Ukraine,Фармацевтика,,"Teva Ukraine — компанія у сфері Фармацевтика. На сторінці можна переглянути відкриті факти, вакансії та анонімні відгуки користувачів.",needs_verification,false,rule-based neutral draft; review before publishing
the-village-ukraina,The Village Україна,Media,,"The Village Україна — компанія у сфері Media. На сторінці можна переглянути відкриті факти, вакансії та анонімні відгуки користувачів.",needs_verification,false,rule-based neutral draft; review before publishing
this-is-pivbar,This is Pivbar,HoReCa,,"This is Pivbar — компанія у сфері HoReCa. На сторінці можна переглянути відкриті факти, вакансії та анонімні відгуки користувачів.",needs_verification,false,rule-based neutral draft; review before publishing
thrash-trash,Thrash! Траш,Ритейл,,"Thrash! Траш — компанія у сфері Ритейл. На сторінці можна переглянути відкриті факти, вакансії та анонімні відгуки користувачів.",needs_verification,false,rule-based neutral draft; review before publishing
ticketsua,Tickets.ua,E-commerce,,"Tickets.ua — компанія у сфері E-commerce. На сторінці можна переглянути відкриті факти, вакансії та анонімні відгуки користувачів.",needs_verification,false,rule-based neutral draft; review before publishing
toyota-ukraina,Toyota Україна,Авто,,"Toyota Україна — компанія у сфері Авто. На сторінці можна переглянути відкриті факти, вакансії та анонімні відгуки користувачів.",needs_verification,false,rule-based neutral draft; review before publishing
trans-logistics-ukraine,Trans Logistics Ukraine,Логістика,,"Trans Logistics Ukraine — компанія у сфері Логістика. На сторінці можна переглянути відкриті факти, вакансії та анонімні відгуки користувачів.",needs_verification,false,rule-based neutral draft; review before publishing
triolan,Triolan,Telecom,,"Triolan — компанія у сфері Telecom. На сторінці можна переглянути відкриті факти, вакансії та анонімні відгуки користувачів.",needs_verification,false,rule-based neutral draft; review before publishing
tripmydream,TripMyDream,E-commerce,,"TripMyDream — компанія у сфері E-commerce. На сторінці можна переглянути відкриті факти, вакансії та анонімні відгуки користувачів.",needs_verification,false,rule-based neutral draft; review before publishing
trusted-advisors,Trusted Advisors,Юридичні послуги,,"Trusted Advisors — компанія у сфері Юридичні послуги. На сторінці можна переглянути відкриті факти, вакансії та анонімні відгуки користувачів.",needs_verification,false,rule-based neutral draft; review before publishing
ubisoft-kyiv,Ubisoft Kyiv,IT,,"Ubisoft Kyiv — компанія у сфері IT. На сторінці можна переглянути відкриті факти, вакансії та анонімні відгуки користувачів.",needs_verification,false,rule-based neutral draft; review before publishing
udp,UDP,Нерухомість,,"UDP — компанія у сфері Нерухомість. На сторінці можна переглянути відкриті факти, вакансії та анонімні відгуки користувачів.",needs_verification,false,rule-based neutral draft; review before publishing
udp-renewables,UDP Renewables,Енергетика,,"UDP Renewables — компанія у сфері Енергетика. На сторінці можна переглянути відкриті факти, вакансії та анонімні відгуки користувачів.",needs_verification,false,rule-based neutral draft; review before publishing
uhl-mash,UHL-MASH,Виробництво,,"UHL-MASH — компанія у сфері Виробництво. На сторінці можна переглянути відкриті факти, вакансії та анонімні відгуки користувачів.",needs_verification,false,rule-based neutral draft; review before publishing
uklon,Uklon,IT,,"Uklon — компанія у сфері IT. На сторінці можна переглянути відкриті факти, вакансії та анонімні відгуки користувачів.",needs_verification,false,rule-based neutral draft; review before publishing
ukr-china-communication,Ukr-China Communication,Логістика,,"Ukr-China Communication — компанія у сфері Логістика. На сторінці можна переглянути відкриті факти, вакансії та анонімні відгуки користувачів.",needs_verification,false,rule-based neutral draft; review before publishing
ukravit,Ukravit,Агро,,"Ukravit — компанія у сфері Агро. На сторінці можна переглянути відкриті факти, вакансії та анонімні відгуки користувачів.",needs_verification,false,rule-based neutral draft; review before publishing
ukrlandfarming,UkrLandFarming,Агро,,"UkrLandFarming — компанія у сфері Агро. На сторінці можна переглянути відкриті факти, вакансії та анонімні відгуки користувачів.",needs_verification,false,rule-based neutral draft; review before publishing
unicall,UniCall,Послуги,Київ,"UniCall — компанія у сфері Послуги. Компанія вказана з містом: Київ. На сторінці можна переглянути відкриті факти, вакансії та анонімні відгуки користувачів.",needs_verification,false,rule-based neutral draft; review before publishing
unilever-ukraine,Unilever Ukraine,Виробництво,,"Unilever Ukraine — компанія у сфері Виробництво. На сторінці можна переглянути відкриті факти, вакансії та анонімні відгуки користувачів.",needs_verification,false,rule-based neutral draft; review before publishing
uniqa-ukraina,UNIQA Україна,Страхування,,"UNIQA Україна — компанія у сфері Страхування. На сторінці можна переглянути відкриті факти, вакансії та анонімні відгуки користувачів.",needs_verification,false,rule-based neutral draft; review before publishing
upg,UPG,АЗС,Україна,"UPG — компанія у сфері АЗС. Компанія вказана з містом: Україна. На сторінці можна переглянути відкриті факти, вакансії та анонімні відгуки користувачів.",needs_verification,false,rule-based neutral draft; review before publishing
uvk,UVK,Логістика,,"UVK — компанія у сфері Логістика. На сторінці можна переглянути відкриті факти, вакансії та анонімні відгуки користувачів.",needs_verification,false,rule-based neutral draft; review before publishing
valtech-ukraine,Valtech Ukraine,IT,,"Valtech Ukraine — компанія у сфері IT. На сторінці можна переглянути відкриті факти, вакансії та анонімні відгуки користувачів.",needs_verification,false,rule-based neutral draft; review before publishing
varus,Varus,Ритейл,,"Varus — компанія у сфері Ритейл. На сторінці можна переглянути відкриті факти, вакансії та анонімні відгуки користувачів.",needs_verification,false,rule-based neutral draft; review before publishing
vasil-kisil-partners,Vasil Kisil & Partners,Юридичні послуги,,"Vasil Kisil & Partners — компанія у сфері Юридичні послуги. На сторінці можна переглянути відкриті факти, вакансії та анонімні відгуки користувачів.",needs_verification,false,rule-based neutral draft; review before publishing
vb-partners,VB Partners,Юридичні послуги,,"VB Partners — компанія у сфері Юридичні послуги. На сторінці можна переглянути відкриті факти, вакансії та анонімні відгуки користувачів.",needs_verification,false,rule-based neutral draft; review before publishing
vector,Vector,Media,,"Vector — компанія у сфері Media. На сторінці можна переглянути відкриті факти, вакансії та анонімні відгуки користувачів.",needs_verification,false,rule-based neutral draft; review before publishing
vega,Vega,Телеком,Харків,"Vega — компанія у сфері Телеком. Компанія вказана з містом: Харків. На сторінці можна переглянути відкриті факти, вакансії та анонімні відгуки користувачів.",needs_verification,false,rule-based neutral draft; review before publishing
vega-telecom,Vega Telecom,Telecom,,"Vega Telecom — компанія у сфері Telecom. На сторінці можна переглянути відкриті факти, вакансії та анонімні відгуки користувачів.",needs_verification,false,rule-based neutral draft; review before publishing
venbest,Venbest,Безпека,,"Venbest — компанія у сфері Безпека. На сторінці можна переглянути відкриті факти, вакансії та анонімні відгуки користувачів.",needs_verification,false,rule-based neutral draft; review before publishing
veterano-pizza,Veterano Pizza,HoReCa,,"Veterano Pizza — компанія у сфері HoReCa. На сторінці можна переглянути відкриті факти, вакансії та анонімні відгуки користувачів.",needs_verification,false,rule-based neutral draft; review before publishing
vidi,Vidi,Авто,,"Vidi — компанія у сфері Авто. На сторінці можна переглянути відкриті факти, вакансії та анонімні відгуки користувачів.",needs_verification,false,rule-based neutral draft; review before publishing
vitagro,VITAGRO,Агро,,"VITAGRO — компанія у сфері Агро. На сторінці можна переглянути відкриті факти, вакансії та анонімні відгуки користувачів.",needs_verification,false,rule-based neutral draft; review before publishing
vodafone-ukraina,Vodafone Україна,Telecom,,"Vodafone Україна — компанія у сфері Telecom. На сторінці можна переглянути відкриті факти, вакансії та анонімні відгуки користувачів.",needs_verification,false,rule-based neutral draft; review before publishing
volia,Volia,Telecom,,"Volia — компанія у сфері Telecom. На сторінці можна переглянути відкриті факти, вакансії та анонімні відгуки користувачів.",needs_verification,false,rule-based neutral draft; review before publishing
volkswagen-ukraine,Volkswagen Ukraine,Авто,,"Volkswagen Ukraine — компанія у сфері Авто. На сторінці можна переглянути відкриті факти, вакансії та анонімні відгуки користувачів.",needs_verification,false,rule-based neutral draft; review before publishing
volvo-ukraine,Volvo Ukraine,Авто,,"Volvo Ukraine — компанія у сфері Авто. На сторінці можна переглянути відкриті факти, вакансії та анонімні відгуки користувачів.",needs_verification,false,rule-based neutral draft; review before publishing
vuso,VUSO,Страхування,,"VUSO — компанія у сфері Страхування. На сторінці можна переглянути відкриті факти, вакансії та анонімні відгуки користувачів.",needs_verification,false,rule-based neutral draft; review before publishing
watsons,Watsons,Ритейл,,"Watsons — компанія у сфері Ритейл. На сторінці можна переглянути відкриті факти, вакансії та анонімні відгуки користувачів.",needs_verification,false,rule-based neutral draft; review before publishing
watsons-ukraina,Watsons Україна,Ритейл,Україна,"Watsons Україна — компанія у сфері Ритейл. Компанія вказана з містом: Україна. На сторінці можна переглянути відкриті факти, вакансії та анонімні відгуки користувачів.",needs_verification,false,rule-based neutral draft; review before publishing
wayforpay,WayForPay,Банки і фінанси,,"WayForPay — компанія у сфері Банки і фінанси. На сторінці можна переглянути відкриті факти, вакансії та анонімні відгуки користувачів.",needs_verification,false,rule-based neutral draft; review before publishing
welltech,Welltech,IT,,"Welltech — компанія у сфері IT. На сторінці можна переглянути відкриті факти, вакансії та анонімні відгуки користувачів.",needs_verification,false,rule-based neutral draft; review before publishing
western-union-ukraine,Western Union Ukraine,Банки і фінанси,,"Western Union Ukraine — компанія у сфері Банки і фінанси. На сторінці можна переглянути відкриті факти, вакансії та анонімні відгуки користувачів.",needs_verification,false,rule-based neutral draft; review before publishing
winner,Winner,Авто,,"Winner — компанія у сфері Авто. На сторінці можна переглянути відкриті факти, вакансії та анонімні відгуки користувачів.",needs_verification,false,rule-based neutral draft; review before publishing
wix-ukraine,Wix Ukraine,IT,,"Wix Ukraine — компанія у сфері IT. На сторінці можна переглянути відкриті факти, вакансії та анонімні відгуки користувачів.",needs_verification,false,rule-based neutral draft; review before publishing
wog,WOG,АЗС,Україна,"WOG — компанія у сфері АЗС. Компанія вказана з містом: Україна. На сторінці можна переглянути відкриті факти, вакансії та анонімні відгуки користувачів.",needs_verification,false,rule-based neutral draft; review before publishing
wog-auto-service,WOG Auto Service,Авто,,"WOG Auto Service — компанія у сфері Авто. На сторінці можна переглянути відкриті факти, вакансії та анонімні відгуки користувачів.",needs_verification,false,rule-based neutral draft; review before publishing
wog-cafe,WOG Cafe,HoReCa,,"WOG Cafe — компанія у сфері HoReCa. На сторінці можна переглянути відкриті факти, вакансії та анонімні відгуки користувачів.",needs_verification,false,rule-based neutral draft; review before publishing
workua,Work.ua,Media,,"Work.ua — компанія у сфері Media. На сторінці можна переглянути відкриті факти, вакансії та анонімні відгуки користувачів.",needs_verification,false,rule-based neutral draft; review before publishing
yalantis,Yalantis,IT,,"Yalantis — компанія у сфері IT. На сторінці можна переглянути відкриті факти, вакансії та анонімні відгуки користувачів.",needs_verification,false,rule-based neutral draft; review before publishing
yasno,Yasno,Енергетика,,"Yasno — компанія у сфері Енергетика. На сторінці можна переглянути відкриті факти, вакансії та анонімні відгуки користувачів.",needs_verification,false,rule-based neutral draft; review before publishing
youcontrol,YouControl,Консалтинг,,"YouControl — компанія у сфері Консалтинг. На сторінці можна переглянути відкриті факти, вакансії та анонімні відгуки користувачів.",needs_verification,false,rule-based neutral draft; review before publishing
yves-rocher-ukraine,Yves Rocher Ukraine,Ритейл,,"Yves Rocher Ukraine — компанія у сфері Ритейл. На сторінці можна переглянути відкриті факти, вакансії та анонімні відгуки користувачів.",needs_verification,false,rule-based neutral draft; review before publishing
zakaz-ua,Zakaz.ua,E-commerce,,"Zakaz.ua — компанія у сфері E-commerce. На сторінці можна переглянути відкриті факти, вакансії та анонімні відгуки користувачів.",needs_verification,false,rule-based neutral draft; review before publishing
zammler,Zammler,Логістика,,"Zammler — компанія у сфері Логістика. На сторінці можна переглянути відкриті факти, вакансії та анонімні відгуки користувачів.",needs_verification,false,rule-based neutral draft; review before publishing
zara-ukraine,Zara Ukraine,Ритейл,,"Zara Ukraine — компанія у сфері Ритейл. На сторінці можна переглянути відкриті факти, вакансії та анонімні відгуки користувачів.",needs_verification,false,rule-based neutral draft; review before publishing
zernovita,Zernovita,Агро,,"Zernovita — компанія у сфері Агро. На сторінці можна переглянути відкриті факти, вакансії та анонімні відгуки користувачів.",needs_verification,false,rule-based neutral draft; review before publishing
zone3000,ZONE3000,IT,,"ZONE3000 — компанія у сфері IT. На сторінці можна переглянути відкриті факти, вакансії та анонімні відгуки користувачів.",needs_verification,false,rule-based neutral draft; review before publishing
avk,АВК,FMCG,,"АВК — компанія у сфері FMCG. На сторінці можна переглянути відкриті факти, вакансії та анонімні відгуки користувачів.",needs_verification,false,rule-based neutral draft; review before publishing
avrora,Аврора,Ритейл,,"Аврора — компанія у сфері Ритейл. На сторінці можна переглянути відкриті факти, вакансії та анонімні відгуки користувачів.",needs_verification,false,rule-based neutral draft; review before publishing
avtoliuks,Автолюкс,Логістика,,"Автолюкс — компанія у сфері Логістика. На сторінці можна переглянути відкриті факти, вакансії та анонімні відгуки користувачів.",needs_verification,false,rule-based neutral draft; review before publishing
avtotreidynh,Автотрейдинг,Авто,,"Автотрейдинг — компанія у сфері Авто. На сторінці можна переглянути відкриті факти, вакансії та анонімні відгуки користувачів.",needs_verification,false,rule-based neutral draft; review before publishing
avtotsentr,Автоцентр,Авто,,"Автоцентр — компанія у сфері Авто. На сторінці можна переглянути відкриті факти, вакансії та анонімні відгуки користувачів.",needs_verification,false,rule-based neutral draft; review before publishing
ahro-rehion,Агро-Регіон,Агро,,"Агро-Регіон — компанія у сфері Агро. На сторінці можна переглянути відкриті факти, вакансії та анонімні відгуки користувачів.",needs_verification,false,rule-based neutral draft; review before publishing
ahrosem,Агросем,Агро,,"Агросем — компанія у сфері Агро. На сторінці можна переглянути відкриті факти, вакансії та анонімні відгуки користувачів.",needs_verification,false,rule-based neutral draft; review before publishing
ahrotekhsoiuz,Агротехсоюз,Агро,,"Агротехсоюз — компанія у сфері Агро. На сторінці можна переглянути відкриті факти, вакансії та анонімні відгуки користувачів.",needs_verification,false,rule-based neutral draft; review before publishing
administratsiia-morskykh-portiv-ukrainy,Адміністрація морських портів України,Державний сектор,,"Адміністрація морських портів України — компанія у сфері Державний сектор. На сторінці можна переглянути відкриті факти, вакансії та анонімні відгуки користувачів.",needs_verification,false,rule-based neutral draft; review before publishing
aerok,Аерок,Будівництво,,"Аерок — компанія у сфері Будівництво. На сторінці можна переглянути відкриті факти, вакансії та анонімні відгуки користувачів.",needs_verification,false,rule-based neutral draft; review before publishing
azovstal,Азовсталь,Металургія,,"Азовсталь — компанія у сфері Металургія. На сторінці можна переглянути відкриті факти, вакансії та анонімні відгуки користувачів.",needs_verification,false,rule-based neutral draft; review before publishing
ais,АІС,Авто,,"АІС — компанія у сфері Авто. На сторінці можна переглянути відкриті факти, вакансії та анонімні відгуки користувачів.",needs_verification,false,rule-based neutral draft; review before publishing
alan,Алан,FMCG,,"Алан — компанія у сфері FMCG. На сторінці можна переглянути відкриті факти, вакансії та анонімні відгуки користувачів.",needs_verification,false,rule-based neutral draft; review before publishing
allo,Алло,Ритейл,,"Алло — компанія у сфері Ритейл. На сторінці можна переглянути відкриті факти, вакансії та анонімні відгуки користувачів.",needs_verification,false,rule-based neutral draft; review before publishing
alfa-strakhuvannia,Альфа Страхування,Страхування,,"Альфа Страхування — компанія у сфері Страхування. На сторінці можна переглянути відкриті факти, вакансії та анонімні відгуки користувачів.",needs_verification,false,rule-based neutral draft; review before publishing
alians-bank,Альянс Банк,Банки і фінанси,,"Альянс Банк — компанія у сфері Банки і фінанси. На сторінці можна переглянути відкриті факти, вакансії та анонімні відгуки користувачів.",needs_verification,false,rule-based neutral draft; review before publishing
antonov,Антонов,Виробництво,,"Антонов — компанія у сфері Виробництво. На сторінці можна переглянути відкриті факти, вакансії та анонімні відгуки користувачів.",needs_verification,false,rule-based neutral draft; review before publishing
antoshka,Антошка,Ритейл,,"Антошка — компанія у сфері Ритейл. На сторінці можна переглянути відкриті факти, вакансії та анонімні відгуки користувачів.",needs_verification,false,rule-based neutral draft; review before publishing
ants,АНЦ,Аптеки,Україна,"АНЦ — компанія у сфері Аптеки. Компанія вказана з містом: Україна. На сторінці можна переглянути відкриті факти, вакансії та анонімні відгуки користувачів.",needs_verification,false,rule-based neutral draft; review before publishing
apteka-911,Аптека 911,Фармацевтика,,"Аптека 911 — компанія у сфері Фармацевтика. На сторінці можна переглянути відкриті факти, вакансії та анонімні відгуки користувачів.",needs_verification,false,rule-based neutral draft; review before publishing
apteka-ants,Аптека АНЦ,Фармацевтика,,"Аптека АНЦ — компанія у сфері Фармацевтика. На сторінці можна переглянути відкриті факти, вакансії та анонімні відгуки користувачів.",needs_verification,false,rule-based neutral draft; review before publishing
apteka-dobroho-dnia,Аптека Доброго Дня,Фармацевтика,,"Аптека Доброго Дня — компанія у сфері Фармацевтика. На сторінці можна переглянути відкриті факти, вакансії та анонімні відгуки користувачів.",needs_verification,false,rule-based neutral draft; review before publishing
apteka-kopiika,Аптека Копійка,Фармацевтика,,"Аптека Копійка — компанія у сфері Фармацевтика. На сторінці можна переглянути відкриті факти, вакансії та анонімні відгуки користувачів.",needs_verification,false,rule-based neutral draft; review before publishing
apteka-nyzkykh-tsin,Аптека низьких цін,Фармацевтика,,"Аптека низьких цін — компанія у сфері Фармацевтика. На сторінці можна переглянути відкриті факти, вакансії та анонімні відгуки користувачів.",needs_verification,false,rule-based neutral draft; review before publishing
arcelormittal-kryvyi-rih,АрселорМіттал Кривий Ріг,Металургія,,"АрселорМіттал Кривий Ріг — компанія у сфері Металургія. На сторінці можна переглянути відкриті факти, вакансії та анонімні відгуки користувачів.",needs_verification,false,rule-based neutral draft; review before publishing
arsenal-bezpeky,Арсенал Безпеки,Безпека,,"Арсенал Безпеки — компанія у сфері Безпека. На сторінці можна переглянути відкриті факти, вакансії та анонімні відгуки користувачів.",needs_verification,false,rule-based neutral draft; review before publishing
arsenal-strakhuvannia,Арсенал Страхування,Страхування,,"Арсенал Страхування — компанія у сфері Страхування. На сторінці можна переглянути відкриті факти, вакансії та анонімні відгуки користувачів.",needs_verification,false,rule-based neutral draft; review before publishing
arterium,Артеріум,Фармацевтика,,"Артеріум — компанія у сфері Фармацевтика. На сторінці можна переглянути відкриті факти, вакансії та анонімні відгуки користувачів.",needs_verification,false,rule-based neutral draft; review before publishing
asvio-bank,Асвіо Банк,Банки і фінанси,,"Асвіо Банк — компанія у сфері Банки і фінанси. На сторінці можна переглянути відкриті факти, вакансії та анонімні відгуки користувачів.",needs_verification,false,rule-based neutral draft; review before publishing
astarta,Астарта,FMCG,,"Астарта — компанія у сфері FMCG. На сторінці можна переглянути відкриті факти, вакансії та анонімні відгуки користувачів.",needs_verification,false,rule-based neutral draft; review before publishing
astarta-kyiv,Астарта-Київ,Агро,Київ,"Астарта-Київ — компанія у сфері Агро. Компанія вказана з містом: Київ. На сторінці можна переглянути відкриті факти, вакансії та анонімні відгуки користувачів.",needs_verification,false,rule-based neutral draft; review before publishing
atb,АТБ,Ритейл,,"АТБ — компанія у сфері Ритейл. На сторінці можна переглянути відкриті факти, вакансії та анонімні відгуки користувачів.",needs_verification,false,rule-based neutral draft; review before publishing
atlant-m,Атлант-М,Авто,,"Атлант-М — компанія у сфері Авто. На сторінці можна переглянути відкриті факти, вакансії та анонімні відгуки користувачів.",needs_verification,false,rule-based neutral draft; review before publishing
ashan,Ашан,Роздрібна торгівля,Київ,"Ашан — компанія у сфері Роздрібна торгівля. Компанія вказана з містом: Київ. На сторінці можна переглянути відкриті факти, вакансії та анонімні відгуки користувачів.",needs_verification,false,rule-based neutral draft; review before publishing
ashan-ukraina,Ашан Україна,Ритейл,,"Ашан Україна — компанія у сфері Ритейл. На сторінці можна переглянути відкриті факти, вакансії та анонімні відгуки користувачів.",needs_verification,false,rule-based neutral draft; review before publishing
aiaks-okhorona,Аякс Охорона,Безпека,,"Аякс Охорона — компанія у сфері Безпека. На сторінці можна переглянути відкриті факти, вакансії та анонімні відгуки користувачів.",needs_verification,false,rule-based neutral draft; review before publishing
babel,Бабель,Media,,"Бабель — компанія у сфері Media. На сторінці можна переглянути відкриті факти, вакансії та анонімні відгуки користувачів.",needs_verification,false,rule-based neutral draft; review before publishing
bazhaemo-zdorovia,Бажаємо здоров'я,Фармацевтика,,"Бажаємо здоров'я — компанія у сфері Фармацевтика. На сторінці можна переглянути відкриті факти, вакансії та анонімні відгуки користувачів.",needs_verification,false,rule-based neutral draft; review before publishing
bazhaiemo-zdorov-ia,Бажаємо здоровʼя,Аптеки,Україна,"Бажаємо здоровʼя — компанія у сфері Аптеки. Компанія вказана з містом: Україна. На сторінці можна переглянути відкриті факти, вакансії та анонімні відгуки користувачів.",needs_verification,false,rule-based neutral draft; review before publishing
bank-vostok,Банк Восток,Банки і фінанси,,"Банк Восток — компанія у сфері Банки і фінанси. На сторінці можна переглянути відкриті факти, вакансії та анонімні відгуки користувачів.",needs_verification,false,rule-based neutral draft; review before publishing
bank-hrant,Банк Грант,Банки і фінанси,,"Банк Грант — компанія у сфері Банки і фінанси. На сторінці можна переглянути відкриті факти, вакансії та анонімні відгуки користувачів.",needs_verification,false,rule-based neutral draft; review before publishing
bank-klirynhovyi-dim,Банк Кліринговий Дім,Банки і фінанси,,"Банк Кліринговий Дім — компанія у сфері Банки і фінанси. На сторінці можна переглянути відкриті факти, вакансії та анонімні відгуки користувачів.",needs_verification,false,rule-based neutral draft; review before publishing
bank-lviv,Банк Львів,Банки і фінанси,,"Банк Львів — компанія у сфері Банки і фінанси. На сторінці можна переглянути відкриті факти, вакансії та анонімні відгуки користувачів.",needs_verification,false,rule-based neutral draft; review before publishing
bank-pivdennyi,Банк Південний,Банки і фінанси,,"Банк Південний — компанія у сфері Банки і фінанси. На сторінці можна переглянути відкриті факти, вакансії та анонімні відгуки користувачів.",needs_verification,false,rule-based neutral draft; review before publishing
bashchynskyi,Бащинський,FMCG,,"Бащинський — компанія у сфері FMCG. На сторінці можна переглянути відкриті факти, вакансії та анонімні відгуки користувачів.",needs_verification,false,rule-based neutral draft; review before publishing
beton-kompleks,Бетон Комплекс,Будівництво,,"Бетон Комплекс — компанія у сфері Будівництво. На сторінці можна переглянути відкриті факти, вакансії та анонімні відгуки користувачів.",needs_verification,false,rule-based neutral draft; review before publishing
bilotserkivmaz,БілоцерківМАЗ,Виробництво,,"БілоцерківМАЗ — компанія у сфері Виробництво. На сторінці можна переглянути відкриті факти, вакансії та анонімні відгуки користувачів.",needs_verification,false,rule-based neutral draft; review before publishing
biosfera,Біосфера,Виробництво,,"Біосфера — компанія у сфері Виробництво. На сторінці можна переглянути відкриті факти, вакансії та анонімні відгуки користувачів.",needs_verification,false,rule-based neutral draft; review before publishing
biofarma,Біофарма,Фармацевтика,,"Біофарма — компанія у сфері Фармацевтика. На сторінці можна переглянути відкриті факти, вакансії та анонімні відгуки користувачів.",needs_verification,false,rule-based neutral draft; review before publishing
blyzenko,Близенько,Ритейл,,"Близенько — компанія у сфері Ритейл. На сторінці можна переглянути відкриті факти, вакансії та анонімні відгуки користувачів.",needs_verification,false,rule-based neutral draft; review before publishing
bohdan,Богдан,Виробництво,,"Богдан — компанія у сфері Виробництво. На сторінці можна переглянути відкриті факти, вакансії та анонімні відгуки користувачів.",needs_verification,false,rule-based neutral draft; review before publishing
bohdan-avto,Богдан-Авто,Авто,,"Богдан-Авто — компанія у сфері Авто. На сторінці можна переглянути відкриті факти, вакансії та анонімні відгуки користувачів.",needs_verification,false,rule-based neutral draft; review before publishing
borys,Борис,Медицина,,"Борис — компанія у сфері Медицина. На сторінці можна переглянути відкриті факти, вакансії та анонімні відгуки користувачів.",needs_verification,false,rule-based neutral draft; review before publishing
boryspil,Бориспіль,Державний сектор,,"Бориспіль — компанія у сфері Державний сектор. На сторінці можна переглянути відкриті факти, вакансії та анонімні відгуки користувачів.",needs_verification,false,rule-based neutral draft; review before publishing
borshchahivskyi-khfz,Борщагівський ХФЗ,Фармацевтика,,"Борщагівський ХФЗ — компанія у сфері Фармацевтика. На сторінці можна переглянути відкриті факти, вакансії та анонімні відгуки користувачів.",needs_verification,false,rule-based neutral draft; review before publishing
brokbiznes-strakhuvannia,Брокбізнес Страхування,Страхування,,"Брокбізнес Страхування — компанія у сфері Страхування. На сторінці можна переглянути відкриті факти, вакансії та анонімні відгуки користувачів.",needs_verification,false,rule-based neutral draft; review before publishing
brsm,БРСМ,АЗС і авто,,"БРСМ — компанія у сфері АЗС і авто. На сторінці можна переглянути відкриті факти, вакансії та анонімні відгуки користувачів.",needs_verification,false,rule-based neutral draft; review before publishing
brsm-nafta,БРСМ-Нафта,АЗС,Україна,"БРСМ-Нафта — компанія у сфері АЗС. Компанія вказана з містом: Україна. На сторінці можна переглянути відкриті факти, вакансії та анонімні відгуки користувачів.",needs_verification,false,rule-based neutral draft; review before publishing
budynok-ihrashok,Будинок Іграшок,Ритейл,,"Будинок Іграшок — компанія у сфері Ритейл. На сторінці можна переглянути відкриті факти, вакансії та анонімні відгуки користувачів.",needs_verification,false,rule-based neutral draft; review before publishing
velmart,Велмарт,Ритейл,,"Велмарт — компанія у сфері Ритейл. На сторінці можна переглянути відкриті факти, вакансії та анонімні відгуки користувачів.",needs_verification,false,rule-based neutral draft; review before publishing
veres,Верес,FMCG,,"Верес — компанія у сфері FMCG. На сторінці можна переглянути відкриті факти, вакансії та анонімні відгуки користувачів.",needs_verification,false,rule-based neutral draft; review before publishing
vinnytsiaoblenerho,Вінницяобленерго,Енергетика,,"Вінницяобленерго — компанія у сфері Енергетика. На сторінці можна переглянути відкриті факти, вакансії та анонімні відгуки користувачів.",needs_verification,false,rule-based neutral draft; review before publishing
voloshkove-pole,Волошкове поле,FMCG,,"Волошкове поле — компанія у сфері FMCG. На сторінці можна переглянути відкриті факти, вакансії та анонімні відгуки користувачів.",needs_verification,false,rule-based neutral draft; review before publishing
vseosvita,Всеосвіта,Освіта,,"Всеосвіта — компанія у сфері Освіта. На сторінці можна переглянути відкриті факти, вакансії та анонімні відгуки користувачів.",needs_verification,false,rule-based neutral draft; review before publishing
halychyna,Галичина,FMCG,,"Галичина — компанія у сфері FMCG. На сторінці можна переглянути відкриті факти, вакансії та анонімні відгуки користувачів.",needs_verification,false,rule-based neutral draft; review before publishing
hepard,Гепард,Безпека,,"Гепард — компанія у сфері Безпека. На сторінці можна переглянути відкриті факти, вакансії та анонімні відгуки користувачів.",needs_verification,false,rule-based neutral draft; review before publishing
hledfarm,Гледфарм,Фармацевтика,,"Гледфарм — компанія у сфері Фармацевтика. На сторінці можна переглянути відкриті факти, вакансії та анонімні відгуки користувачів.",needs_verification,false,rule-based neutral draft; review before publishing
hlobyno,Глобино,FMCG,,"Глобино — компанія у сфері FMCG. На сторінці можна переглянути відкриті факти, вакансії та анонімні відгуки користувачів.",needs_verification,false,rule-based neutral draft; review before publishing
hlobus-bank,Глобус Банк,Банки і фінанси,,"Глобус Банк — компанія у сфері Банки і фінанси. На сторінці можна переглянути відкриті факти, вакансії та анонімні відгуки користувачів.",needs_verification,false,rule-based neutral draft; review before publishing
hlobus-strakhuvannia,Глобус Страхування,Страхування,,"Глобус Страхування — компанія у сфері Страхування. На сторінці можна переглянути відкриті факти, вакансії та анонімні відгуки користувачів.",needs_verification,false,rule-based neutral draft; review before publishing
hospodarochka,Господарочка,Побутові послуги,,"Господарочка — компанія у сфері Побутові послуги. На сторінці можна переглянути відкриті факти, вакансії та анонімні відгуки користувачів.",needs_verification,false,rule-based neutral draft; review before publishing
darnytsia,Дарниця,Фармацевтика,,"Дарниця — компанія у сфері Фармацевтика. На сторінці можна переглянути відкриті факти, вакансії та анонімні відгуки користувачів.",needs_verification,false,rule-based neutral draft; review before publishing
delvi,Делві,Ритейл,,"Делві — компанія у сфері Ритейл. На сторінці можна переглянути відкриті факти, вакансії та анонімні відгуки користувачів.",needs_verification,false,rule-based neutral draft; review before publishing
delfast,Делфаст,Логістика і доставка,Київ,"Делфаст — компанія у сфері Логістика і доставка. Компанія вказана з містом: Київ. На сторінці можна переглянути відкриті факти, вакансії та анонімні відгуки користувачів.",needs_verification,false,rule-based neutral draft; review before publishing
derzhavna-mytna-sluzhba-ukrainy,Державна митна служба України,Державний сектор,,"Державна митна служба України — компанія у сфері Державний сектор. На сторінці можна переглянути відкриті факти, вакансії та анонімні відгуки користувачів.",needs_verification,false,rule-based neutral draft; review before publishing
derzhavna-podatkova-sluzhba-ukrainy,Державна податкова служба України,Державний сектор,,"Державна податкова служба України — компанія у сфері Державний сектор. На сторінці можна переглянути відкриті факти, вакансії та анонімні відгуки користувачів.",needs_verification,false,rule-based neutral draft; review before publishing
derzhavnyi-oshchadnyi-bank-ukrainy,Державний ощадний банк України,Державний сектор,,"Державний ощадний банк України — компанія у сфері Державний сектор. На сторінці можна переглянути відкриті факти, вакансії та анонімні відгуки користувачів.",needs_verification,false,rule-based neutral draft; review before publishing
dila,Діла,Медицина,,"Діла — компанія у сфері Медицина. На сторінці можна переглянути відкриті факти, вакансії та анонімні відгуки користувачів.",needs_verification,false,rule-based neutral draft; review before publishing
diia,Дія,Державний сектор,,"Дія — компанія у сфері Державний сектор. На сторінці можна переглянути відкриті факти, вакансії та анонімні відгуки користувачів.",needs_verification,false,rule-based neutral draft; review before publishing
dniprovska-politekhnika,Дніпровська політехніка,Освіта,,"Дніпровська політехніка — компанія у сфері Освіта. На сторінці можна переглянути відкриті факти, вакансії та анонімні відгуки користувачів.",needs_verification,false,rule-based neutral draft; review before publishing
dniprovskyi-metalurhiinyi-zavod,Дніпровський металургійний завод,Металургія,,"Дніпровський металургійний завод — компанія у сфері Металургія. На сторінці можна переглянути відкриті факти, вакансії та анонімні відгуки користувачів.",needs_verification,false,rule-based neutral draft; review before publishing
dniprovski-elektromerezhi,Дніпровські електромережі,Енергетика,,"Дніпровські електромережі — компанія у сфері Енергетика. На сторінці можна переглянути відкриті факти, вакансії та анонімні відгуки користувачів.",needs_verification,false,rule-based neutral draft; review before publishing
dniprospetsstal,Дніпроспецсталь,Металургія,,"Дніпроспецсталь — компанія у сфері Металургія. На сторінці можна переглянути відкриті факти, вакансії та анонімні відгуки користувачів.",needs_verification,false,rule-based neutral draft; review before publishing
dobrobut,Добробут,Медицина,,"Добробут — компанія у сфері Медицина. На сторінці можна переглянути відкриті факти, вакансії та анонімні відгуки користувачів.",needs_verification,false,rule-based neutral draft; review before publishing
domova-sluzhba,Домова служба,Побутові послуги,,"Домова служба — компанія у сфері Побутові послуги. На сторінці можна переглянути відкриті факти, вакансії та анонімні відгуки користувачів.",needs_verification,false,rule-based neutral draft; review before publishing
dp-medychni-zakupivli-ukrainy,ДП Медичні закупівлі України,Державний сектор,,"ДП Медичні закупівлі України — компанія у сфері Державний сектор. На сторінці можна переглянути відкриті факти, вакансії та анонімні відгуки користувачів.",needs_verification,false,rule-based neutral draft; review before publishing
dtek,ДТЕК,Енергетика,,"ДТЕК — компанія у сфері Енергетика. На сторінці можна переглянути відкриті факти, вакансії та анонімні відгуки користувачів.",needs_verification,false,rule-based neutral draft; review before publishing
dtek-vde,ДТЕК ВДЕ,Енергетика,,"ДТЕК ВДЕ — компанія у сфері Енергетика. На сторінці можна переглянути відкриті факти, вакансії та анонімні відгуки користувачів.",needs_verification,false,rule-based neutral draft; review before publishing
dtek-kyivski-elektromerezhi,ДТЕК Київські електромережі,Енергетика,,"ДТЕК Київські електромережі — компанія у сфері Енергетика. На сторінці можна переглянути відкриті факти, вакансії та анонімні відгуки користувачів.",needs_verification,false,rule-based neutral draft; review before publishing
eko-market,ЕКО Маркет,Ритейл,,"ЕКО Маркет — компанія у сфері Ритейл. На сторінці можна переглянути відкриті факти, вакансії та анонімні відгуки користувачів.",needs_verification,false,rule-based neutral draft; review before publishing
ekspres-strakhuvannia,Експрес Страхування,Страхування,,"Експрес Страхування — компанія у сфері Страхування. На сторінці можна переглянути відкриті факти, вакансії та анонімні відгуки користувачів.",needs_verification,false,rule-based neutral draft; review before publishing
elektrovazhmash,Електроважмаш,Виробництво,,"Електроважмаш — компанія у сфері Виробництво. На сторінці можна переглянути відкриті факти, вакансії та анонімні відгуки користувачів.",needs_verification,false,rule-based neutral draft; review before publishing
elektrokontakt-ukraina,Електроконтакт Україна,Виробництво,,"Електроконтакт Україна — компанія у сфері Виробництво. На сторінці можна переглянути відкриті факти, вакансії та анонімні відгуки користувачів.",needs_verification,false,rule-based neutral draft; review before publishing
elektronmash,Електронмаш,Виробництво,,"Електронмаш — компанія у сфері Виробництво. На сторінці можна переглянути відкриті факти, вакансії та анонімні відгуки користувачів.",needs_verification,false,rule-based neutral draft; review before publishing
enerhoatom,Енергоатом,Енергетика,,"Енергоатом — компанія у сфері Енергетика. На сторінці можна переглянути відкриті факти, вакансії та анонімні відгуки користувачів.",needs_verification,false,rule-based neutral draft; review before publishing
enran,Енран,Виробництво,,"Енран — компанія у сфері Виробництво. На сторінці можна переглянути відкриті факти, вакансії та анонімні відгуки користувачів.",needs_verification,false,rule-based neutral draft; review before publishing
epitsentr,Епіцентр,Ритейл,,"Епіцентр — компанія у сфері Ритейл. На сторінці можна переглянути відкриті факти, вакансії та анонімні відгуки користувачів.",needs_verification,false,rule-based neutral draft; review before publishing
epicentr,Епіцентр К,Ритейл (будівельний),Україна,"Епіцентр К — компанія у сфері Ритейл (будівельний). Компанія вказана з містом: Україна. На сторінці можна переглянути відкриті факти, вакансії та анонімні відгуки користувачів.",needs_verification,false,rule-based neutral draft; review before publishing
eskulab,Ескулаб,Медицина,,"Ескулаб — компанія у сфері Медицина. На сторінці можна переглянути відкриті факти, вакансії та анонімні відгуки користувачів.",needs_verification,false,rule-based neutral draft; review before publishing
espreso-tv,Еспресо TV,Media,,"Еспресо TV — компанія у сфері Media. На сторінці можна переглянути відкриті факти, вакансії та анонімні відгуки користувачів.",needs_verification,false,rule-based neutral draft; review before publishing
ievraziia,Євразія,HoReCa,,"Євразія — компанія у сфері HoReCa. На сторінці можна переглянути відкриті факти, вакансії та анонімні відгуки користувачів.",needs_verification,false,rule-based neutral draft; review before publishing
ievropeiskyi-strakhovyi-alians,Європейський страховий альянс,Страхування,,"Європейський страховий альянс — компанія у сфері Страхування. На сторінці можна переглянути відкриті факти, вакансії та анонімні відгуки користувачів.",needs_verification,false,rule-based neutral draft; review before publishing
zhytomyrski-lasoshchi,Житомирські ласощі,FMCG,,"Житомирські ласощі — компанія у сфері FMCG. На сторінці можна переглянути відкриті факти, вакансії та анонімні відгуки користувачів.",needs_verification,false,rule-based neutral draft; review before publishing
zavod-kobzarenka,Завод Кобзаренка,Виробництво,,"Завод Кобзаренка — компанія у сфері Виробництво. На сторінці можна переглянути відкриті факти, вакансії та анонімні відгуки користувачів.",needs_verification,false,rule-based neutral draft; review before publishing
zakarpattiaoblenerho,Закарпаттяобленерго,Енергетика,,"Закарпаттяобленерго — компанія у сфері Енергетика. На сторінці можна переглянути відкриті факти, вакансії та анонімні відгуки користувачів.",needs_verification,false,rule-based neutral draft; review before publishing
zaporizhzhiaoblenerho,Запоріжжяобленерго,Енергетика,,"Запоріжжяобленерго — компанія у сфері Енергетика. На сторінці можна переглянути відкриті факти, вакансії та анонімні відгуки користувачів.",needs_verification,false,rule-based neutral draft; review before publishing
zaporizhstal,Запоріжсталь,Металургія,,"Запоріжсталь — компанія у сфері Металургія. На сторінці можна переглянути відкриті факти, вакансії та анонімні відгуки користувачів.",needs_verification,false,rule-based neutral draft; review before publishing
zveny-hora,Звени Гора,FMCG,,"Звени Гора — компанія у сфері FMCG. На сторінці можна переглянути відкриті факти, вакансії та анонімні відгуки користувачів.",needs_verification,false,rule-based neutral draft; review before publishing
zolotyi-mandaryn,Золотий Мандарин,Будівництво,,"Золотий Мандарин — компанія у сфері Будівництво. На сторінці можна переглянути відкриті факти, вакансії та анонімні відгуки користувачів.",needs_verification,false,rule-based neutral draft; review before publishing
zooliuks,Зоолюкс,Побутові послуги,,"Зоолюкс — компанія у сфері Побутові послуги. На сторінці можна переглянути відкриті факти, вакансії та анонімні відгуки користувачів.",needs_verification,false,rule-based neutral draft; review before publishing
idea-bank,Ідея Банк,Банки і фінанси,,"Ідея Банк — компанія у сфері Банки і фінанси. На сторінці можна переглянути відкриті факти, вакансії та анонімні відгуки користувачів.",needs_verification,false,rule-based neutral draft; review before publishing
inho,ІНГО,Страхування,,"ІНГО — компанія у сфері Страхування. На сторінці можна переглянути відкриті факти, вакансії та анонімні відгуки користувачів.",needs_verification,false,rule-based neutral draft; review before publishing
instytut-sertsia,Інститут серця,Медицина,,"Інститут серця — компанія у сфері Медицина. На сторінці можна переглянути відкриті факти, вакансії та анонімні відгуки користувачів.",needs_verification,false,rule-based neutral draft; review before publishing
inter-media-hrup,Інтер Медіа Груп,Media,,"Інтер Медіа Груп — компанія у сфері Media. На сторінці можна переглянути відкриті факти, вакансії та анонімні відгуки користувачів.",needs_verification,false,rule-based neutral draft; review before publishing
interhal-bud,Інтергал-Буд,Будівництво,,"Інтергал-Буд — компанія у сфері Будівництво. На сторінці можна переглянути відкриті факти, вакансії та анонімні відгуки користувачів.",needs_verification,false,rule-based neutral draft; review before publishing
interpaip,Інтерпайп,Металургія,,"Інтерпайп — компанія у сфері Металургія. На сторінці можна переглянути відкриті факти, вакансії та анонімні відгуки користувачів.",needs_verification,false,rule-based neutral draft; review before publishing
interpipe,Інтерпайп,Виробництво,Дніпро,"Інтерпайп — компанія у сфері Виробництво. Компанія вказана з містом: Дніпро. На сторінці можна переглянути відкриті факти, вакансії та анонімні відгуки користувачів.",needs_verification,false,rule-based neutral draft; review before publishing
interpaip-niko-tiub,Інтерпайп Ніко Тьюб,Металургія,,"Інтерпайп Ніко Тьюб — компанія у сфері Металургія. На сторінці можна переглянути відкриті факти, вакансії та анонімні відгуки користувачів.",needs_verification,false,rule-based neutral draft; review before publishing
interpaip-ntz,Інтерпайп НТЗ,Металургія,,"Інтерпайп НТЗ — компанія у сфері Металургія. На сторінці можна переглянути відкриті факти, вакансії та анонімні відгуки користувачів.",needs_verification,false,rule-based neutral draft; review before publishing
interpaip-stal,Інтерпайп Сталь,Металургія,,"Інтерпайп Сталь — компанія у сфері Металургія. На сторінці можна переглянути відкриті факти, вакансії та анонімні відгуки користувачів.",needs_verification,false,rule-based neutral draft; review before publishing
interkhim,ІнтерХім,Фармацевтика,,"ІнтерХім — компанія у сфері Фармацевтика. На сторінці можна переглянути відкриті факти, вакансії та анонімні відгуки користувачів.",needs_verification,false,rule-based neutral draft; review before publishing
isida,Ісіда,Медицина,,"Ісіда — компанія у сфері Медицина. На сторінці можна переглянути відкриті факти, вакансії та анонімні відгуки користувачів.",needs_verification,false,rule-based neutral draft; review before publishing
iskra,Іскра,Виробництво,,"Іскра — компанія у сфері Виробництво. На сторінці можна переглянути відкриті факти, вакансії та анонімні відгуки користувачів.",needs_verification,false,rule-based neutral draft; review before publishing
kama,КАМА,Освіта,,"КАМА — компанія у сфері Освіта. На сторінці можна переглянути відкриті факти, вакансії та анонімні відгуки користувачів.",needs_verification,false,rule-based neutral draft; review before publishing
kametstal,Каметсталь,Металургія,,"Каметсталь — компанія у сфері Металургія. На сторінці можна переглянути відкриті факти, вакансії та анонімні відгуки користувачів.",needs_verification,false,rule-based neutral draft; review before publishing
kan-development,КАН Девелопмент,Нерухомість,,"КАН Девелопмент — компанія у сфері Нерухомість. На сторінці можна переглянути відкриті факти, вакансії та анонімні відгуки користувачів.",needs_verification,false,rule-based neutral draft; review before publishing
karabiner,Карабінер,Безпека,,"Карабінер — компанія у сфері Безпека. На сторінці можна переглянути відкриті факти, вакансії та анонімні відгуки користувачів.",needs_verification,false,rule-based neutral draft; review before publishing
kyievo-mohylianska-akademiia,Києво-Могилянська академія,Освіта,,"Києво-Могилянська академія — компанія у сфері Освіта. На сторінці можна переглянути відкриті факти, вакансії та анонімні відгуки користувачів.",needs_verification,false,rule-based neutral draft; review before publishing
kyivmiskbud,Київміськбуд,Будівництво,,"Київміськбуд — компанія у сфері Будівництво. На сторінці можна переглянути відкриті факти, вакансії та анонімні відгуки користувачів.",needs_verification,false,rule-based neutral draft; review before publishing
kyivska-shkola-ekonomiky,Київська школа економіки,Освіта,,"Київська школа економіки — компанія у сфері Освіта. На сторінці можна переглянути відкриті факти, вакансії та анонімні відгуки користувачів.",needs_verification,false,rule-based neutral draft; review before publishing
kyivskyi-vitaminnyi-zavod,Київський вітамінний завод,Фармацевтика,,"Київський вітамінний завод — компанія у сфері Фармацевтика. На сторінці можна переглянути відкриті факти, вакансії та анонімні відгуки користувачів.",needs_verification,false,rule-based neutral draft; review before publishing
kyivteploenerho,Київтеплоенерго,Енергетика,,"Київтеплоенерго — компанія у сфері Енергетика. На сторінці можна переглянути відкриті факти, вакансії та анонімні відгуки користувачів.",needs_verification,false,rule-based neutral draft; review before publishing
kyivkhlib,Київхліб,FMCG,,"Київхліб — компанія у сфері FMCG. На сторінці можна переглянути відкриті факти, вакансії та анонімні відгуки користувачів.",needs_verification,false,rule-based neutral draft; review before publishing
knu-imeni-tarasa-shevchenka,КНУ імені Тараса Шевченка,Освіта,,"КНУ імені Тараса Шевченка — компанія у сфері Освіта. На сторінці можна переглянути відкриті факти, вакансії та анонімні відгуки користувачів.",needs_verification,false,rule-based neutral draft; review before publishing
kniazha,Княжа,Страхування,,"Княжа — компанія у сфері Страхування. На сторінці можна переглянути відкриті факти, вакансії та анонімні відгуки користувачів.",needs_verification,false,rule-based neutral draft; review before publishing
kovalska,Ковальська,Будівництво,,"Ковальська — компанія у сфері Будівництво. На сторінці можна переглянути відкриті факти, вакансії та анонімні відгуки користувачів.",needs_verification,false,rule-based neutral draft; review before publishing
kolo,КОЛО,Ритейл,,"КОЛО — компанія у сфері Ритейл. На сторінці можна переглянути відкриті факти, вакансії та анонімні відгуки користувачів.",needs_verification,false,rule-based neutral draft; review before publishing
kolonneid-ukraina,Колоннейд Україна,Страхування,,"Колоннейд Україна — компанія у сфері Страхування. На сторінці можна переглянути відкриті факти, вакансії та анонімні відгуки користувачів.",needs_verification,false,rule-based neutral draft; review before publishing
kominbank,Комінбанк,Банки і фінанси,,"Комінбанк — компанія у сфері Банки і фінанси. На сторінці можна переглянути відкриті факти, вакансії та анонімні відгуки користувачів.",needs_verification,false,rule-based neutral draft; review before publishing
kompiuterna-akademiia-it-step,Комп'ютерна Академія IT Step,Освіта,,"Комп'ютерна Академія IT Step — компанія у сфері Освіта. На сторінці можна переглянути відкриті факти, вакансії та анонімні відгуки користувачів.",needs_verification,false,rule-based neutral draft; review before publishing
konti,Конті,FMCG,,"Конті — компанія у сфері FMCG. На сторінці можна переглянути відкриті факти, вакансії та анонімні відгуки користувачів.",needs_verification,false,rule-based neutral draft; review before publishing
kopiiochka,Копійочка,Ритейл,,"Копійочка — компанія у сфері Ритейл. На сторінці можна переглянути відкриті факти, вакансії та анонімні відгуки користувачів.",needs_verification,false,rule-based neutral draft; review before publishing
kostal-ukraina,Костал Україна,Виробництво,,"Костал Україна — компанія у сфері Виробництво. На сторінці можна переглянути відкриті факти, вакансії та анонімні відгуки користувачів.",needs_verification,false,rule-based neutral draft; review before publishing
kpi-im-ihoria-sikorskoho,КПІ ім. Ігоря Сікорського,Освіта,,"КПІ ім. Ігоря Сікорського — компанія у сфері Освіта. На сторінці можна переглянути відкриті факти, вакансії та анонімні відгуки користувачів.",needs_verification,false,rule-based neutral draft; review before publishing
kraina,Країна,Страхування,,"Країна — компанія у сфері Страхування. На сторінці можна переглянути відкриті факти, вакансії та анонімні відгуки користувачів.",needs_verification,false,rule-based neutral draft; review before publishing
kreator-bud,Креатор-Буд,Нерухомість,,"Креатор-Буд — компанія у сфері Нерухомість. На сторінці можна переглянути відкриті факти, вакансії та анонімні відгуки користувачів.",needs_verification,false,rule-based neutral draft; review before publishing
kredytvest-bank,Кредитвест Банк,Банки і фінанси,,"Кредитвест Банк — компанія у сфері Банки і фінанси. На сторінці можна переглянути відкриті факти, вакансії та анонімні відгуки користувачів.",needs_verification,false,rule-based neutral draft; review before publishing
kredi-ahrikol-bank,Креді Агріколь Банк,Банки і фінанси,,"Креді Агріколь Банк — компанія у сфері Банки і фінанси. На сторінці можна переглянути відкриті факти, вакансії та анонімні відгуки користувачів.",needs_verification,false,rule-based neutral draft; review before publishing
kredobank,Кредобанк,Банки і фінанси,,"Кредобанк — компанія у сфері Банки і фінанси. На сторінці можна переглянути відкриті факти, вакансії та анонімні відгуки користувачів.",needs_verification,false,rule-based neutral draft; review before publishing
kryvyi-rih-tsement,Кривий Ріг Цемент,Будівництво,,"Кривий Ріг Цемент — компанія у сфері Будівництво. На сторінці можна переглянути відкриті факти, вакансії та анонімні відгуки користувачів.",needs_verification,false,rule-based neutral draft; review before publishing
krystalbank,Кристалбанк,Банки і фінанси,,"Кристалбанк — компанія у сфері Банки і фінанси. На сторінці можна переглянути відкриті факти, вакансії та анонімні відгуки користувачів.",needs_verification,false,rule-based neutral draft; review before publishing
kriukivskyi-vahonobudivnyi-zavod,Крюківський вагонобудівний завод,Виробництво,,"Крюківський вагонобудівний завод — компанія у сфері Виробництво. На сторінці можна переглянути відкриті факти, вакансії та анонімні відгуки користувачів.",needs_verification,false,rule-based neutral draft; review before publishing
kusum-farm,Кусум Фарм,Фармацевтика,,"Кусум Фарм — компанія у сфері Фармацевтика. На сторінці можна переглянути відкриті факти, вакансії та анонімні відгуки користувачів.",needs_verification,false,rule-based neutral draft; review before publishing
lantmannen-aksa,Лантманнен Акса,FMCG,,"Лантманнен Акса — компанія у сфері FMCG. На сторінці можна переглянути відкриті факти, вакансії та анонімні відгуки користувачів.",needs_verification,false,rule-based neutral draft; review before publishing
lapky,Лапки,Побутові послуги,,"Лапки — компанія у сфері Побутові послуги. На сторінці можна переглянути відкриті факти, вакансії та анонімні відгуки користувачів.",needs_verification,false,rule-based neutral draft; review before publishing
lasunka,Ласунка,FMCG,,"Ласунка — компанія у сфері FMCG. На сторінці можна переглянути відкриті факти, вакансії та анонімні відгуки користувачів.",needs_verification,false,rule-based neutral draft; review before publishing
lehion,Легіон,Безпека,,"Легіон — компанія у сфері Безпека. На сторінці можна переглянути відкриті факти, вакансії та анонімні відгуки користувачів.",needs_verification,false,rule-based neutral draft; review before publishing
lekkhim,Лекхім,Фармацевтика,,"Лекхім — компанія у сфері Фармацевтика. На сторінці можна переглянути відкриті факти, вакансії та анонімні відгуки користувачів.",needs_verification,false,rule-based neutral draft; review before publishing
leleka,Лелека,Медицина,,"Лелека — компанія у сфері Медицина. На сторінці можна переглянути відкриті факти, вакансії та анонімні відгуки користувачів.",needs_verification,false,rule-based neutral draft; review before publishing
lerua-merlen-ukraina,Леруа Мерлен Україна,Ритейл будівельний,Україна,"Леруа Мерлен Україна — компанія у сфері Ритейл будівельний. Компанія вказана з містом: Україна. На сторінці можна переглянути відкриті факти, вакансії та анонімні відгуки користувачів.",needs_verification,false,rule-based neutral draft; review before publishing
limo,Лімо,FMCG,,"Лімо — компанія у сфері FMCG. На сторінці можна переглянути відкриті факти, вакансії та анонімні відгуки користувачів.",needs_verification,false,rule-based neutral draft; review before publishing
lotok,ЛотОК,Ритейл,,"ЛотОК — компанія у сфері Ритейл. На сторінці можна переглянути відкриті факти, вакансії та анонімні відгуки користувачів.",needs_verification,false,rule-based neutral draft; review before publishing
lvivoblenerho,Львівобленерго,Енергетика,,"Львівобленерго — компанія у сфері Енергетика. На сторінці можна переглянути відкриті факти, вакансії та анонімні відгуки користувачів.",needs_verification,false,rule-based neutral draft; review before publishing
lvivska-kopalnia-kavy,Львівська копальня кави,HoReCa,,"Львівська копальня кави — компанія у сфері HoReCa. На сторінці можна переглянути відкриті факти, вакансії та анонімні відгуки користувачів.",needs_verification,false,rule-based neutral draft; review before publishing
lvivska-maisternia-shokoladu,Львівська майстерня шоколаду,HoReCa,,"Львівська майстерня шоколаду — компанія у сфері HoReCa. На сторінці можна переглянути відкриті факти, вакансії та анонімні відгуки користувачів.",needs_verification,false,rule-based neutral draft; review before publishing
lvivska-politekhnika,Львівська політехніка,Освіта,,"Львівська політехніка — компанія у сфері Освіта. На сторінці можна переглянути відкриті факти, вакансії та анонімні відгуки користувачів.",needs_verification,false,rule-based neutral draft; review before publishing
lvivski-kruasany,Львівські круасани,HoReCa,Україна,"Львівські круасани — компанія у сфері HoReCa. Компанія вказана з містом: Україна. На сторінці можна переглянути відкриті факти, вакансії та анонімні відгуки користувачів.",needs_verification,false,rule-based neutral draft; review before publishing
liuksoptyka,Люксоптика,Медицина,,"Люксоптика — компанія у сфері Медицина. На сторінці можна переглянути відкриті факти, вакансії та анонімні відгуки користувачів.",needs_verification,false,rule-based neutral draft; review before publishing
liustdorf,Люстдорф,FMCG,,"Люстдорф — компанія у сфері FMCG. На сторінці можна переглянути відкриті факти, вакансії та анонімні відгуки користувачів.",needs_verification,false,rule-based neutral draft; review before publishing
miasna-hildiia,М'ясна Гільдія,FMCG,,"М'ясна Гільдія — компанія у сфері FMCG. На сторінці можна переглянути відкриті факти, вакансії та анонімні відгуки користувачів.",needs_verification,false,rule-based neutral draft; review before publishing
maisternia-karameli,Майстерня карамелі,HoReCa,,"Майстерня карамелі — компанія у сфері HoReCa. На сторінці можна переглянути відкриті факти, вакансії та анонімні відгуки користувачів.",needs_verification,false,rule-based neutral draft; review before publishing
maisternia-remontu,Майстерня ремонту,Побутові послуги,,"Майстерня ремонту — компанія у сфері Побутові послуги. На сторінці можна переглянути відкриті факти, вакансії та анонімні відгуки користувачів.",needs_verification,false,rule-based neutral draft; review before publishing
mariupolskyi-metalurhiinyi-kombinat-imeni-illicha,Маріупольський металургійний комбінат імені Ілліча,Металургія,,"Маріупольський металургійний комбінат імені Ілліча — компанія у сфері Металургія. На сторінці можна переглянути відкриті факти, вакансії та анонімні відгуки користувачів.",needs_verification,false,rule-based neutral draft; review before publishing
marketopt,Маркетопт,Ритейл,,"Маркетопт — компанія у сфері Ритейл. На сторінці можна переглянути відкриті факти, вакансії та анонімні відгуки користувачів.",needs_verification,false,rule-based neutral draft; review before publishing
mau,МАУ,Авіація,Україна,"МАУ — компанія у сфері Авіація. Компанія вказана з містом: Україна. На сторінці можна переглянути відкриті факти, вакансії та анонімні відгуки користувачів.",needs_verification,false,rule-based neutral draft; review before publishing
med-servis,Мед-сервіс,Фармацевтика,,"Мед-сервіс — компанія у сфері Фармацевтика. На сторінці можна переглянути відкриті факти, вакансії та анонімні відгуки користувачів.",needs_verification,false,rule-based neutral draft; review before publishing
medbud,Медбуд,Медицина,,"Медбуд — компанія у сфері Медицина. На сторінці можна переглянути відкриті факти, вакансії та анонімні відгуки користувачів.",needs_verification,false,rule-based neutral draft; review before publishing
medharant,Медгарант,Медицина,,"Медгарант — компанія у сфері Медицина. На сторінці можна переглянути відкриті факти, вакансії та анонімні відгуки користувачів.",needs_verification,false,rule-based neutral draft; review before publishing
medykom,Медиком,Медицина,,"Медиком — компанія у сфері Медицина. На сторінці можна переглянути відкриті факти, вакансії та анонімні відгуки користувачів.",needs_verification,false,rule-based neutral draft; review before publishing
medychnyi-tsentr-novyi-zir,Медичний центр Новий Зір,Медицина,,"Медичний центр Новий Зір — компанія у сфері Медицина. На сторінці можна переглянути відкриті факти, вакансії та анонімні відгуки користувачів.",needs_verification,false,rule-based neutral draft; review before publishing
medychnyi-tsentr-sviatoi-paraskevy,Медичний центр Святої Параскеви,Медицина,,"Медичний центр Святої Параскеви — компанія у сфері Медицина. На сторінці можна переглянути відкриті факти, вакансії та анонімні відгуки користувачів.",needs_verification,false,rule-based neutral draft; review before publishing
media-hrupa-ukraina,Медіа Група Україна,Media,,"Медіа Група Україна — компанія у сфері Media. На сторінці можна переглянути відкриті факти, вакансії та анонімні відгуки користувачів.",needs_verification,false,rule-based neutral draft; review before publishing
medikom,Медіком,Медицина,Київ,"Медіком — компанія у сфері Медицина. Компанія вказана з містом: Київ. На сторінці можна переглянути відкриті факти, вакансії та анонімні відгуки користувачів.",needs_verification,false,rule-based neutral draft; review before publishing
medilabs,Меділабс,Медицина,,"Меділабс — компанія у сфері Медицина. На сторінці можна переглянути відкриті факти, вакансії та анонімні відгуки користувачів.",needs_verification,false,rule-based neutral draft; review before publishing
metinvest,Метінвест,Металургія,,"Метінвест — компанія у сфері Металургія. На сторінці можна переглянути відкриті факти, вакансії та анонімні відгуки користувачів.",needs_verification,false,rule-based neutral draft; review before publishing
metlaif-ukraina,МетЛайф Україна,Страхування,,"МетЛайф Україна — компанія у сфері Страхування. На сторінці можна переглянути відкриті факти, вакансії та анонімні відгуки користувачів.",needs_verification,false,rule-based neutral draft; review before publishing
mykolaivoblenerho,Миколаївобленерго,Енергетика,,"Миколаївобленерго — компанія у сфері Енергетика. На сторінці можна переглянути відкриті факти, вакансії та анонімні відгуки користувачів.",needs_verification,false,rule-based neutral draft; review before publishing
myrhorodska,Миргородська,FMCG,,"Миргородська — компанія у сфері FMCG. На сторінці можна переглянути відкриті факти, вакансії та анонімні відгуки користувачів.",needs_verification,false,rule-based neutral draft; review before publishing
myronivskyi-khliboprodukt,Миронівський хлібопродукт,FMCG,,"Миронівський хлібопродукт — компанія у сфері FMCG. На сторінці можна переглянути відкриті факти, вакансії та анонімні відгуки користувачів.",needs_verification,false,rule-based neutral draft; review before publishing
mizhnarodnyi-aeroport-lviv,Міжнародний аеропорт Львів,Державний сектор,,"Міжнародний аеропорт Львів — компанія у сфері Державний сектор. На сторінці можна переглянути відкриті факти, вакансії та анонімні відгуки користувачів.",needs_verification,false,rule-based neutral draft; review before publishing
ministerstvo-tsyfrovoi-transformatsii-ukrainy,Міністерство цифрової трансформації України,Державний сектор,,"Міністерство цифрової трансформації України — компанія у сфері Державний сектор. На сторінці можна переглянути відкриті факти, вакансії та анонімні відгуки користувачів.",needs_verification,false,rule-based neutral draft; review before publishing
mister-klin,Містер Клін,Побутові послуги,,"Містер Клін — компанія у сфері Побутові послуги. На сторінці можна переглянути відкриті факти, вакансії та анонімні відгуки користувачів.",needs_verification,false,rule-based neutral draft; review before publishing
modern-ekspo,Модерн-Експо,Виробництво,,"Модерн-Експо — компанія у сфері Виробництво. На сторінці можна переглянути відкриті факти, вакансії та анонімні відгуки користувачів.",needs_verification,false,rule-based neutral draft; review before publishing
molokiia,Молокія,FMCG,,"Молокія — компанія у сфері FMCG. На сторінці можна переглянути відкриті факти, вакансії та анонімні відгуки користувачів.",needs_verification,false,rule-based neutral draft; review before publishing
molochnyi-alians,Молочний альянс,FMCG,,"Молочний альянс — компанія у сфері FMCG. На сторінці можна переглянути відкриті факти, вакансії та анонімні відгуки користувачів.",needs_verification,false,rule-based neutral draft; review before publishing
momental,Моментал,Будівництво,,"Моментал — компанія у сфері Будівництво. На сторінці можна переглянути відкриті факти, вакансії та анонімні відгуки користувачів.",needs_verification,false,rule-based neutral draft; review before publishing
morshynska,Моршинська,FMCG,,"Моршинська — компанія у сфері FMCG. На сторінці можна переглянути відкриті факти, вакансії та анонімні відгуки користувачів.",needs_verification,false,rule-based neutral draft; review before publishing
motor-sich,Мотор Січ,Виробництво,,"Мотор Січ — компанія у сфері Виробництво. На сторінці можна переглянути відкриті факти, вакансії та анонімні відгуки користувачів.",needs_verification,false,rule-based neutral draft; review before publishing
motor-bank,Мотор-Банк,Банки і фінанси,,"Мотор-Банк — компанія у сфері Банки і фінанси. На сторінці можна переглянути відкриті факти, вакансії та анонімні відгуки користувачів.",needs_verification,false,rule-based neutral draft; review before publishing
mriia-ahrokholdynh,Мрія Агрохолдинг,Агро,,"Мрія Агрохолдинг — компанія у сфері Агро. На сторінці можна переглянути відкриті факти, вакансії та анонімні відгуки користувачів.",needs_verification,false,rule-based neutral draft; review before publishing
mtb-bank,МТБ Банк,Банки і фінанси,,"МТБ Банк — компанія у сфері Банки і фінанси. На сторінці можна переглянути відкриті факти, вакансії та анонімні відгуки користувачів.",needs_verification,false,rule-based neutral draft; review before publishing
multyservis,Мультисервіс,Побутові послуги,,"Мультисервіс — компанія у сфері Побутові послуги. На сторінці можна переглянути відкриті факти, вакансії та анонімні відгуки користувачів.",needs_verification,false,rule-based neutral draft; review before publishing
murakami,Муракамі,HoReCa,,"Муракамі — компанія у сфері HoReCa. На сторінці можна переглянути відкриті факти, вакансії та анонімні відгуки користувачів.",needs_verification,false,rule-based neutral draft; review before publishing
mkhp,МХП,FMCG,,"МХП — компанія у сфері FMCG. На сторінці можна переглянути відкриті факти, вакансії та анонімні відгуки користувачів.",needs_verification,false,rule-based neutral draft; review before publishing
na-urok,На Урок,Освіта,,"На Урок — компанія у сфері Освіта. На сторінці можна переглянути відкриті факти, вакансії та анонімні відгуки користувачів.",needs_verification,false,rule-based neutral draft; review before publishing
naftohaz,Нафтогаз,Енергетика,,"Нафтогаз — компанія у сфері Енергетика. На сторінці можна переглянути відкриті факти, вакансії та анонімні відгуки користувачів.",needs_verification,false,rule-based neutral draft; review before publishing
naftohaz-ukrainy,Нафтогаз України,Енергетика,Україна,"Нафтогаз України — компанія у сфері Енергетика. Компанія вказана з містом: Україна. На сторінці можна переглянути відкриті факти, вакансії та анонімні відгуки користувачів.",needs_verification,false,rule-based neutral draft; review before publishing
natsionalnyi-bank-ukrainy,Національний банк України,Державний сектор,,"Національний банк України — компанія у сфері Державний сектор. На сторінці можна переглянути відкриті факти, вакансії та анонімні відгуки користувачів.",needs_verification,false,rule-based neutral draft; review before publishing
nash-krai,Наш Край,Ритейл,,"Наш Край — компанія у сфері Ритейл. На сторінці можна переглянути відкриті факти, вакансії та анонімні відгуки користувачів.",needs_verification,false,rule-based neutral draft; review before publishing
nasha-riaba,Наша Ряба,FMCG,,"Наша Ряба — компанія у сфері FMCG. На сторінці можна переглянути відкриті факти, вакансії та анонімні відгуки користувачів.",needs_verification,false,rule-based neutral draft; review before publishing
nibulon,Нібулон,FMCG,,"Нібулон — компанія у сфері FMCG. На сторінці можна переглянути відкриті факти, вакансії та анонімні відгуки користувачів.",needs_verification,false,rule-based neutral draft; review before publishing
nibulon-ahro,Нібулон Агро,Агро,,"Нібулон Агро — компанія у сфері Агро. На сторінці можна переглянути відкриті факти, вакансії та анонімні відгуки користувачів.",needs_verification,false,rule-based neutral draft; review before publishing
niko-avto,Ніко Авто,Авто,,"Ніко Авто — компанія у сфері Авто. На сторінці можна переглянути відкриті факти, вакансії та анонімні відгуки користувачів.",needs_verification,false,rule-based neutral draft; review before publishing
nikopolskyi-zavod-ferosplaviv,Нікопольський завод феросплавів,Металургія,,"Нікопольський завод феросплавів — компанія у сфері Металургія. На сторінці можна переглянути відкриті факти, вакансії та анонімні відгуки користувачів.",needs_verification,false,rule-based neutral draft; review before publishing
nichnyi-ekspres,Нічний Експрес,Логістика,,"Нічний Експрес — компанія у сфері Логістика. На сторінці можна переглянути відкриті факти, вакансії та анонімні відгуки користувачів.",needs_verification,false,rule-based neutral draft; review before publishing
nova-hlobal,Нова Глобал,Логістика,,"Нова Глобал — компанія у сфері Логістика. На сторінці можна переглянути відкриті факти, вакансії та анонімні відгуки користувачів.",needs_verification,false,rule-based neutral draft; review before publishing
nova-kava,Нова Кава,HoReCa,,"Нова Кава — компанія у сфері HoReCa. На сторінці можна переглянути відкриті факти, вакансії та анонімні відгуки користувачів.",needs_verification,false,rule-based neutral draft; review before publishing
nova-liniia,Нова Лінія,Ритейл,,"Нова Лінія — компанія у сфері Ритейл. На сторінці можна переглянути відкриті факти, вакансії та анонімні відгуки користувачів.",needs_verification,false,rule-based neutral draft; review before publishing
nova-poshta,Нова Пошта,Логістика,,"Нова Пошта — компанія у сфері Логістика. На сторінці можна переглянути відкриті факти, вакансії та анонімні відгуки користувачів.",needs_verification,false,rule-based neutral draft; review before publishing
nova-poshta-hlobal,Нова Пошта Глобал,Логістика,,"Нова Пошта Глобал — компанія у сфері Логістика. На сторінці можна переглянути відкриті факти, вакансії та анонімні відгуки користувачів.",needs_verification,false,rule-based neutral draft; review before publishing
nova-poshta-servis,Нова пошта Сервіс,Побутові послуги,,"Нова пошта Сервіс — компанія у сфері Побутові послуги. На сторінці можна переглянути відкриті факти, вакансії та анонімні відгуки користувачів.",needs_verification,false,rule-based neutral draft; review before publishing
novabudova,НоваБудова,Нерухомість,,"НоваБудова — компанія у сфері Нерухомість. На сторінці можна переглянути відкриті факти, вакансії та анонімні відгуки користувачів.",needs_verification,false,rule-based neutral draft; review before publishing
novyi-kanal,Новий канал,Media,,"Новий канал — компанія у сфері Media. На сторінці можна переглянути відкриті факти, вакансії та анонімні відгуки користувачів.",needs_verification,false,rule-based neutral draft; review before publishing
nfau,НФаУ,Освіта,,"НФаУ — компанія у сфері Освіта. На сторінці можна переглянути відкриті факти, вакансії та анонімні відгуки користувачів.",needs_verification,false,rule-based neutral draft; review before publishing
oberih,Оберіг,Медицина,,"Оберіг — компанія у сфері Медицина. На сторінці можна переглянути відкриті факти, вакансії та анонімні відгуки користувачів.",needs_verification,false,rule-based neutral draft; review before publishing
obolon,Оболонь,FMCG,,"Оболонь — компанія у сфері FMCG. На сторінці можна переглянути відкриті факти, вакансії та анонімні відгуки користувачів.",needs_verification,false,rule-based neutral draft; review before publishing
odesaoblenerho,Одесаобленерго,Енергетика,,"Одесаобленерго — компанія у сфері Енергетика. На сторінці можна переглянути відкриті факти, вакансії та анонімні відгуки користувачів.",needs_verification,false,rule-based neutral draft; review before publishing
odeskabel,Одескабель,Виробництво,,"Одескабель — компанія у сфері Виробництво. На сторінці можна переглянути відкриті факти, вакансії та анонімні відгуки користувачів.",needs_verification,false,rule-based neutral draft; review before publishing
odeskyi-morskyi-port,Одеський морський порт,Державний сектор,,"Одеський морський порт — компанія у сфері Державний сектор. На сторінці можна переглянути відкриті факти, вакансії та анонімні відгуки користувачів.",needs_verification,false,rule-based neutral draft; review before publishing
odeskyi-natsionalnyi-universytet-imeni-mechnykova,Одеський національний університет імені Мечникова,Освіта,,"Одеський національний університет імені Мечникова — компанія у сфері Освіта. На сторінці можна переглянути відкриті факти, вакансії та анонімні відгуки користувачів.",needs_verification,false,rule-based neutral draft; review before publishing
okko-cafe,ОККО Cafe,HoReCa,,"ОККО Cafe — компанія у сфері HoReCa. На сторінці можна переглянути відкриті факти, вакансії та анонімні відгуки користувачів.",needs_verification,false,rule-based neutral draft; review before publishing
oksford-medikal,Оксфорд Медікал,Медицина,Київ,"Оксфорд Медікал — компанія у сфері Медицина. Компанія вказана з містом: Київ. На сторінці можна переглянути відкриті факти, вакансії та анонімні відгуки користувачів.",needs_verification,false,rule-based neutral draft; review before publishing
oranta,Оранта,Страхування,,"Оранта — компанія у сфері Страхування. На сторінці можна переглянути відкриті факти, вакансії та анонімні відгуки користувачів.",needs_verification,false,rule-based neutral draft; review before publishing
orhanosin,Органосін,Фармацевтика,,"Органосін — компанія у сфері Фармацевтика. На сторінці можна переглянути відкриті факти, вакансії та анонімні відгуки користувачів.",needs_verification,false,rule-based neutral draft; review before publishing
osvitoriia,Освіторія,Освіта,,"Освіторія — компанія у сфері Освіта. На сторінці можна переглянути відкриті факти, вакансії та анонімні відгуки користувачів.",needs_verification,false,rule-based neutral draft; review before publishing
okhmatdyt,Охматдит,Медицина,,"Охматдит — компанія у сфері Медицина. На сторінці можна переглянути відкриті факти, вакансії та анонімні відгуки користувачів.",needs_verification,false,rule-based neutral draft; review before publishing
okhorona-i-bezpeka,Охорона і Безпека,Безпека,,"Охорона і Безпека — компанія у сфері Безпека. На сторінці можна переглянути відкриті факти, вакансії та анонімні відгуки користувачів.",needs_verification,false,rule-based neutral draft; review before publishing
okhoronnyi-kholdingh,Охоронний Холдинг,Безпека,,"Охоронний Холдинг — компанія у сфері Безпека. На сторінці можна переглянути відкриті факти, вакансії та анонімні відгуки користувачів.",needs_verification,false,rule-based neutral draft; review before publishing
okhoronnyi-kholdynh-sheriff,Охоронний холдинг Sheriff,Безпека,Україна,"Охоронний холдинг Sheriff — компанія у сфері Безпека. Компанія вказана з містом: Україна. На сторінці можна переглянути відкриті факти, вакансії та анонімні відгуки користувачів.",needs_verification,false,rule-based neutral draft; review before publishing
oshchadbank,Ощадбанк,Банки і фінанси,,"Ощадбанк — компанія у сфері Банки і фінанси. На сторінці можна переглянути відкриті факти, вакансії та анонімні відгуки користувачів.",needs_verification,false,rule-based neutral draft; review before publishing
persha-pryvatna-brovarnia,Перша приватна броварня,FMCG,,"Перша приватна броварня — компанія у сфері FMCG. На сторінці можна переглянути відкриті факти, вакансії та анонімні відгуки користувачів.",needs_verification,false,rule-based neutral draft; review before publishing
pivdenmash,Південмаш,Виробництво,,"Південмаш — компанія у сфері Виробництво. На сторінці можна переглянути відкриті факти, вакансії та анонімні відгуки користувачів.",needs_verification,false,rule-based neutral draft; review before publishing
pivdennyi-hzk,Південний ГЗК,Металургія,,"Південний ГЗК — компанія у сфері Металургія. На сторінці можна переглянути відкриті факти, вакансії та анонімні відгуки користувачів.",needs_verification,false,rule-based neutral draft; review before publishing
pivdennyi-morskyi-port,Південний морський порт,Державний сектор,,"Південний морський порт — компанія у сфері Державний сектор. На сторінці можна переглянути відкриті факти, вакансії та анонімні відгуки користувачів.",needs_verification,false,rule-based neutral draft; review before publishing
pivnichnyi-hzk,Північний ГЗК,Металургія,,"Північний ГЗК — компанія у сфері Металургія. На сторінці можна переглянути відкриті факти, вакансії та анонімні відгуки користувачів.",needs_verification,false,rule-based neutral draft; review before publishing
pireus-bank,Піреус Банк,Банки і фінанси,,"Піреус Банк — компанія у сфері Банки і фінанси. На сторінці можна переглянути відкриті факти, вакансії та анонімні відгуки користувачів.",needs_verification,false,rule-based neutral draft; review before publishing
planeta-zdorovia,Планета Здоров'я,Фармацевтика,,"Планета Здоров'я — компанія у сфері Фармацевтика. На сторінці можна переглянути відкриті факти, вакансії та анонімні відгуки користувачів.",needs_verification,false,rule-based neutral draft; review before publishing
planeta-kino-cafe,Планета Кіно Cafe,HoReCa,,"Планета Кіно Cafe — компанія у сфері HoReCa. На сторінці можна переглянути відкриті факти, вакансії та анонімні відгуки користувачів.",needs_verification,false,rule-based neutral draft; review before publishing
podilskyi-tsentr-zoru,Подільський центр зору,Медицина,,"Подільський центр зору — компанія у сфері Медицина. На сторінці можна переглянути відкриті факти, вакансії та анонімні відгуки користувачів.",needs_verification,false,rule-based neutral draft; review before publishing
podorozhnyk,Подорожник,Фармацевтика,,"Подорожник — компанія у сфері Фармацевтика. На сторінці можна переглянути відкриті факти, вакансії та анонімні відгуки користувачів.",needs_verification,false,rule-based neutral draft; review before publishing
poltava-bank,Полтава-банк,Банки і фінанси,,"Полтава-банк — компанія у сфері Банки і фінанси. На сторінці можна переглянути відкриті факти, вакансії та анонімні відгуки користувачів.",needs_verification,false,rule-based neutral draft; review before publishing
poltavaoblenerho,Полтаваобленерго,Енергетика,,"Полтаваобленерго — компанія у сфері Енергетика. На сторінці можна переглянути відкриті факти, вакансії та анонімні відгуки користувачів.",needs_verification,false,rule-based neutral draft; review before publishing
poltavskyi-hzk,Полтавський ГЗК,Металургія,,"Полтавський ГЗК — компанія у сфері Металургія. На сторінці можна переглянути відкриті факти, вакансії та анонімні відгуки користувачів.",needs_verification,false,rule-based neutral draft; review before publishing
praveks-bank,Правекс Банк,Банки і фінанси,,"Правекс Банк — компанія у сфері Банки і фінанси. На сторінці можна переглянути відкриті факти, вакансії та анонімні відгуки користувачів.",needs_verification,false,rule-based neutral draft; review before publishing
pralnia-fresh,Пральня Fresh,Побутові послуги,,"Пральня Fresh — компанія у сфері Побутові послуги. На сторінці можна переглянути відкриті факти, вакансії та анонімні відгуки користувачів.",needs_verification,false,rule-based neutral draft; review before publishing
privatbank,ПриватБанк,Банки і фінанси,,"ПриватБанк — компанія у сфері Банки і фінанси. На сторінці можна переглянути відкриті факти, вакансії та анонімні відгуки користувачів.",needs_verification,false,rule-based neutral draft; review before publishing
prykarpattiaoblenerho,Прикарпаттяобленерго,Енергетика,,"Прикарпаттяобленерго — компанія у сфері Енергетика. На сторінці можна переглянути відкриті факти, вакансії та анонімні відгуки користувачів.",needs_verification,false,rule-based neutral draft; review before publishing
pryluky,Прилуки,FMCG,,"Прилуки — компанія у сфері FMCG. На сторінці можна переглянути відкриті факти, вакансії та анонімні відгуки користувачів.",needs_verification,false,rule-based neutral draft; review before publishing
providna,Провідна,Страхування,,"Провідна — компанія у сфері Страхування. На сторінці можна переглянути відкриті факти, вакансії та анонімні відгуки користувачів.",needs_verification,false,rule-based neutral draft; review before publishing
prozorro,Прозорро,Державний сектор,,"Прозорро — компанія у сфері Державний сектор. На сторінці можна переглянути відкриті факти, вакансії та анонімні відгуки користувачів.",needs_verification,false,rule-based neutral draft; review before publishing
prokredyt-bank,ПроКредит Банк,Банки і фінанси,,"ПроКредит Банк — компанія у сфері Банки і фінанси. На сторінці можна переглянути відкриті факти, вакансії та анонімні відгуки користувачів.",needs_verification,false,rule-based neutral draft; review before publishing
prometei,Прометей,Агро,,"Прометей — компанія у сфері Агро. На сторінці можна переглянути відкриті факти, вакансії та анонімні відгуки користувачів.",needs_verification,false,rule-based neutral draft; review before publishing
promprylad,Промприлад,Виробництво,,"Промприлад — компанія у сфері Виробництво. На сторінці можна переглянути відкриті факти, вакансії та анонімні відгуки користувачів.",needs_verification,false,rule-based neutral draft; review before publishing
puzata-khata,Пузата Хата,HoReCa,,"Пузата Хата — компанія у сфері HoReCa. На сторінці можна переглянути відкриті факти, вакансії та анонімні відгуки користувачів.",needs_verification,false,rule-based neutral draft; review before publishing
pumb,ПУМБ,Банки і фінанси,,"ПУМБ — компанія у сфері Банки і фінанси. На сторінці можна переглянути відкриті факти, вакансії та анонімні відгуки користувачів.",needs_verification,false,rule-based neutral draft; review before publishing
radabank,Радабанк,Банки і фінанси,,"Радабанк — компанія у сфері Банки і фінанси. На сторінці можна переглянути відкриті факти, вакансії та анонімні відгуки користувачів.",needs_verification,false,rule-based neutral draft; review before publishing
raiffeisen-bank,Райффайзен Банк,Банки і фінанси,Київ,"Райффайзен Банк — компанія у сфері Банки і фінанси. Компанія вказана з містом: Київ. На сторінці можна переглянути відкриті факти, вакансії та анонімні відгуки користувачів.",needs_verification,false,rule-based neutral draft; review before publishing
raiffaizen-bank,Райффайзен Банк,Банки і фінанси,,"Райффайзен Банк — компанія у сфері Банки і фінанси. На сторінці можна переглянути відкриті факти, вакансії та анонімні відгуки користувачів.",needs_verification,false,rule-based neutral draft; review before publishing
rebernia-pid-arsenalom,Реберня під Арсеналом,HoReCa,,"Реберня під Арсеналом — компанія у сфері HoReCa. На сторінці можна переглянути відкриті факти, вакансії та анонімні відгуки користувачів.",needs_verification,false,rule-based neutral draft; review before publishing
rivneoblenerho,Рівнеобленерго,Енергетика,,"Рівнеобленерго — компанія у сфері Енергетика. На сторінці можна переглянути відкриті факти, вакансії та анонімні відгуки користувачів.",needs_verification,false,rule-based neutral draft; review before publishing
riel,РІЕЛ,Нерухомість,,"РІЕЛ — компанія у сфері Нерухомість. На сторінці можна переглянути відкриті факти, вакансії та анонімні відгуки користувачів.",needs_verification,false,rule-based neutral draft; review before publishing
rud,Рудь,FMCG,,"Рудь — компанія у сфері FMCG. На сторінці можна переглянути відкриті факти, вакансії та анонімні відгуки користувачів.",needs_verification,false,rule-based neutral draft; review before publishing
rukavychka,Рукавичка,Ритейл,,"Рукавичка — компанія у сфері Ритейл. На сторінці можна переглянути відкриті факти, вакансії та анонімні відгуки користувачів.",needs_verification,false,rule-based neutral draft; review before publishing
sb-hrup,СБ Груп,Безпека,,"СБ Груп — компанія у сфері Безпека. На сторінці можна переглянути відкриті факти, вакансії та анонімні відгуки користувачів.",needs_verification,false,rule-based neutral draft; review before publishing
svaroh-vest-hrup,Сварог Вест Груп,Агро,,"Сварог Вест Груп — компанія у сфері Агро. На сторінці можна переглянути відкриті факти, вакансії та анонімні відгуки користувачів.",needs_verification,false,rule-based neutral draft; review before publishing
sentravis,Сентравіс,Металургія,,"Сентравіс — компанія у сфері Металургія. На сторінці можна переглянути відкриті факти, вакансії та анонімні відгуки користувачів.",needs_verification,false,rule-based neutral draft; review before publishing
servisnyi-tsentr-ruky,Сервісний центр Руки,Побутові послуги,,"Сервісний центр Руки — компанія у сфері Побутові послуги. На сторінці можна переглянути відкриті факти, вакансії та анонімні відгуки користувачів.",needs_verification,false,rule-based neutral draft; review before publishing
silpo,Сільпо,Ритейл,,"Сільпо — компанія у сфері Ритейл. На сторінці можна переглянути відкриті факти, вакансії та анонімні відгуки користувачів.",needs_verification,false,rule-based neutral draft; review before publishing
simia-restoraniv-dmytra-borysova,Сім'я ресторанів Дмитра Борисова,HoReCa,,"Сім'я ресторанів Дмитра Борисова — компанія у сфері HoReCa. На сторінці можна переглянути відкриті факти, вакансії та анонімні відгуки користувачів.",needs_verification,false,rule-based neutral draft; review before publishing
sinevo,Сінево,Медицина,,"Сінево — компанія у сфері Медицина. На сторінці можна переглянути відкриті факти, вакансії та анонімні відгуки користувачів.",needs_verification,false,rule-based neutral draft; review before publishing
sirius,Сіріус,Безпека,,"Сіріус — компанія у сфері Безпека. На сторінці можна переглянути відкриті факти, вакансії та анонімні відгуки користувачів.",needs_verification,false,rule-based neutral draft; review before publishing
skf-ukraina,СКФ Україна,Виробництво,,"СКФ Україна — компанія у сфері Виробництво. На сторінці можна переглянути відкриті факти, вакансії та анонімні відгуки користувачів.",needs_verification,false,rule-based neutral draft; review before publishing
smartlab,Смартлаб,Медицина,,"Смартлаб — компанія у сфері Медицина. На сторінці можна переглянути відкриті факти, вакансії та анонімні відгуки користувачів.",needs_verification,false,rule-based neutral draft; review before publishing
sportmaster-ukraina,Спортмастер Україна,Ритейл,,"Спортмастер Україна — компанія у сфері Ритейл. На сторінці можна переглянути відкриті факти, вакансії та анонімні відгуки користувачів.",needs_verification,false,rule-based neutral draft; review before publishing
stalkanat,Стальканат,Будівництво,,"Стальканат — компанія у сфері Будівництво. На сторінці можна переглянути відкриті факти, вакансії та анонімні відгуки користувачів.",needs_verification,false,rule-based neutral draft; review before publishing
status-bezpeka,Статус Безпека,Безпека,,"Статус Безпека — компанія у сфері Безпека. На сторінці можна переглянути відкриті факти, вакансії та анонімні відгуки користувачів.",needs_verification,false,rule-based neutral draft; review before publishing
stb,СТБ,Media,,"СТБ — компанія у сфері Media. На сторінці можна переглянути відкриті факти, вакансії та анонімні відгуки користувачів.",needs_verification,false,rule-based neutral draft; review before publishing
suspilne,Суспільне,Media,,"Суспільне — компанія у сфері Media. На сторінці можна переглянути відкриті факти, вакансії та анонімні відгуки користувачів.",needs_verification,false,rule-based neutral draft; review before publishing
sushyia,Сушия,HoReCa,Україна,"Сушия — компанія у сфері HoReCa. Компанія вказана з містом: Україна. На сторінці можна переглянути відкриті факти, вакансії та анонімні відгуки користувачів.",needs_verification,false,rule-based neutral draft; review before publishing
tavriia-v,Таврія В,Ритейл,,"Таврія В — компанія у сфері Ритейл. На сторінці можна переглянути відкриті факти, вакансії та анонімні відгуки користувачів.",needs_verification,false,rule-based neutral draft; review before publishing
tas-strakhuvannia,ТАС Страхування,Страхування,,"ТАС Страхування — компанія у сфері Страхування. На сторінці можна переглянути відкриті факти, вакансії та анонімні відгуки користувачів.",needs_verification,false,rule-based neutral draft; review before publishing
taskombank,Таскомбанк,Банки і фінанси,,"Таскомбанк — компанія у сфері Банки і фінанси. На сторінці можна переглянути відкриті факти, вакансії та анонімні відгуки користувачів.",needs_verification,false,rule-based neutral draft; review before publishing
tek-raben-ukraina,ТЕК Рабен Україна,Логістика,,"ТЕК Рабен Україна — компанія у сфері Логістика. На сторінці можна переглянути відкриті факти, вакансії та анонімні відгуки користувачів.",needs_verification,false,rule-based neutral draft; review before publishing
terra-fud,Терра Фуд,FMCG,,"Терра Фуд — компанія у сфері FMCG. На сторінці можна переглянути відкриті факти, вакансії та анонімні відгуки користувачів.",needs_verification,false,rule-based neutral draft; review before publishing
tekhno-izhak,Техно Їжак,Ритейл,,"Техно Їжак — компанія у сфері Ритейл. На сторінці можна переглянути відкриті факти, вакансії та анонімні відгуки користувачів.",needs_verification,false,rule-based neutral draft; review before publishing
tekhnokom,Техноком,Виробництво,,"Техноком — компанія у сфері Виробництво. На сторінці можна переглянути відкриті факти, вакансії та анонімні відгуки користувачів.",needs_verification,false,rule-based neutral draft; review before publishing
tekhnonikol-ukraina,Техноніколь Україна,Будівництво,,"Техноніколь Україна — компанія у сфері Будівництво. На сторінці можна переглянути відкриті факти, вакансії та анонімні відгуки користувачів.",needs_verification,false,rule-based neutral draft; review before publishing
tophard,ТопГард,Безпека,,"ТопГард — компанія у сфері Безпека. На сторінці можна переглянути відкриті факти, вакансії та анонімні відгуки користувачів.",needs_verification,false,rule-based neutral draft; review before publishing
try-vedmedi,Три Ведмеді,FMCG,,"Три Ведмеді — компанія у сфері FMCG. На сторінці можна переглянути відкриті факти, вакансії та анонімні відгуки користувачів.",needs_verification,false,rule-based neutral draft; review before publishing
ukrainski-enerhetychni-mashyny,Турбоатом / Українські енергетичні машини,Виробництво,,"Турбоатом / Українські енергетичні машини — компанія у сфері Виробництво. На сторінці можна переглянути відкриті факти, вакансії та анонімні відгуки користувачів.",needs_verification,false,rule-based neutral draft; review before publishing
uberem,Уберем,Побутові послуги,,"Уберем — компанія у сфері Побутові послуги. На сторінці можна переглянути відкриті факти, вакансії та анонімні відгуки користувачів.",needs_verification,false,rule-based neutral draft; review before publishing
ukravto,УкрАвто,Авто,,"УкрАвто — компанія у сфері Авто. На сторінці можна переглянути відкриті факти, вакансії та анонімні відгуки користувачів.",needs_verification,false,rule-based neutral draft; review before publishing
ukravtodor,Укравтодор,Державний сектор,,"Укравтодор — компанія у сфері Державний сектор. На сторінці можна переглянути відкриті факти, вакансії та анонімні відгуки користувачів.",needs_verification,false,rule-based neutral draft; review before publishing
ukraerorukh,Украерорух,Державний сектор,,"Украерорух — компанія у сфері Державний сектор. На сторінці можна переглянути відкриті факти, вакансії та анонімні відгуки користувачів.",needs_verification,false,rule-based neutral draft; review before publishing
ukrainska-hirnycho-metalurhiina-kompaniia,Українська гірничо-металургійна компанія,Металургія,,"Українська гірничо-металургійна компанія — компанія у сфері Металургія. На сторінці можна переглянути відкриті факти, вакансії та анонімні відгуки користувачів.",needs_verification,false,rule-based neutral draft; review before publishing
ukrainska-pravda,Українська правда,Media,,"Українська правда — компанія у сфері Media. На сторінці можна переглянути відкриті факти, вакансії та анонімні відгуки користувачів.",needs_verification,false,rule-based neutral draft; review before publishing
ukrainska-strakhova-hrupa,Українська страхова група,Страхування,,"Українська страхова група — компанія у сфері Страхування. На сторінці можна переглянути відкриті факти, вакансії та анонімні відгуки користувачів.",needs_verification,false,rule-based neutral draft; review before publishing
ukrainskyi-veteranskyi-fond,Український ветеранський фонд,Державний сектор,,"Український ветеранський фонд — компанія у сфері Державний сектор. На сторінці можна переглянути відкриті факти, вакансії та анонімні відгуки користувачів.",needs_verification,false,rule-based neutral draft; review before publishing
ukrainskyi-instytut,Український інститут,Державний сектор,,"Український інститут — компанія у сфері Державний сектор. На сторінці можна переглянути відкриті факти, вакансії та анонімні відгуки користувачів.",needs_verification,false,rule-based neutral draft; review before publishing
ukrainskyi-katolytskyi-universytet,Український католицький університет,Освіта,,"Український католицький університет — компанія у сфері Освіта. На сторінці можна переглянути відкриті факти, вакансії та анонімні відгуки користувачів.",needs_verification,false,rule-based neutral draft; review before publishing
ukrainskyi-kulturnyi-fond,Український культурний фонд,Державний сектор,,"Український культурний фонд — компанія у сфері Державний сектор. На сторінці можна переглянути відкриті факти, вакансії та анонімні відгуки користувачів.",needs_verification,false,rule-based neutral draft; review before publishing
ukrainskyi-fond-startapiv,Український фонд стартапів,Державний сектор,,"Український фонд стартапів — компанія у сфері Державний сектор. На сторінці можна переглянути відкриті факти, вакансії та анонімні відгуки користувачів.",needs_verification,false,rule-based neutral draft; review before publishing
ukrhazbank,Укргазбанк,Банки і фінанси,,"Укргазбанк — компанія у сфері Банки і фінанси. На сторінці можна переглянути відкриті факти, вакансії та анонімні відгуки користувачів.",needs_verification,false,rule-based neutral draft; review before publishing
ukrhazvydobuvannia,Укргазвидобування,Енергетика,,"Укргазвидобування — компанія у сфері Енергетика. На сторінці можна переглянути відкриті факти, вакансії та анонімні відгуки користувачів.",needs_verification,false,rule-based neutral draft; review before publishing
ukrhidroenerho,Укргідроенерго,Енергетика,,"Укргідроенерго — компанія у сфері Енергетика. На сторінці можна переглянути відкриті факти, вакансії та анонімні відгуки користувачів.",needs_verification,false,rule-based neutral draft; review before publishing
ukrenerho,Укренерго,Енергетика,,"Укренерго — компанія у сфері Енергетика. На сторінці можна переглянути відкриті факти, вакансії та анонімні відгуки користувачів.",needs_verification,false,rule-based neutral draft; review before publishing
ukrzaliznytsia,Укрзалізниця,Державний сектор,,"Укрзалізниця — компанія у сфері Державний сектор. На сторінці можна переглянути відкриті факти, вакансії та анонімні відгуки користувачів.",needs_verification,false,rule-based neutral draft; review before publishing
ukrinfraproekt,Укрінфрапроект,Державний сектор,,"Укрінфрапроект — компанія у сфері Державний сектор. На сторінці можна переглянути відкриті факти, вакансії та анонімні відгуки користувачів.",needs_verification,false,rule-based neutral draft; review before publishing
ukrlohistyka,Укрлогістика,Логістика,,"Укрлогістика — компанія у сфері Логістика. На сторінці можна переглянути відкриті факти, вакансії та анонімні відгуки користувачів.",needs_verification,false,rule-based neutral draft; review before publishing
ukrnafta,Укрнафта,Енергетика,,"Укрнафта — компанія у сфері Енергетика. На сторінці можна переглянути відкриті факти, вакансії та анонімні відгуки користувачів.",needs_verification,false,rule-based neutral draft; review before publishing
ukroboronprom,Укроборонпром,Державний сектор,,"Укроборонпром — компанія у сфері Державний сектор. На сторінці можна переглянути відкриті факти, вакансії та анонімні відгуки користувачів.",needs_verification,false,rule-based neutral draft; review before publishing
ukrpatent,Укрпатент,Державний сектор,,"Укрпатент — компанія у сфері Державний сектор. На сторінці можна переглянути відкриті факти, вакансії та анонімні відгуки користувачів.",needs_verification,false,rule-based neutral draft; review before publishing
ukrposhta,Укрпошта,Логістика,,"Укрпошта — компанія у сфері Логістика. На сторінці можна переглянути відкриті факти, вакансії та анонімні відгуки користувачів.",needs_verification,false,rule-based neutral draft; review before publishing
ukrsybbank,Укрсиббанк,Банки і фінанси,,"Укрсиббанк — компанія у сфері Банки і фінанси. На сторінці можна переглянути відкриті факти, вакансії та анонімні відгуки користувачів.",needs_verification,false,rule-based neutral draft; review before publishing
ukrspetseksport,Укрспецекспорт,Державний сектор,,"Укрспецекспорт — компанія у сфері Державний сектор. На сторінці можна переглянути відкриті факти, вакансії та анонімні відгуки користувачів.",needs_verification,false,rule-based neutral draft; review before publishing
ukrtelekom,Укртелеком,Telecom,,"Укртелеком — компанія у сфері Telecom. На сторінці можна переглянути відкриті факти, вакансії та анонімні відгуки користувачів.",needs_verification,false,rule-based neutral draft; review before publishing
universal-bank,Універсал Банк,Банки і фінанси,,"Універсал Банк — компанія у сфері Банки і фінанси. На сторінці можна переглянути відкриті факти, вакансії та анонімні відгуки користувачів.",needs_verification,false,rule-based neutral draft; review before publishing
universalna,Універсальна,Страхування,,"Універсальна — компанія у сфері Страхування. На сторінці можна переглянути відкриті факти, вакансії та анонімні відгуки користувачів.",needs_verification,false,rule-based neutral draft; review before publishing
faino-market,Файно Маркет,Ритейл,,"Файно Маркет — компанія у сфері Ритейл. На сторінці можна переглянути відкриті факти, вакансії та анонімні відгуки користувачів.",needs_verification,false,rule-based neutral draft; review before publishing
farma-start,Фарма Старт,Фармацевтика,,"Фарма Старт — компанія у сфері Фармацевтика. На сторінці можна переглянути відкриті факти, вакансії та анонімні відгуки користувачів.",needs_verification,false,rule-based neutral draft; review before publishing
farmak,Фармак,Фармацевтика,,"Фармак — компанія у сфері Фармацевтика. На сторінці можна переглянути відкриті факти, вакансії та анонімні відгуки користувачів.",needs_verification,false,rule-based neutral draft; review before publishing
farmastor,Фармастор,Фармацевтика,,"Фармастор — компанія у сфері Фармацевтика. На сторінці можна переглянути відкриті факти, вакансії та анонімні відгуки користувачів.",needs_verification,false,rule-based neutral draft; review before publishing
feofaniia,Феофанія,Медицина,,"Феофанія — компанія у сфері Медицина. На сторінці можна переглянути відкриті факти, вакансії та анонімні відгуки користувачів.",needs_verification,false,rule-based neutral draft; review before publishing
fitofarm,Фітофарм,Фармацевтика,,"Фітофарм — компанія у сфері Фармацевтика. На сторінці можна переглянути відкриті факти, вакансії та анонімні відгуки користувачів.",needs_verification,false,rule-based neutral draft; review before publishing
fozzi,Фоззі,Ритейл,Україна,"Фоззі — компанія у сфері Ритейл. Компанія вказана з містом: Україна. На сторінці можна переглянути відкриті факти, вакансії та анонімні відгуки користувачів.",needs_verification,false,rule-based neutral draft; review before publishing
fokstrot,Фокстрот,Ритейл,,"Фокстрот — компанія у сфері Ритейл. На сторінці можна переглянути відкриті факти, вакансії та анонімні відгуки користувачів.",needs_verification,false,rule-based neutral draft; review before publishing
kharkivoblenerho,Харківобленерго,Енергетика,,"Харківобленерго — компанія у сфері Енергетика. На сторінці можна переглянути відкриті факти, вакансії та анонімні відгуки користувачів.",needs_verification,false,rule-based neutral draft; review before publishing
kharkivskyi-natsionalnyi-universytet-imeni-karazina,Харківський національний університет імені Каразіна,Освіта,,"Харківський національний університет імені Каразіна — компанія у сфері Освіта. На сторінці можна переглянути відкриті факти, вакансії та анонімні відгуки користувачів.",needs_verification,false,rule-based neutral draft; review before publishing
khimchystka-kims,Хімчистка KIMS,Побутові послуги,,"Хімчистка KIMS — компанія у сфері Побутові послуги. На сторінці можна переглянути відкриті факти, вакансії та анонімні відгуки користувачів.",needs_verification,false,rule-based neutral draft; review before publishing
khimchystka-unmomento,Хімчистка UNMOMENTO,Побутові послуги,,"Хімчистка UNMOMENTO — компанія у сфері Побутові послуги. На сторінці можна переглянути відкриті факти, вакансії та анонімні відгуки користувачів.",needs_verification,false,rule-based neutral draft; review before publishing
khlibnyi,Хлібний,HoReCa,,"Хлібний — компанія у сфері HoReCa. На сторінці можна переглянути відкриті факти, вакансії та анонімні відгуки користувачів.",needs_verification,false,rule-based neutral draft; review before publishing
khlibodar,Хлібодар,FMCG,,"Хлібодар — компанія у сфері FMCG. На сторінці можна переглянути відкриті факти, вакансії та анонімні відгуки користувачів.",needs_verification,false,rule-based neutral draft; review before publishing
khmelnytskoblenerho,Хмельницькобленерго,Енергетика,,"Хмельницькобленерго — компанія у сфері Енергетика. На сторінці можна переглянути відкриті факти, вакансії та анонімні відгуки користувачів.",needs_verification,false,rule-based neutral draft; review before publishing
khortytsia,Хортиця,FMCG,,"Хортиця — компанія у сфері FMCG. На сторінці можна переглянути відкриті факти, вакансії та анонімні відгуки користувачів.",needs_verification,false,rule-based neutral draft; review before publishing
tsentr-hromadskoho-zdorovia-moz-ukrainy,Центр громадського здоров'я МОЗ України,Державний сектор,,"Центр громадського здоров'я МОЗ України — компанія у сфері Державний сектор. На сторінці можна переглянути відкриті факти, вакансії та анонімні відгуки користувачів.",needs_verification,false,rule-based neutral draft; review before publishing
tsentralnyi-hzk,Центральний ГЗК,Металургія,,"Центральний ГЗК — компанія у сфері Металургія. На сторінці можна переглянути відкриті факти, вакансії та анонімні відгуки користувачів.",needs_verification,false,rule-based neutral draft; review before publishing
tsytrus,Цитрус,Ритейл,,"Цитрус — компанія у сфері Ритейл. На сторінці можна переглянути відкриті факти, вакансії та анонімні відгуки користувачів.",needs_verification,false,rule-based neutral draft; review before publishing
tsum-kyiv,ЦУМ Київ,Ритейл,,"ЦУМ Київ — компанія у сфері Ритейл. На сторінці можна переглянути відкриті факти, вакансії та анонімні відгуки користувачів.",needs_verification,false,rule-based neutral draft; review before publishing
chervonyi-market,Червоний Маркет,Ритейл,,"Червоний Маркет — компанія у сфері Ритейл. На сторінці можна переглянути відкриті факти, вакансії та анонімні відгуки користувачів.",needs_verification,false,rule-based neutral draft; review before publishing
cherkasyoblenerho,Черкасиобленерго,Енергетика,,"Черкасиобленерго — компанія у сфері Енергетика. На сторінці можна переглянути відкриті факти, вакансії та анонімні відгуки користувачів.",needs_verification,false,rule-based neutral draft; review before publishing
chernihivoblenerho,Чернігівобленерго,Енергетика,,"Чернігівобленерго — компанія у сфері Енергетика. На сторінці можна переглянути відкриті факти, вакансії та анонімні відгуки користувачів.",needs_verification,false,rule-based neutral draft; review before publishing
chysta-khata,Чиста Хата,Побутові послуги,,"Чиста Хата — компанія у сфері Побутові послуги. На сторінці можна переглянути відкриті факти, вакансії та анонімні відгуки користувачів.",needs_verification,false,rule-based neutral draft; review before publishing
chystota-servis,Чистота Сервіс,Побутові послуги,,"Чистота Сервіс — компанія у сфері Побутові послуги. На сторінці можна переглянути відкриті факти, вакансії та анонімні відгуки користувачів.",needs_verification,false,rule-based neutral draft; review before publishing
chornomorka,Чорноморка,HoReCa,,"Чорноморка — компанія у сфері HoReCa. На сторінці можна переглянути відкриті факти, вакансії та анонімні відгуки користувачів.",needs_verification,false,rule-based neutral draft; review before publishing
chumak,Чумак,FMCG,,"Чумак — компанія у сфері FMCG. На сторінці можна переглянути відкриті факти, вакансії та анонімні відгуки користувачів.",needs_verification,false,rule-based neutral draft; review before publishing
shostka,Шостка,FMCG,,"Шостка — компанія у сфері FMCG. На сторінці можна переглянути відкриті факти, вакансії та анонімні відгуки користувачів.",needs_verification,false,rule-based neutral draft; review before publishing
iudk,ЮДК,Будівництво,,"ЮДК — компанія у сфері Будівництво. На сторінці можна переглянути відкриті факти, вакансії та анонімні відгуки користувачів.",needs_verification,false,rule-based neutral draft; review before publishing
iuriia-farm,Юрія-Фарм,Фармацевтика,,"Юрія-Фарм — компанія у сфері Фармацевтика. На сторінці можна переглянути відкриті факти, вакансії та анонімні відгуки користувачів.",needs_verification,false,rule-based neutral draft; review before publishing
iavir-2000,Явір-2000,Безпека,,"Явір-2000 — компанія у сфері Безпека. На сторінці можна переглянути відкриті факти, вакансії та анонімні відгуки користувачів.",needs_verification,false,rule-based neutral draft; review before publishing
iahotynske,Яготинське,FMCG,,"Яготинське — компанія у сфері FMCG. На сторінці можна переглянути відкриті факти, вакансії та анонімні відгуки користувачів.",needs_verification,false,rule-based neutral draft; review before publishing
