company_slug,company_name,industry,source_name,source_url,rating_value,rating_scale,reviews_count,fetched_at,status,is_public,note
fest,!FEST,HoReCa,Google,,,5,,,needs_verification,false,
fest,!FEST,HoReCa,Work.ua,,,5,,,needs_verification,false,
fest,!FEST,HoReCa,Robota.ua,,,5,,,needs_verification,false,
fest,!FEST,HoReCa,Indeed,,,5,,,needs_verification,false,
fest,!FEST,HoReCa,Glassdoor,,,5,,,needs_verification,false,
1-1-media,1+1 media,Media,Google,,,5,,,needs_verification,false,
1-1-media,1+1 media,Media,Work.ua,,,5,,,needs_verification,false,
1-1-media,1+1 media,Media,Robota.ua,,,5,,,needs_verification,false,
1-1-media,1+1 media,Media,Indeed,,,5,,,needs_verification,false,
1-1-media,1+1 media,Media,Glassdoor,,,5,,,needs_verification,false,
24-kanal,24 Канал,Media,Google,,,5,,,needs_verification,false,
24-kanal,24 Канал,Media,Work.ua,,,5,,,needs_verification,false,
24-kanal,24 Канал,Media,Robota.ua,,,5,,,needs_verification,false,
24-kanal,24 Канал,Media,Indeed,,,5,,,needs_verification,false,
24-kanal,24 Канал,Media,Glassdoor,,,5,,,needs_verification,false,
a-bank,A-Банк,Банки і фінанси,Google,,,5,,,needs_verification,false,
a-bank,A-Банк,Банки і фінанси,Work.ua,,,5,,,needs_verification,false,
a-bank,A-Банк,Банки і фінанси,Robota.ua,,,5,,,needs_verification,false,
a-bank,A-Банк,Банки і фінанси,Indeed,,,5,,,needs_verification,false,
a-bank,A-Банк,Банки і фінанси,Glassdoor,,,5,,,needs_verification,false,
acino-ukraine,Acino Ukraine,Фармацевтика,Google,,,5,,,needs_verification,false,
acino-ukraine,Acino Ukraine,Фармацевтика,Work.ua,,,5,,,needs_verification,false,
acino-ukraine,Acino Ukraine,Фармацевтика,Robota.ua,,,5,,,needs_verification,false,
acino-ukraine,Acino Ukraine,Фармацевтика,Indeed,,,5,,,needs_verification,false,
acino-ukraine,Acino Ukraine,Фармацевтика,Glassdoor,,,5,,,needs_verification,false,
adamant,Adamant,Telecom,Google,,,5,,,needs_verification,false,
adamant,Adamant,Telecom,Work.ua,,,5,,,needs_verification,false,
adamant,Adamant,Telecom,Robota.ua,,,5,,,needs_verification,false,
adamant,Adamant,Telecom,Indeed,,,5,,,needs_verification,false,
adamant,Adamant,Telecom,Glassdoor,,,5,,,needs_verification,false,
adelina-call-center,Adelina Call Center,Послуги,Google,,,5,,,needs_verification,false,
adelina-call-center,Adelina Call Center,Послуги,Work.ua,,,5,,,needs_verification,false,
adelina-call-center,Adelina Call Center,Послуги,Robota.ua,,,5,,,needs_verification,false,
adonis,Adonis,Медицина,Google,,,5,,,needs_verification,false,
adonis,Adonis,Медицина,Work.ua,,,5,,,needs_verification,false,
adonis,Adonis,Медицина,Robota.ua,,,5,,,needs_verification,false,
adonis,Adonis,Медицина,Indeed,,,5,,,needs_verification,false,
adonis,Adonis,Медицина,Glassdoor,,,5,,,needs_verification,false,
advanter-group,Advanter Group,Консалтинг,Google,,,5,,,needs_verification,false,
advanter-group,Advanter Group,Консалтинг,Work.ua,,,5,,,needs_verification,false,
advanter-group,Advanter Group,Консалтинг,Robota.ua,,,5,,,needs_verification,false,
advanter-group,Advanter Group,Консалтинг,Indeed,,,5,,,needs_verification,false,
advanter-group,Advanter Group,Консалтинг,Glassdoor,,,5,,,needs_verification,false,
aequo,Aequo,Юридичні послуги,Google,,,5,,,needs_verification,false,
aequo,Aequo,Юридичні послуги,Work.ua,,,5,,,needs_verification,false,
aequo,Aequo,Юридичні послуги,Robota.ua,,,5,,,needs_verification,false,
aequo,Aequo,Юридичні послуги,Indeed,,,5,,,needs_verification,false,
aequo,Aequo,Юридичні послуги,Glassdoor,,,5,,,needs_verification,false,
agricom-group,Agricom Group,Агро,Google,,,5,,,needs_verification,false,
agricom-group,Agricom Group,Агро,Work.ua,,,5,,,needs_verification,false,
agricom-group,Agricom Group,Агро,Robota.ua,,,5,,,needs_verification,false,
agrogeneration,AgroGeneration,Агро,Google,,,5,,,needs_verification,false,
agrogeneration,AgroGeneration,Агро,Work.ua,,,5,,,needs_verification,false,
agrogeneration,AgroGeneration,Агро,Robota.ua,,,5,,,needs_verification,false,
agroprosperis,Agroprosperis,Агро,Google,,,5,,,needs_verification,false,
agroprosperis,Agroprosperis,Агро,Work.ua,,,5,,,needs_verification,false,
agroprosperis,Agroprosperis,Агро,Robota.ua,,,5,,,needs_verification,false,
ainua,AIN.UA,Media,Google,,,5,,,needs_verification,false,
ainua,AIN.UA,Media,Work.ua,,,5,,,needs_verification,false,
ainua,AIN.UA,Media,Robota.ua,,,5,,,needs_verification,false,
ainua,AIN.UA,Media,Indeed,,,5,,,needs_verification,false,
ainua,AIN.UA,Media,Glassdoor,,,5,,,needs_verification,false,
airslate,airSlate,IT,Google,,,5,,,needs_verification,false,
airslate,airSlate,IT,Work.ua,,,5,,,needs_verification,false,
airslate,airSlate,IT,Robota.ua,,,5,,,needs_verification,false,
airslate,airSlate,IT,DOU,,,5,,,needs_verification,false,
airslate,airSlate,IT,Djinni,,,5,,,needs_verification,false,
airslate,airSlate,IT,Indeed,,,5,,,needs_verification,false,
airslate,airSlate,IT,Glassdoor,,,5,,,needs_verification,false,
ajax-systems,Ajax Systems,IT,Google,,,5,,,needs_verification,false,
ajax-systems,Ajax Systems,IT,Work.ua,,,5,,,needs_verification,false,
ajax-systems,Ajax Systems,IT,Robota.ua,,,5,,,needs_verification,false,
ajax-systems,Ajax Systems,IT,DOU,,,5,,,needs_verification,false,
ajax-systems,Ajax Systems,IT,Djinni,,,5,,,needs_verification,false,
ajax-systems,Ajax Systems,IT,Indeed,,,5,,,needs_verification,false,
ajax-systems,Ajax Systems,IT,Glassdoor,,,5,,,needs_verification,false,
ajax-systems-manufacturing,Ajax Systems Manufacturing,Технології / виробництво,Google,,,5,,,needs_verification,false,
ajax-systems-manufacturing,Ajax Systems Manufacturing,Технології / виробництво,Work.ua,,,5,,,needs_verification,false,
ajax-systems-manufacturing,Ajax Systems Manufacturing,Технології / виробництво,Robota.ua,,,5,,,needs_verification,false,
allbiz-ukraine,Allbiz Ukraine,E-commerce,Google,,,5,,,needs_verification,false,
allbiz-ukraine,Allbiz Ukraine,E-commerce,Work.ua,,,5,,,needs_verification,false,
allbiz-ukraine,Allbiz Ukraine,E-commerce,Robota.ua,,,5,,,needs_verification,false,
allbiz-ukraine,Allbiz Ukraine,E-commerce,Indeed,,,5,,,needs_verification,false,
allbiz-ukraine,Allbiz Ukraine,E-commerce,Glassdoor,,,5,,,needs_verification,false,
allset,Allset,IT,Google,,,5,,,needs_verification,false,
allset,Allset,IT,Work.ua,,,5,,,needs_verification,false,
allset,Allset,IT,Robota.ua,,,5,,,needs_verification,false,
allset,Allset,IT,DOU,,,5,,,needs_verification,false,
allset,Allset,IT,Djinni,,,5,,,needs_verification,false,
allset,Allset,IT,Indeed,,,5,,,needs_verification,false,
allset,Allset,IT,Glassdoor,,,5,,,needs_verification,false,
alterra-group,Alterra Group,Нерухомість,Google,,,5,,,needs_verification,false,
alterra-group,Alterra Group,Нерухомість,Work.ua,,,5,,,needs_verification,false,
alterra-group,Alterra Group,Нерухомість,Robota.ua,,,5,,,needs_verification,false,
amic-energy,AMIC Energy,АЗС,Google,,,5,,,needs_verification,false,
amic-energy,AMIC Energy,АЗС,Work.ua,,,5,,,needs_verification,false,
amic-energy,AMIC Energy,АЗС,Robota.ua,,,5,,,needs_verification,false,
arcelormittal-tubular-products-ukraine,ArcelorMittal Tubular Products Ukraine,Виробництво,Google,,,5,,,needs_verification,false,
arcelormittal-tubular-products-ukraine,ArcelorMittal Tubular Products Ukraine,Виробництво,Work.ua,,,5,,,needs_verification,false,
arcelormittal-tubular-products-ukraine,ArcelorMittal Tubular Products Ukraine,Виробництво,Robota.ua,,,5,,,needs_verification,false,
argo,Argo,Ритейл,Google,,,5,,,needs_verification,false,
argo,Argo,Ритейл,Work.ua,,,5,,,needs_verification,false,
argo,Argo,Ритейл,Robota.ua,,,5,,,needs_verification,false,
aroma-kava,Aroma Kava,HoReCa,Google,,,5,,,needs_verification,false,
aroma-kava,Aroma Kava,HoReCa,Work.ua,,,5,,,needs_verification,false,
aroma-kava,Aroma Kava,HoReCa,Robota.ua,,,5,,,needs_verification,false,
aroma-kava,Aroma Kava,HoReCa,Indeed,,,5,,,needs_verification,false,
aroma-kava,Aroma Kava,HoReCa,Glassdoor,,,5,,,needs_verification,false,
arricano,Arricano,Нерухомість,Google,,,5,,,needs_verification,false,
arricano,Arricano,Нерухомість,Work.ua,,,5,,,needs_verification,false,
arricano,Arricano,Нерухомість,Robota.ua,,,5,,,needs_verification,false,
artjoker,Artjoker,IT,Google,,,5,,,needs_verification,false,
artjoker,Artjoker,IT,Work.ua,,,5,,,needs_verification,false,
artjoker,Artjoker,IT,Robota.ua,,,5,,,needs_verification,false,
artjoker,Artjoker,IT,DOU,,,5,,,needs_verification,false,
artjoker,Artjoker,IT,Djinni,,,5,,,needs_verification,false,
artjoker,Artjoker,IT,Indeed,,,5,,,needs_verification,false,
artjoker,Artjoker,IT,Glassdoor,,,5,,,needs_verification,false,
arx,ARX,Страхування,Google,,,5,,,needs_verification,false,
arx,ARX,Страхування,Work.ua,,,5,,,needs_verification,false,
arx,ARX,Страхування,Robota.ua,,,5,,,needs_verification,false,
arx,ARX,Страхування,Indeed,,,5,,,needs_verification,false,
arx,ARX,Страхування,Glassdoor,,,5,,,needs_verification,false,
arzinger,Arzinger,Юридичні послуги,Google,,,5,,,needs_verification,false,
arzinger,Arzinger,Юридичні послуги,Work.ua,,,5,,,needs_verification,false,
arzinger,Arzinger,Юридичні послуги,Robota.ua,,,5,,,needs_verification,false,
arzinger,Arzinger,Юридичні послуги,Indeed,,,5,,,needs_verification,false,
arzinger,Arzinger,Юридичні послуги,Glassdoor,,,5,,,needs_verification,false,
asstra-ukraine,AsstrA Ukraine,Логістика,Google,,,5,,,needs_verification,false,
asstra-ukraine,AsstrA Ukraine,Логістика,Work.ua,,,5,,,needs_verification,false,
asstra-ukraine,AsstrA Ukraine,Логістика,Robota.ua,,,5,,,needs_verification,false,
asters,Asters,Юридичні послуги,Google,,,5,,,needs_verification,false,
asters,Asters,Юридичні послуги,Work.ua,,,5,,,needs_verification,false,
asters,Asters,Юридичні послуги,Robota.ua,,,5,,,needs_verification,false,
asters,Asters,Юридичні послуги,Indeed,,,5,,,needs_verification,false,
asters,Asters,Юридичні послуги,Glassdoor,,,5,,,needs_verification,false,
astound-commerce-ukraine,Astound Commerce Ukraine,IT,Google,,,5,,,needs_verification,false,
astound-commerce-ukraine,Astound Commerce Ukraine,IT,Work.ua,,,5,,,needs_verification,false,
astound-commerce-ukraine,Astound Commerce Ukraine,IT,Robota.ua,,,5,,,needs_verification,false,
astound-commerce-ukraine,Astound Commerce Ukraine,IT,DOU,,,5,,,needs_verification,false,
astound-commerce-ukraine,Astound Commerce Ukraine,IT,Djinni,,,5,,,needs_verification,false,
astound-commerce-ukraine,Astound Commerce Ukraine,IT,Indeed,,,5,,,needs_verification,false,
astound-commerce-ukraine,Astound Commerce Ukraine,IT,Glassdoor,,,5,,,needs_verification,false,
attendify,Attendify,IT,Google,,,5,,,needs_verification,false,
attendify,Attendify,IT,Work.ua,,,5,,,needs_verification,false,
attendify,Attendify,IT,Robota.ua,,,5,,,needs_verification,false,
attendify,Attendify,IT,DOU,,,5,,,needs_verification,false,
attendify,Attendify,IT,Djinni,,,5,,,needs_verification,false,
attendify,Attendify,IT,Indeed,,,5,,,needs_verification,false,
attendify,Attendify,IT,Glassdoor,,,5,,,needs_verification,false,
audi-ukraine,Audi Ukraine,Авто,Google,,,5,,,needs_verification,false,
audi-ukraine,Audi Ukraine,Авто,Work.ua,,,5,,,needs_verification,false,
audi-ukraine,Audi Ukraine,Авто,Robota.ua,,,5,,,needs_verification,false,
audi-ukraine,Audi Ukraine,Авто,Indeed,,,5,,,needs_verification,false,
audi-ukraine,Audi Ukraine,Авто,Glassdoor,,,5,,,needs_verification,false,
autodoc-ukraine,AutoDoc Ukraine,Авто,Google,,,5,,,needs_verification,false,
autodoc-ukraine,AutoDoc Ukraine,Авто,Work.ua,,,5,,,needs_verification,false,
autodoc-ukraine,AutoDoc Ukraine,Авто,Robota.ua,,,5,,,needs_verification,false,
autodoc-ukraine,AutoDoc Ukraine,Авто,Indeed,,,5,,,needs_verification,false,
autodoc-ukraine,AutoDoc Ukraine,Авто,Glassdoor,,,5,,,needs_verification,false,
autoria,AutoRia,E-commerce,Google,,,5,,,needs_verification,false,
autoria,AutoRia,E-commerce,Work.ua,,,5,,,needs_verification,false,
autoria,AutoRia,E-commerce,Robota.ua,,,5,,,needs_verification,false,
autoria,AutoRia,E-commerce,Indeed,,,5,,,needs_verification,false,
autoria,AutoRia,E-commerce,Glassdoor,,,5,,,needs_verification,false,
avalon,Avalon,Нерухомість,Google,,,5,,,needs_verification,false,
avalon,Avalon,Нерухомість,Work.ua,,,5,,,needs_verification,false,
avalon,Avalon,Нерухомість,Robota.ua,,,5,,,needs_verification,false,
avantage-7,Avantage 7,АЗС,Google,,,5,,,needs_verification,false,
avantage-7,Avantage 7,АЗС,Work.ua,,,5,,,needs_verification,false,
avantage-7,Avantage 7,АЗС,Robota.ua,,,5,,,needs_verification,false,
avellum,Avellum,Юридичні послуги,Google,,,5,,,needs_verification,false,
avellum,Avellum,Юридичні послуги,Work.ua,,,5,,,needs_verification,false,
avellum,Avellum,Юридичні послуги,Robota.ua,,,5,,,needs_verification,false,
avellum,Avellum,Юридичні послуги,Indeed,,,5,,,needs_verification,false,
avellum,Avellum,Юридичні послуги,Glassdoor,,,5,,,needs_verification,false,
avenga-ukraine,Avenga Ukraine,IT,Google,,,5,,,needs_verification,false,
avenga-ukraine,Avenga Ukraine,IT,Work.ua,,,5,,,needs_verification,false,
avenga-ukraine,Avenga Ukraine,IT,Robota.ua,,,5,,,needs_verification,false,
avenga-ukraine,Avenga Ukraine,IT,DOU,,,5,,,needs_verification,false,
avenga-ukraine,Avenga Ukraine,IT,Djinni,,,5,,,needs_verification,false,
avenga-ukraine,Avenga Ukraine,IT,Indeed,,,5,,,needs_verification,false,
avenga-ukraine,Avenga Ukraine,IT,Glassdoor,,,5,,,needs_verification,false,
bader-ukraine,Bader Ukraine,Виробництво,Google,,,5,,,needs_verification,false,
bader-ukraine,Bader Ukraine,Виробництво,Work.ua,,,5,,,needs_verification,false,
bader-ukraine,Bader Ukraine,Виробництво,Robota.ua,,,5,,,needs_verification,false,
baker-mckenzie-ukraine,Baker McKenzie Ukraine,Юридичні послуги,Google,,,5,,,needs_verification,false,
baker-mckenzie-ukraine,Baker McKenzie Ukraine,Юридичні послуги,Work.ua,,,5,,,needs_verification,false,
baker-mckenzie-ukraine,Baker McKenzie Ukraine,Юридичні послуги,Robota.ua,,,5,,,needs_verification,false,
baker-mckenzie-ukraine,Baker McKenzie Ukraine,Юридичні послуги,Indeed,,,5,,,needs_verification,false,
baker-mckenzie-ukraine,Baker McKenzie Ukraine,Юридичні послуги,Glassdoor,,,5,,,needs_verification,false,
baker-tilly-ukraine,Baker Tilly Ukraine,Консалтинг,Google,,,5,,,needs_verification,false,
baker-tilly-ukraine,Baker Tilly Ukraine,Консалтинг,Work.ua,,,5,,,needs_verification,false,
baker-tilly-ukraine,Baker Tilly Ukraine,Консалтинг,Robota.ua,,,5,,,needs_verification,false,
baker-tilly-ukraine,Baker Tilly Ukraine,Консалтинг,Indeed,,,5,,,needs_verification,false,
baker-tilly-ukraine,Baker Tilly Ukraine,Консалтинг,Glassdoor,,,5,,,needs_verification,false,
banda-agency,Banda Agency,Media,Google,,,5,,,needs_verification,false,
banda-agency,Banda Agency,Media,Work.ua,,,5,,,needs_verification,false,
banda-agency,Banda Agency,Media,Robota.ua,,,5,,,needs_verification,false,
banda-agency,Banda Agency,Media,Indeed,,,5,,,needs_verification,false,
banda-agency,Banda Agency,Media,Glassdoor,,,5,,,needs_verification,false,
basf-agricultural-solutions-ukraine,BASF Agricultural Solutions Ukraine,Агро,Google,,,5,,,needs_verification,false,
basf-agricultural-solutions-ukraine,BASF Agricultural Solutions Ukraine,Агро,Work.ua,,,5,,,needs_verification,false,
basf-agricultural-solutions-ukraine,BASF Agricultural Solutions Ukraine,Агро,Robota.ua,,,5,,,needs_verification,false,
baumit-ukraine,Baumit Ukraine,Будівництво,Google,,,5,,,needs_verification,false,
baumit-ukraine,Baumit Ukraine,Будівництво,Work.ua,,,5,,,needs_verification,false,
baumit-ukraine,Baumit Ukraine,Будівництво,Robota.ua,,,5,,,needs_verification,false,
bayadera-group,Bayadera Group,FMCG,Google,,,5,,,needs_verification,false,
bayadera-group,Bayadera Group,FMCG,Work.ua,,,5,,,needs_verification,false,
bayadera-group,Bayadera Group,FMCG,Robota.ua,,,5,,,needs_verification,false,
bayadera-group,Bayadera Group,FMCG,Indeed,,,5,,,needs_verification,false,
bayadera-group,Bayadera Group,FMCG,Glassdoor,,,5,,,needs_verification,false,
bayer-cropscience-ukraine,Bayer CropScience Ukraine,Агро,Google,,,5,,,needs_verification,false,
bayer-cropscience-ukraine,Bayer CropScience Ukraine,Агро,Work.ua,,,5,,,needs_verification,false,
bayer-cropscience-ukraine,Bayer CropScience Ukraine,Агро,Robota.ua,,,5,,,needs_verification,false,
bayer-ukraine,Bayer Ukraine,Фармацевтика,Google,,,5,,,needs_verification,false,
bayer-ukraine,Bayer Ukraine,Фармацевтика,Work.ua,,,5,,,needs_verification,false,
bayer-ukraine,Bayer Ukraine,Фармацевтика,Robota.ua,,,5,,,needs_verification,false,
bayer-ukraine,Bayer Ukraine,Фармацевтика,Indeed,,,5,,,needs_verification,false,
bayer-ukraine,Bayer Ukraine,Фармацевтика,Glassdoor,,,5,,,needs_verification,false,
bdo-ukraine,BDO Ukraine,Консалтинг,Google,,,5,,,needs_verification,false,
bdo-ukraine,BDO Ukraine,Консалтинг,Work.ua,,,5,,,needs_verification,false,
bdo-ukraine,BDO Ukraine,Консалтинг,Robota.ua,,,5,,,needs_verification,false,
bdo-ukraine,BDO Ukraine,Консалтинг,Indeed,,,5,,,needs_verification,false,
bdo-ukraine,BDO Ukraine,Консалтинг,Glassdoor,,,5,,,needs_verification,false,
beetroot,Beetroot,IT,Google,,,5,,,needs_verification,false,
beetroot,Beetroot,IT,Work.ua,,,5,,,needs_verification,false,
beetroot,Beetroot,IT,Robota.ua,,,5,,,needs_verification,false,
beetroot,Beetroot,IT,DOU,,,5,,,needs_verification,false,
beetroot,Beetroot,IT,Djinni,,,5,,,needs_verification,false,
beetroot,Beetroot,IT,Indeed,,,5,,,needs_verification,false,
beetroot,Beetroot,IT,Glassdoor,,,5,,,needs_verification,false,
beetroot-academy,Beetroot Academy,Освіта,Google,,,5,,,needs_verification,false,
beetroot-academy,Beetroot Academy,Освіта,Work.ua,,,5,,,needs_verification,false,
beetroot-academy,Beetroot Academy,Освіта,Robota.ua,,,5,,,needs_verification,false,
bershka-ukraine,Bershka Ukraine,Ритейл,Google,,,5,,,needs_verification,false,
bershka-ukraine,Bershka Ukraine,Ритейл,Work.ua,,,5,,,needs_verification,false,
bershka-ukraine,Bershka Ukraine,Ритейл,Robota.ua,,,5,,,needs_verification,false,
betterme,BetterMe,IT,Google,,,5,,,needs_verification,false,
betterme,BetterMe,IT,Work.ua,,,5,,,needs_verification,false,
betterme,BetterMe,IT,Robota.ua,,,5,,,needs_verification,false,
betterme,BetterMe,IT,DOU,,,5,,,needs_verification,false,
betterme,BetterMe,IT,Djinni,,,5,,,needs_verification,false,
betterme,BetterMe,IT,Indeed,,,5,,,needs_verification,false,
betterme,BetterMe,IT,Glassdoor,,,5,,,needs_verification,false,
biglua,Bigl.ua,E-commerce,Google,,,5,,,needs_verification,false,
biglua,Bigl.ua,E-commerce,Work.ua,,,5,,,needs_verification,false,
biglua,Bigl.ua,E-commerce,Robota.ua,,,5,,,needs_verification,false,
biglua,Bigl.ua,E-commerce,Indeed,,,5,,,needs_verification,false,
biglua,Bigl.ua,E-commerce,Glassdoor,,,5,,,needs_verification,false,
binariks,Binariks,IT,Google,,,5,,,needs_verification,false,
binariks,Binariks,IT,Work.ua,,,5,,,needs_verification,false,
binariks,Binariks,IT,Robota.ua,,,5,,,needs_verification,false,
binariks,Binariks,IT,DOU,,,5,,,needs_verification,false,
binariks,Binariks,IT,Djinni,,,5,,,needs_verification,false,
binariks,Binariks,IT,Indeed,,,5,,,needs_verification,false,
binariks,Binariks,IT,Glassdoor,,,5,,,needs_verification,false,
binotel,Binotel,Послуги,Google,,,5,,,needs_verification,false,
binotel,Binotel,Послуги,Work.ua,,,5,,,needs_verification,false,
binotel,Binotel,Послуги,Robota.ua,,,5,,,needs_verification,false,
blago-developer,blago developer,Нерухомість,Google,,,5,,,needs_verification,false,
blago-developer,blago developer,Нерухомість,Work.ua,,,5,,,needs_verification,false,
blago-developer,blago developer,Нерухомість,Robota.ua,,,5,,,needs_verification,false,
bmw-ukraina,BMW Україна,Авто,Google,,,5,,,needs_verification,false,
bmw-ukraina,BMW Україна,Авто,Work.ua,,,5,,,needs_verification,false,
bmw-ukraina,BMW Україна,Авто,Robota.ua,,,5,,,needs_verification,false,
bmw-ukraina,BMW Україна,Авто,Indeed,,,5,,,needs_verification,false,
bmw-ukraina,BMW Україна,Авто,Glassdoor,,,5,,,needs_verification,false,
bolt-food,Bolt Food,Логістика і доставка,Google,,,5,,,needs_verification,false,
bolt-food,Bolt Food,Логістика і доставка,Work.ua,,,5,,,needs_verification,false,
bolt-food,Bolt Food,Логістика і доставка,Robota.ua,,,5,,,needs_verification,false,
bolt-food-ukraine,Bolt Food Ukraine,IT,Google,,,5,,,needs_verification,false,
bolt-food-ukraine,Bolt Food Ukraine,IT,Work.ua,,,5,,,needs_verification,false,
bolt-food-ukraine,Bolt Food Ukraine,IT,Robota.ua,,,5,,,needs_verification,false,
bolt-food-ukraine,Bolt Food Ukraine,IT,DOU,,,5,,,needs_verification,false,
bolt-food-ukraine,Bolt Food Ukraine,IT,Djinni,,,5,,,needs_verification,false,
bolt-food-ukraine,Bolt Food Ukraine,IT,Indeed,,,5,,,needs_verification,false,
bolt-food-ukraine,Bolt Food Ukraine,IT,Glassdoor,,,5,,,needs_verification,false,
bolt-ukraina,Bolt Україна,Транспорт / сервіс,Google,,,5,,,needs_verification,false,
bolt-ukraina,Bolt Україна,Транспорт / сервіс,Work.ua,,,5,,,needs_verification,false,
bolt-ukraina,Bolt Україна,Транспорт / сервіс,Robota.ua,,,5,,,needs_verification,false,
bosch-car-service-ukraine,Bosch Car Service Ukraine,Авто,Google,,,5,,,needs_verification,false,
bosch-car-service-ukraine,Bosch Car Service Ukraine,Авто,Work.ua,,,5,,,needs_verification,false,
bosch-car-service-ukraine,Bosch Car Service Ukraine,Авто,Robota.ua,,,5,,,needs_verification,false,
bosch-car-service-ukraine,Bosch Car Service Ukraine,Авто,Indeed,,,5,,,needs_verification,false,
bosch-car-service-ukraine,Bosch Car Service Ukraine,Авто,Glassdoor,,,5,,,needs_verification,false,
brain,Brain,Ритейл електроніки,Google,,,5,,,needs_verification,false,
brain,Brain,Ритейл електроніки,Work.ua,,,5,,,needs_verification,false,
brain,Brain,Ритейл електроніки,Robota.ua,,,5,,,needs_verification,false,
brightgrove,Brightgrove,IT,Google,,,5,,,needs_verification,false,
brightgrove,Brightgrove,IT,Work.ua,,,5,,,needs_verification,false,
brightgrove,Brightgrove,IT,Robota.ua,,,5,,,needs_verification,false,
brightgrove,Brightgrove,IT,DOU,,,5,,,needs_verification,false,
brightgrove,Brightgrove,IT,Djinni,,,5,,,needs_verification,false,
brightgrove,Brightgrove,IT,Indeed,,,5,,,needs_verification,false,
brightgrove,Brightgrove,IT,Glassdoor,,,5,,,needs_verification,false,
british-american-tobacco-ukraine,British American Tobacco Ukraine,FMCG,Google,,,5,,,needs_verification,false,
british-american-tobacco-ukraine,British American Tobacco Ukraine,FMCG,Work.ua,,,5,,,needs_verification,false,
british-american-tobacco-ukraine,British American Tobacco Ukraine,FMCG,Robota.ua,,,5,,,needs_verification,false,
british-american-tobacco-ukraine,British American Tobacco Ukraine,FMCG,Indeed,,,5,,,needs_verification,false,
british-american-tobacco-ukraine,British American Tobacco Ukraine,FMCG,Glassdoor,,,5,,,needs_verification,false,
british-council-ukraine,British Council Ukraine,Освіта,Google,,,5,,,needs_verification,false,
british-council-ukraine,British Council Ukraine,Освіта,Work.ua,,,5,,,needs_verification,false,
british-council-ukraine,British Council Ukraine,Освіта,Robota.ua,,,5,,,needs_verification,false,
brocard,Brocard,Ритейл,Google,,,5,,,needs_verification,false,
brocard,Brocard,Ритейл,Work.ua,,,5,,,needs_verification,false,
brocard,Brocard,Ритейл,Robota.ua,,,5,,,needs_verification,false,
budhouse-group,Budhouse Group,Нерухомість,Google,,,5,,,needs_verification,false,
budhouse-group,Budhouse Group,Нерухомість,Work.ua,,,5,,,needs_verification,false,
budhouse-group,Budhouse Group,Нерухомість,Robota.ua,,,5,,,needs_verification,false,
bunge-ukraine,Bunge Ukraine,Виробництво,Google,,,5,,,needs_verification,false,
bunge-ukraine,Bunge Ukraine,Виробництво,Work.ua,,,5,,,needs_verification,false,
bunge-ukraine,Bunge Ukraine,Виробництво,Robota.ua,,,5,,,needs_verification,false,
caparol-ukraine,Caparol Ukraine,Будівництво,Google,,,5,,,needs_verification,false,
caparol-ukraine,Caparol Ukraine,Будівництво,Work.ua,,,5,,,needs_verification,false,
caparol-ukraine,Caparol Ukraine,Будівництво,Robota.ua,,,5,,,needs_verification,false,
carlsberg-ukraine,Carlsberg Ukraine,FMCG,Google,,,5,,,needs_verification,false,
carlsberg-ukraine,Carlsberg Ukraine,FMCG,Work.ua,,,5,,,needs_verification,false,
carlsberg-ukraine,Carlsberg Ukraine,FMCG,Robota.ua,,,5,,,needs_verification,false,
carlsberg-ukraine,Carlsberg Ukraine,FMCG,Indeed,,,5,,,needs_verification,false,
carlsberg-ukraine,Carlsberg Ukraine,FMCG,Glassdoor,,,5,,,needs_verification,false,
cases-media,Cases Media,Media,Google,,,5,,,needs_verification,false,
cases-media,Cases Media,Media,Work.ua,,,5,,,needs_verification,false,
cases-media,Cases Media,Media,Robota.ua,,,5,,,needs_verification,false,
cases-media,Cases Media,Media,Indeed,,,5,,,needs_verification,false,
cases-media,Cases Media,Media,Glassdoor,,,5,,,needs_verification,false,
cbre-ukraine,CBRE Ukraine,Нерухомість,Google,,,5,,,needs_verification,false,
cbre-ukraine,CBRE Ukraine,Нерухомість,Work.ua,,,5,,,needs_verification,false,
cbre-ukraine,CBRE Ukraine,Нерухомість,Robota.ua,,,5,,,needs_verification,false,
cemark,CEMARK,Будівництво,Google,,,5,,,needs_verification,false,
cemark,CEMARK,Будівництво,Work.ua,,,5,,,needs_verification,false,
cemark,CEMARK,Будівництво,Robota.ua,,,5,,,needs_verification,false,
cersanit-ukraine,Cersanit Ukraine,Будівництво,Google,,,5,,,needs_verification,false,
cersanit-ukraine,Cersanit Ukraine,Будівництво,Work.ua,,,5,,,needs_verification,false,
cersanit-ukraine,Cersanit Ukraine,Будівництво,Robota.ua,,,5,,,needs_verification,false,
chi-software,CHI Software,IT,Google,,,5,,,needs_verification,false,
chi-software,CHI Software,IT,Work.ua,,,5,,,needs_verification,false,
chi-software,CHI Software,IT,Robota.ua,,,5,,,needs_verification,false,
chi-software,CHI Software,IT,DOU,,,5,,,needs_verification,false,
chi-software,CHI Software,IT,Djinni,,,5,,,needs_verification,false,
chi-software,CHI Software,IT,Indeed,,,5,,,needs_verification,false,
chi-software,CHI Software,IT,Glassdoor,,,5,,,needs_verification,false,
choice31,Choice31,Освіта,Google,,,5,,,needs_verification,false,
choice31,Choice31,Освіта,Work.ua,,,5,,,needs_verification,false,
choice31,Choice31,Освіта,Robota.ua,,,5,,,needs_verification,false,
ciklum,Ciklum,IT,Google,,,5,,,needs_verification,false,
ciklum,Ciklum,IT,Work.ua,,,5,,,needs_verification,false,
ciklum,Ciklum,IT,Robota.ua,,,5,,,needs_verification,false,
ciklum,Ciklum,IT,DOU,,,5,,,needs_verification,false,
ciklum,Ciklum,IT,Djinni,,,5,,,needs_verification,false,
ciklum,Ciklum,IT,Indeed,,,5,,,needs_verification,false,
ciklum,Ciklum,IT,Glassdoor,,,5,,,needs_verification,false,
citrus,Citrus,Ритейл електроніки,Google,,,5,,,needs_verification,false,
citrus,Citrus,Ритейл електроніки,Work.ua,,,5,,,needs_verification,false,
citrus,Citrus,Ритейл електроніки,Robota.ua,,,5,,,needs_verification,false,
city-one-development,City One Development,Нерухомість,Google,,,5,,,needs_verification,false,
city-one-development,City One Development,Нерухомість,Work.ua,,,5,,,needs_verification,false,
city-one-development,City One Development,Нерухомість,Robota.ua,,,5,,,needs_verification,false,
civitta-ukraine,CIVITTA Ukraine,Консалтинг,Google,,,5,,,needs_verification,false,
civitta-ukraine,CIVITTA Ukraine,Консалтинг,Work.ua,,,5,,,needs_verification,false,
civitta-ukraine,CIVITTA Ukraine,Консалтинг,Robota.ua,,,5,,,needs_verification,false,
civitta-ukraine,CIVITTA Ukraine,Консалтинг,Indeed,,,5,,,needs_verification,false,
civitta-ukraine,CIVITTA Ukraine,Консалтинг,Glassdoor,,,5,,,needs_verification,false,
clarity-project,Clarity Project,Консалтинг,Google,,,5,,,needs_verification,false,
clarity-project,Clarity Project,Консалтинг,Work.ua,,,5,,,needs_verification,false,
clarity-project,Clarity Project,Консалтинг,Robota.ua,,,5,,,needs_verification,false,
clarity-project,Clarity Project,Консалтинг,Indeed,,,5,,,needs_verification,false,
clarity-project,Clarity Project,Консалтинг,Glassdoor,,,5,,,needs_verification,false,
cms-ukraine,CMS Cameron McKenna Nabarro Olswang Ukraine,Юридичні послуги,Google,,,5,,,needs_verification,false,
cms-ukraine,CMS Cameron McKenna Nabarro Olswang Ukraine,Юридичні послуги,Work.ua,,,5,,,needs_verification,false,
cms-ukraine,CMS Cameron McKenna Nabarro Olswang Ukraine,Юридичні послуги,Robota.ua,,,5,,,needs_verification,false,
cms-ukraine,CMS Cameron McKenna Nabarro Olswang Ukraine,Юридичні послуги,Indeed,,,5,,,needs_verification,false,
cms-ukraine,CMS Cameron McKenna Nabarro Olswang Ukraine,Юридичні послуги,Glassdoor,,,5,,,needs_verification,false,
coca-cola-hbc-ukraine,Coca-Cola HBC Ukraine,FMCG,Google,,,5,,,needs_verification,false,
coca-cola-hbc-ukraine,Coca-Cola HBC Ukraine,FMCG,Work.ua,,,5,,,needs_verification,false,
coca-cola-hbc-ukraine,Coca-Cola HBC Ukraine,FMCG,Robota.ua,,,5,,,needs_verification,false,
coca-cola-hbc-ukraine,Coca-Cola HBC Ukraine,FMCG,Indeed,,,5,,,needs_verification,false,
coca-cola-hbc-ukraine,Coca-Cola HBC Ukraine,FMCG,Glassdoor,,,5,,,needs_verification,false,
coca-cola-hbc-ukraina,Coca-Cola HBC Україна,Виробництво,Google,,,5,,,needs_verification,false,
coca-cola-hbc-ukraina,Coca-Cola HBC Україна,Виробництво,Work.ua,,,5,,,needs_verification,false,
coca-cola-hbc-ukraina,Coca-Cola HBC Україна,Виробництво,Robota.ua,,,5,,,needs_verification,false,
coffee-life,Coffee Life,HoReCa,Google,,,5,,,needs_verification,false,
coffee-life,Coffee Life,HoReCa,Work.ua,,,5,,,needs_verification,false,
coffee-life,Coffee Life,HoReCa,Robota.ua,,,5,,,needs_verification,false,
coffee-life,Coffee Life,HoReCa,Indeed,,,5,,,needs_verification,false,
coffee-life,Coffee Life,HoReCa,Glassdoor,,,5,,,needs_verification,false,
colins-ukraine,Colin's Ukraine,Ритейл,Google,,,5,,,needs_verification,false,
colins-ukraine,Colin's Ukraine,Ритейл,Work.ua,,,5,,,needs_verification,false,
colins-ukraine,Colin's Ukraine,Ритейл,Robota.ua,,,5,,,needs_verification,false,
colliers-ukraine,Colliers Ukraine,Нерухомість,Google,,,5,,,needs_verification,false,
colliers-ukraine,Colliers Ukraine,Нерухомість,Work.ua,,,5,,,needs_verification,false,
colliers-ukraine,Colliers Ukraine,Нерухомість,Robota.ua,,,5,,,needs_verification,false,
comfy,Comfy,Ритейл,Google,,,5,,,needs_verification,false,
comfy,Comfy,Ритейл,Work.ua,,,5,,,needs_verification,false,
comfy,Comfy,Ритейл,Robota.ua,,,5,,,needs_verification,false,
competera,Competera,IT,Google,,,5,,,needs_verification,false,
competera,Competera,IT,Work.ua,,,5,,,needs_verification,false,
competera,Competera,IT,Robota.ua,,,5,,,needs_verification,false,
competera,Competera,IT,DOU,,,5,,,needs_verification,false,
competera,Competera,IT,Djinni,,,5,,,needs_verification,false,
competera,Competera,IT,Indeed,,,5,,,needs_verification,false,
competera,Competera,IT,Glassdoor,,,5,,,needs_verification,false,
continental-farmers-group,Continental Farmers Group,Агро,Google,,,5,,,needs_verification,false,
continental-farmers-group,Continental Farmers Group,Агро,Work.ua,,,5,,,needs_verification,false,
continental-farmers-group,Continental Farmers Group,Агро,Robota.ua,,,5,,,needs_verification,false,
corevalue,CoreValue,IT,Google,,,5,,,needs_verification,false,
corevalue,CoreValue,IT,Work.ua,,,5,,,needs_verification,false,
corevalue,CoreValue,IT,Robota.ua,,,5,,,needs_verification,false,
corevalue,CoreValue,IT,DOU,,,5,,,needs_verification,false,
corevalue,CoreValue,IT,Djinni,,,5,,,needs_verification,false,
corevalue,CoreValue,IT,Indeed,,,5,,,needs_verification,false,
corevalue,CoreValue,IT,Glassdoor,,,5,,,needs_verification,false,
corteva-agriscience-ukraine,Corteva Agriscience Ukraine,Агро,Google,,,5,,,needs_verification,false,
corteva-agriscience-ukraine,Corteva Agriscience Ukraine,Агро,Work.ua,,,5,,,needs_verification,false,
corteva-agriscience-ukraine,Corteva Agriscience Ukraine,Агро,Robota.ua,,,5,,,needs_verification,false,
cosmonova,Cosmonova,Telecom,Google,,,5,,,needs_verification,false,
cosmonova,Cosmonova,Telecom,Work.ua,,,5,,,needs_verification,false,
cosmonova,Cosmonova,Telecom,Robota.ua,,,5,,,needs_verification,false,
cosmonova,Cosmonova,Telecom,Indeed,,,5,,,needs_verification,false,
cosmonova,Cosmonova,Telecom,Glassdoor,,,5,,,needs_verification,false,
coursera-for-ukraine,Coursera for Ukraine,Освіта,Google,,,5,,,needs_verification,false,
coursera-for-ukraine,Coursera for Ukraine,Освіта,Work.ua,,,5,,,needs_verification,false,
coursera-for-ukraine,Coursera for Ukraine,Освіта,Robota.ua,,,5,,,needs_verification,false,
crafta,Crafta,E-commerce,Google,,,5,,,needs_verification,false,
crafta,Crafta,E-commerce,Work.ua,,,5,,,needs_verification,false,
crafta,Crafta,E-commerce,Robota.ua,,,5,,,needs_verification,false,
crafta,Crafta,E-commerce,Indeed,,,5,,,needs_verification,false,
crafta,Crafta,E-commerce,Glassdoor,,,5,,,needs_verification,false,
credit-agricole,Credit Agricole,Банки і фінанси,Google,,,5,,,needs_verification,false,
credit-agricole,Credit Agricole,Банки і фінанси,Work.ua,,,5,,,needs_verification,false,
credit-agricole,Credit Agricole,Банки і фінанси,Robota.ua,,,5,,,needs_verification,false,
credit-agricole,Credit Agricole,Банки і фінанси,Indeed,,,5,,,needs_verification,false,
credit-agricole,Credit Agricole,Банки і фінанси,Glassdoor,,,5,,,needs_verification,false,
credit-agricole-ukraina,Credit Agricole Україна,Банки,Google,,,5,,,needs_verification,false,
credit-agricole-ukraina,Credit Agricole Україна,Банки,Work.ua,,,5,,,needs_verification,false,
credit-agricole-ukraina,Credit Agricole Україна,Банки,Robota.ua,,,5,,,needs_verification,false,
csd-lab,CSD Lab,Медицина,Google,,,5,,,needs_verification,false,
csd-lab,CSD Lab,Медицина,Work.ua,,,5,,,needs_verification,false,
csd-lab,CSD Lab,Медицина,Robota.ua,,,5,,,needs_verification,false,
csd-lab,CSD Lab,Медицина,Indeed,,,5,,,needs_verification,false,
csd-lab,CSD Lab,Медицина,Glassdoor,,,5,,,needs_verification,false,
cushman-wakefield-ukraine,Cushman & Wakefield Ukraine,Нерухомість,Google,,,5,,,needs_verification,false,
cushman-wakefield-ukraine,Cushman & Wakefield Ukraine,Нерухомість,Work.ua,,,5,,,needs_verification,false,
cushman-wakefield-ukraine,Cushman & Wakefield Ukraine,Нерухомість,Robota.ua,,,5,,,needs_verification,false,
cygnet,Cygnet,Агро,Google,,,5,,,needs_verification,false,
cygnet,Cygnet,Агро,Work.ua,,,5,,,needs_verification,false,
cygnet,Cygnet,Агро,Robota.ua,,,5,,,needs_verification,false,
dan-it-education,DAN.IT Education,Освіта,Google,,,5,,,needs_verification,false,
dan-it-education,DAN.IT Education,Освіта,Work.ua,,,5,,,needs_verification,false,
dan-it-education,DAN.IT Education,Освіта,Robota.ua,,,5,,,needs_verification,false,
danone-ukraine,Danone Ukraine,FMCG,Google,,,5,,,needs_verification,false,
danone-ukraine,Danone Ukraine,FMCG,Work.ua,,,5,,,needs_verification,false,
danone-ukraine,Danone Ukraine,FMCG,Robota.ua,,,5,,,needs_verification,false,
danone-ukraine,Danone Ukraine,FMCG,Indeed,,,5,,,needs_verification,false,
danone-ukraine,Danone Ukraine,FMCG,Glassdoor,,,5,,,needs_verification,false,
danone-ukraina,Danone Україна,Виробництво,Google,,,5,,,needs_verification,false,
danone-ukraina,Danone Україна,Виробництво,Work.ua,,,5,,,needs_verification,false,
danone-ukraina,Danone Україна,Виробництво,Robota.ua,,,5,,,needs_verification,false,
dataart,DataArt,IT,Google,,,5,,,needs_verification,false,
dataart,DataArt,IT,Work.ua,,,5,,,needs_verification,false,
dataart,DataArt,IT,Robota.ua,,,5,,,needs_verification,false,
dataart,DataArt,IT,DOU,,,5,,,needs_verification,false,
dataart,DataArt,IT,Djinni,,,5,,,needs_verification,false,
dataart,DataArt,IT,Indeed,,,5,,,needs_verification,false,
dataart,DataArt,IT,Glassdoor,,,5,,,needs_verification,false,
datagroup,Datagroup,Telecom,Google,,,5,,,needs_verification,false,
datagroup,Datagroup,Telecom,Work.ua,,,5,,,needs_verification,false,
datagroup,Datagroup,Telecom,Robota.ua,,,5,,,needs_verification,false,
datagroup,Datagroup,Telecom,Indeed,,,5,,,needs_verification,false,
datagroup,Datagroup,Telecom,Glassdoor,,,5,,,needs_verification,false,
daxx,Daxx,IT,Google,,,5,,,needs_verification,false,
daxx,Daxx,IT,Work.ua,,,5,,,needs_verification,false,
daxx,Daxx,IT,Robota.ua,,,5,,,needs_verification,false,
daxx,Daxx,IT,DOU,,,5,,,needs_verification,false,
daxx,Daxx,IT,Djinni,,,5,,,needs_verification,false,
daxx,Daxx,IT,Indeed,,,5,,,needs_verification,false,
daxx,Daxx,IT,Glassdoor,,,5,,,needs_verification,false,
db-schenker-ukraine,DB Schenker Ukraine,Логістика,Google,,,5,,,needs_verification,false,
db-schenker-ukraine,DB Schenker Ukraine,Логістика,Work.ua,,,5,,,needs_verification,false,
db-schenker-ukraine,DB Schenker Ukraine,Логістика,Robota.ua,,,5,,,needs_verification,false,
decathlon-ukraine,Decathlon Ukraine,Ритейл,Google,,,5,,,needs_verification,false,
decathlon-ukraine,Decathlon Ukraine,Ритейл,Work.ua,,,5,,,needs_verification,false,
decathlon-ukraine,Decathlon Ukraine,Ритейл,Robota.ua,,,5,,,needs_verification,false,
defacto-ukraine,DeFacto Ukraine,Ритейл,Google,,,5,,,needs_verification,false,
defacto-ukraine,DeFacto Ukraine,Ритейл,Work.ua,,,5,,,needs_verification,false,
defacto-ukraine,DeFacto Ukraine,Ритейл,Robota.ua,,,5,,,needs_verification,false,
delivery,Delivery,Логістика,Google,,,5,,,needs_verification,false,
delivery,Delivery,Логістика,Work.ua,,,5,,,needs_verification,false,
delivery,Delivery,Логістика,Robota.ua,,,5,,,needs_verification,false,
delivery-auto,Delivery Auto,Логістика,Google,,,5,,,needs_verification,false,
delivery-auto,Delivery Auto,Логістика,Work.ua,,,5,,,needs_verification,false,
delivery-auto,Delivery Auto,Логістика,Robota.ua,,,5,,,needs_verification,false,
deloitte-ukraine,Deloitte Ukraine,Консалтинг,Google,,,5,,,needs_verification,false,
deloitte-ukraine,Deloitte Ukraine,Консалтинг,Work.ua,,,5,,,needs_verification,false,
deloitte-ukraine,Deloitte Ukraine,Консалтинг,Robota.ua,,,5,,,needs_verification,false,
deloitte-ukraine,Deloitte Ukraine,Консалтинг,Indeed,,,5,,,needs_verification,false,
deloitte-ukraine,Deloitte Ukraine,Консалтинг,Glassdoor,,,5,,,needs_verification,false,
delta-wilmar-ukraine,Delta Wilmar Ukraine,Виробництво,Google,,,5,,,needs_verification,false,
delta-wilmar-ukraine,Delta Wilmar Ukraine,Виробництво,Work.ua,,,5,,,needs_verification,false,
delta-wilmar-ukraine,Delta Wilmar Ukraine,Виробництво,Robota.ua,,,5,,,needs_verification,false,
denka-logistics,Denka Logistics,Логістика,Google,,,5,,,needs_verification,false,
denka-logistics,Denka Logistics,Логістика,Work.ua,,,5,,,needs_verification,false,
denka-logistics,Denka Logistics,Логістика,Robota.ua,,,5,,,needs_verification,false,
dentons-ukraine,Dentons Ukraine,Юридичні послуги,Google,,,5,,,needs_verification,false,
dentons-ukraine,Dentons Ukraine,Юридичні послуги,Work.ua,,,5,,,needs_verification,false,
dentons-ukraine,Dentons Ukraine,Юридичні послуги,Robota.ua,,,5,,,needs_verification,false,
dentons-ukraine,Dentons Ukraine,Юридичні послуги,Indeed,,,5,,,needs_verification,false,
dentons-ukraine,Dentons Ukraine,Юридичні послуги,Glassdoor,,,5,,,needs_verification,false,
detector-media,Detector Media,Media,Google,,,5,,,needs_verification,false,
detector-media,Detector Media,Media,Work.ua,,,5,,,needs_verification,false,
detector-media,Detector Media,Media,Robota.ua,,,5,,,needs_verification,false,
detector-media,Detector Media,Media,Indeed,,,5,,,needs_verification,false,
detector-media,Detector Media,Media,Glassdoor,,,5,,,needs_verification,false,
devpro,Dev.Pro,IT,Google,,,5,,,needs_verification,false,
devpro,Dev.Pro,IT,Work.ua,,,5,,,needs_verification,false,
devpro,Dev.Pro,IT,Robota.ua,,,5,,,needs_verification,false,
devpro,Dev.Pro,IT,DOU,,,5,,,needs_verification,false,
devpro,Dev.Pro,IT,Djinni,,,5,,,needs_verification,false,
devpro,Dev.Pro,IT,Indeed,,,5,,,needs_verification,false,
devpro,Dev.Pro,IT,Glassdoor,,,5,,,needs_verification,false,
dhl-ukraine,DHL Ukraine,Логістика,Google,,,5,,,needs_verification,false,
dhl-ukraine,DHL Ukraine,Логістика,Work.ua,,,5,,,needs_verification,false,
dhl-ukraine,DHL Ukraine,Логістика,Robota.ua,,,5,,,needs_verification,false,
dim,DIM,Нерухомість,Google,,,5,,,needs_verification,false,
dim,DIM,Нерухомість,Work.ua,,,5,,,needs_verification,false,
dim,DIM,Нерухомість,Robota.ua,,,5,,,needs_verification,false,
djinni,Djinni,Media,Google,,,5,,,needs_verification,false,
djinni,Djinni,Media,Work.ua,,,5,,,needs_verification,false,
djinni,Djinni,Media,Robota.ua,,,5,,,needs_verification,false,
djinni,Djinni,Media,Indeed,,,5,,,needs_verification,false,
djinni,Djinni,Media,Glassdoor,,,5,,,needs_verification,false,
dominos-pizza,Domino's Pizza,Ресторани і фастфуд,Google,,,5,,,needs_verification,false,
dominos-pizza,Domino's Pizza,Ресторани і фастфуд,Work.ua,,,5,,,needs_verification,false,
dominos-pizza,Domino's Pizza,Ресторани і фастфуд,Robota.ua,,,5,,,needs_verification,false,
dominos-pizza-ukraine,Domino's Pizza Ukraine,HoReCa,Google,,,5,,,needs_verification,false,
dominos-pizza-ukraine,Domino's Pizza Ukraine,HoReCa,Work.ua,,,5,,,needs_verification,false,
dominos-pizza-ukraine,Domino's Pizza Ukraine,HoReCa,Robota.ua,,,5,,,needs_verification,false,
dominos-pizza-ukraine,Domino's Pizza Ukraine,HoReCa,Indeed,,,5,,,needs_verification,false,
dominos-pizza-ukraine,Domino's Pizza Ukraine,HoReCa,Glassdoor,,,5,,,needs_verification,false,
domino-s-pizza-ukraina,Dominoʼs Pizza Україна,HoReCa,Google,,,5,,,needs_verification,false,
domino-s-pizza-ukraina,Dominoʼs Pizza Україна,HoReCa,Work.ua,,,5,,,needs_verification,false,
domino-s-pizza-ukraina,Dominoʼs Pizza Україна,HoReCa,Robota.ua,,,5,,,needs_verification,false,
domino-s-pizza-ukraina,Dominoʼs Pizza Україна,HoReCa,Indeed,,,5,,,needs_verification,false,
domino-s-pizza-ukraina,Dominoʼs Pizza Україна,HoReCa,Glassdoor,,,5,,,needs_verification,false,
dou,DOU,Media,Google,,,5,,,needs_verification,false,
dou,DOU,Media,Work.ua,,,5,,,needs_verification,false,
dou,DOU,Media,Robota.ua,,,5,,,needs_verification,false,
dou,DOU,Media,Indeed,,,5,,,needs_verification,false,
dou,DOU,Media,Glassdoor,,,5,,,needs_verification,false,
dragon-capital-property-management,Dragon Capital Property Management,Нерухомість,Google,,,5,,,needs_verification,false,
dragon-capital-property-management,Dragon Capital Property Management,Нерухомість,Work.ua,,,5,,,needs_verification,false,
dragon-capital-property-management,Dragon Capital Property Management,Нерухомість,Robota.ua,,,5,,,needs_verification,false,
dsv-ukraine,DSV Ukraine,Логістика,Google,,,5,,,needs_verification,false,
dsv-ukraine,DSV Ukraine,Логістика,Work.ua,,,5,,,needs_verification,false,
dsv-ukraine,DSV Ukraine,Логістика,Robota.ua,,,5,,,needs_verification,false,
easypay,EasyPay,Банки і фінанси,Google,,,5,,,needs_verification,false,
easypay,EasyPay,Банки і фінанси,Work.ua,,,5,,,needs_verification,false,
easypay,EasyPay,Банки і фінанси,Robota.ua,,,5,,,needs_verification,false,
easypay,EasyPay,Банки і фінанси,Indeed,,,5,,,needs_verification,false,
easypay,EasyPay,Банки і фінанси,Glassdoor,,,5,,,needs_verification,false,
ebs-ukraine,EBS Ukraine,Консалтинг,Google,,,5,,,needs_verification,false,
ebs-ukraine,EBS Ukraine,Консалтинг,Work.ua,,,5,,,needs_verification,false,
ebs-ukraine,EBS Ukraine,Консалтинг,Robota.ua,,,5,,,needs_verification,false,
ebs-ukraine,EBS Ukraine,Консалтинг,Indeed,,,5,,,needs_verification,false,
ebs-ukraine,EBS Ukraine,Консалтинг,Glassdoor,,,5,,,needs_verification,false,
ekol-logistics-ukraine,Ekol Logistics Ukraine,Логістика,Google,,,5,,,needs_verification,false,
ekol-logistics-ukraine,Ekol Logistics Ukraine,Логістика,Work.ua,,,5,,,needs_verification,false,
ekol-logistics-ukraine,Ekol Logistics Ukraine,Логістика,Robota.ua,,,5,,,needs_verification,false,
eldorado,Eldorado,Ритейл,Google,,,5,,,needs_verification,false,
eldorado,Eldorado,Ритейл,Work.ua,,,5,,,needs_verification,false,
eldorado,Eldorado,Ритейл,Robota.ua,,,5,,,needs_verification,false,
eleks,ELEKS,IT,Google,,,5,,,needs_verification,false,
eleks,ELEKS,IT,Work.ua,,,5,,,needs_verification,false,
eleks,ELEKS,IT,Robota.ua,,,5,,,needs_verification,false,
eleks,ELEKS,IT,DOU,,,5,,,needs_verification,false,
eleks,ELEKS,IT,Djinni,,,5,,,needs_verification,false,
eleks,ELEKS,IT,Indeed,,,5,,,needs_verification,false,
eleks,ELEKS,IT,Glassdoor,,,5,,,needs_verification,false,
englishdom,EnglishDom,Освіта,Google,,,5,,,needs_verification,false,
englishdom,EnglishDom,Освіта,Work.ua,,,5,,,needs_verification,false,
englishdom,EnglishDom,Освіта,Robota.ua,,,5,,,needs_verification,false,
enso,ENSO,Нерухомість,Google,,,5,,,needs_verification,false,
enso,ENSO,Нерухомість,Work.ua,,,5,,,needs_verification,false,
enso,ENSO,Нерухомість,Robota.ua,,,5,,,needs_verification,false,
epam,EPAM,IT,Google,,,5,,,needs_verification,false,
epam,EPAM,IT,Work.ua,,,5,,,needs_verification,false,
epam,EPAM,IT,Robota.ua,,,5,,,needs_verification,false,
epam,EPAM,IT,DOU,,,5,,,needs_verification,false,
epam,EPAM,IT,Djinni,,,5,,,needs_verification,false,
epam,EPAM,IT,Indeed,,,5,,,needs_verification,false,
epam,EPAM,IT,Glassdoor,,,5,,,needs_verification,false,
epam-ukraine,EPAM Ukraine,IT,Google,,,5,,,needs_verification,false,
epam-ukraine,EPAM Ukraine,IT,Work.ua,,,5,,,needs_verification,false,
epam-ukraine,EPAM Ukraine,IT,Robota.ua,,,5,,,needs_verification,false,
epam-ukraine,EPAM Ukraine,IT,DOU,,,5,,,needs_verification,false,
epam-ukraine,EPAM Ukraine,IT,Djinni,,,5,,,needs_verification,false,
epam-ukraine,EPAM Ukraine,IT,Indeed,,,5,,,needs_verification,false,
epam-ukraine,EPAM Ukraine,IT,Glassdoor,,,5,,,needs_verification,false,
epicentr-marketplace,Epicentr Marketplace,E-commerce,Google,,,5,,,needs_verification,false,
epicentr-marketplace,Epicentr Marketplace,E-commerce,Work.ua,,,5,,,needs_verification,false,
epicentr-marketplace,Epicentr Marketplace,E-commerce,Robota.ua,,,5,,,needs_verification,false,
epicentr-marketplace,Epicentr Marketplace,E-commerce,Indeed,,,5,,,needs_verification,false,
epicentr-marketplace,Epicentr Marketplace,E-commerce,Glassdoor,,,5,,,needs_verification,false,
eridon,Eridon,Агро,Google,,,5,,,needs_verification,false,
eridon,Eridon,Агро,Work.ua,,,5,,,needs_verification,false,
eridon,Eridon,Агро,Robota.ua,,,5,,,needs_verification,false,
eterna-law,Eterna Law,Юридичні послуги,Google,,,5,,,needs_verification,false,
eterna-law,Eterna Law,Юридичні послуги,Work.ua,,,5,,,needs_verification,false,
eterna-law,Eterna Law,Юридичні послуги,Robota.ua,,,5,,,needs_verification,false,
eterna-law,Eterna Law,Юридичні послуги,Indeed,,,5,,,needs_verification,false,
eterna-law,Eterna Law,Юридичні послуги,Glassdoor,,,5,,,needs_verification,false,
euro-forwarding,Euro Forwarding,Логістика,Google,,,5,,,needs_verification,false,
euro-forwarding,Euro Forwarding,Логістика,Work.ua,,,5,,,needs_verification,false,
euro-forwarding,Euro Forwarding,Логістика,Robota.ua,,,5,,,needs_verification,false,
eurocar,Eurocar,Виробництво,Google,,,5,,,needs_verification,false,
eurocar,Eurocar,Виробництво,Work.ua,,,5,,,needs_verification,false,
eurocar,Eurocar,Виробництво,Robota.ua,,,5,,,needs_verification,false,
eva,EVA,Ритейл,Google,,,5,,,needs_verification,false,
eva,EVA,Ритейл,Work.ua,,,5,,,needs_verification,false,
eva,EVA,Ритейл,Robota.ua,,,5,,,needs_verification,false,
evo,EVO,E-commerce,Google,,,5,,,needs_verification,false,
evo,EVO,E-commerce,Work.ua,,,5,,,needs_verification,false,
evo,EVO,E-commerce,Robota.ua,,,5,,,needs_verification,false,
evo,EVO,E-commerce,Indeed,,,5,,,needs_verification,false,
evo,EVO,E-commerce,Glassdoor,,,5,,,needs_verification,false,
exist-ua,EXIST.UA,Авто,Google,,,5,,,needs_verification,false,
exist-ua,EXIST.UA,Авто,Work.ua,,,5,,,needs_verification,false,
exist-ua,EXIST.UA,Авто,Robota.ua,,,5,,,needs_verification,false,
exist-ua,EXIST.UA,Авто,Indeed,,,5,,,needs_verification,false,
exist-ua,EXIST.UA,Авто,Glassdoor,,,5,,,needs_verification,false,
ey-ukraine,EY Ukraine,Консалтинг,Google,,,5,,,needs_verification,false,
ey-ukraine,EY Ukraine,Консалтинг,Work.ua,,,5,,,needs_verification,false,
ey-ukraine,EY Ukraine,Консалтинг,Robota.ua,,,5,,,needs_verification,false,
ey-ukraine,EY Ukraine,Консалтинг,Indeed,,,5,,,needs_verification,false,
ey-ukraine,EY Ukraine,Консалтинг,Glassdoor,,,5,,,needs_verification,false,
fedoriv,Fedoriv,Media,Google,,,5,,,needs_verification,false,
fedoriv,Fedoriv,Media,Work.ua,,,5,,,needs_verification,false,
fedoriv,Fedoriv,Media,Robota.ua,,,5,,,needs_verification,false,
fedoriv,Fedoriv,Media,Indeed,,,5,,,needs_verification,false,
fedoriv,Fedoriv,Media,Glassdoor,,,5,,,needs_verification,false,
ferrexpo,Ferrexpo,Металургія,Google,,,5,,,needs_verification,false,
ferrexpo,Ferrexpo,Металургія,Work.ua,,,5,,,needs_verification,false,
ferrexpo,Ferrexpo,Металургія,Robota.ua,,,5,,,needs_verification,false,
first-line-group,First Line Group,HoReCa,Google,,,5,,,needs_verification,false,
first-line-group,First Line Group,HoReCa,Work.ua,,,5,,,needs_verification,false,
first-line-group,First Line Group,HoReCa,Robota.ua,,,5,,,needs_verification,false,
first-line-group,First Line Group,HoReCa,Indeed,,,5,,,needs_verification,false,
first-line-group,First Line Group,HoReCa,Glassdoor,,,5,,,needs_verification,false,
flatfy,Flatfy,E-commerce,Google,,,5,,,needs_verification,false,
flatfy,Flatfy,E-commerce,Work.ua,,,5,,,needs_verification,false,
flatfy,Flatfy,E-commerce,Robota.ua,,,5,,,needs_verification,false,
flatfy,Flatfy,E-commerce,Indeed,,,5,,,needs_verification,false,
flatfy,Flatfy,E-commerce,Glassdoor,,,5,,,needs_verification,false,
flex-ukraine,Flex Ukraine,Виробництво,Google,,,5,,,needs_verification,false,
flex-ukraine,Flex Ukraine,Виробництво,Work.ua,,,5,,,needs_verification,false,
flex-ukraine,Flex Ukraine,Виробництво,Robota.ua,,,5,,,needs_verification,false,
fm-logistic-ukraine,FM Logistic Ukraine,Логістика,Google,,,5,,,needs_verification,false,
fm-logistic-ukraine,FM Logistic Ukraine,Логістика,Work.ua,,,5,,,needs_verification,false,
fm-logistic-ukraine,FM Logistic Ukraine,Логістика,Robota.ua,,,5,,,needs_verification,false,
fondy,Fondy,Банки і фінанси,Google,,,5,,,needs_verification,false,
fondy,Fondy,Банки і фінанси,Work.ua,,,5,,,needs_verification,false,
fondy,Fondy,Банки і фінанси,Robota.ua,,,5,,,needs_verification,false,
fondy,Fondy,Банки і фінанси,Indeed,,,5,,,needs_verification,false,
fondy,Fondy,Банки і фінанси,Glassdoor,,,5,,,needs_verification,false,
fora,Fora,Ритейл,Google,,,5,,,needs_verification,false,
fora,Fora,Ритейл,Work.ua,,,5,,,needs_verification,false,
fora,Fora,Ритейл,Robota.ua,,,5,,,needs_verification,false,
forbes-ukraine,Forbes Ukraine,Media,Google,,,5,,,needs_verification,false,
forbes-ukraine,Forbes Ukraine,Media,Work.ua,,,5,,,needs_verification,false,
forbes-ukraine,Forbes Ukraine,Media,Robota.ua,,,5,,,needs_verification,false,
forbes-ukraine,Forbes Ukraine,Media,Indeed,,,5,,,needs_verification,false,
forbes-ukraine,Forbes Ukraine,Media,Glassdoor,,,5,,,needs_verification,false,
foxtrot,Foxtrot,Ритейл електроніки,Google,,,5,,,needs_verification,false,
foxtrot,Foxtrot,Ритейл електроніки,Work.ua,,,5,,,needs_verification,false,
foxtrot,Foxtrot,Ритейл електроніки,Robota.ua,,,5,,,needs_verification,false,
frinet,Frinet,Telecom,Google,,,5,,,needs_verification,false,
frinet,Frinet,Telecom,Work.ua,,,5,,,needs_verification,false,
frinet,Frinet,Telecom,Robota.ua,,,5,,,needs_verification,false,
frinet,Frinet,Telecom,Indeed,,,5,,,needs_verification,false,
frinet,Frinet,Telecom,Glassdoor,,,5,,,needs_verification,false,
fujikura-automotive-ukraine-lviv,Fujikura Automotive Ukraine Lviv,Виробництво,Google,,,5,,,needs_verification,false,
fujikura-automotive-ukraine-lviv,Fujikura Automotive Ukraine Lviv,Виробництво,Work.ua,,,5,,,needs_verification,false,
fujikura-automotive-ukraine-lviv,Fujikura Automotive Ukraine Lviv,Виробництво,Robota.ua,,,5,,,needs_verification,false,
gastrofamily,GastroFamily,HoReCa,Google,,,5,,,needs_verification,false,
gastrofamily,GastroFamily,HoReCa,Work.ua,,,5,,,needs_verification,false,
gastrofamily,GastroFamily,HoReCa,Robota.ua,,,5,,,needs_verification,false,
gastrofamily,GastroFamily,HoReCa,Indeed,,,5,,,needs_verification,false,
gastrofamily,GastroFamily,HoReCa,Glassdoor,,,5,,,needs_verification,false,
genesis,Genesis,IT,Google,,,5,,,needs_verification,false,
genesis,Genesis,IT,Work.ua,,,5,,,needs_verification,false,
genesis,Genesis,IT,Robota.ua,,,5,,,needs_verification,false,
genesis,Genesis,IT,DOU,,,5,,,needs_verification,false,
genesis,Genesis,IT,Djinni,,,5,,,needs_verification,false,
genesis,Genesis,IT,Indeed,,,5,,,needs_verification,false,
genesis,Genesis,IT,Glassdoor,,,5,,,needs_verification,false,
genius-space,Genius Space,Освіта,Google,,,5,,,needs_verification,false,
genius-space,Genius Space,Освіта,Work.ua,,,5,,,needs_verification,false,
genius-space,Genius Space,Освіта,Robota.ua,,,5,,,needs_verification,false,
gfk-ukraine,GfK Ukraine,Консалтинг,Google,,,5,,,needs_verification,false,
gfk-ukraine,GfK Ukraine,Консалтинг,Work.ua,,,5,,,needs_verification,false,
gfk-ukraine,GfK Ukraine,Консалтинг,Robota.ua,,,5,,,needs_verification,false,
gfk-ukraine,GfK Ukraine,Консалтинг,Indeed,,,5,,,needs_verification,false,
gfk-ukraine,GfK Ukraine,Консалтинг,Glassdoor,,,5,,,needs_verification,false,
gigatrans,GigaTrans,Telecom,Google,,,5,,,needs_verification,false,
gigatrans,GigaTrans,Telecom,Work.ua,,,5,,,needs_verification,false,
gigatrans,GigaTrans,Telecom,Robota.ua,,,5,,,needs_verification,false,
gigatrans,GigaTrans,Telecom,Indeed,,,5,,,needs_verification,false,
gigatrans,GigaTrans,Telecom,Glassdoor,,,5,,,needs_verification,false,
global-bilgi,Global Bilgi,Послуги,Google,,,5,,,needs_verification,false,
global-bilgi,Global Bilgi,Послуги,Work.ua,,,5,,,needs_verification,false,
global-bilgi,Global Bilgi,Послуги,Robota.ua,,,5,,,needs_verification,false,
globallogic,GlobalLogic,IT,Google,,,5,,,needs_verification,false,
globallogic,GlobalLogic,IT,Work.ua,,,5,,,needs_verification,false,
globallogic,GlobalLogic,IT,Robota.ua,,,5,,,needs_verification,false,
globallogic,GlobalLogic,IT,DOU,,,5,,,needs_verification,false,
globallogic,GlobalLogic,IT,Djinni,,,5,,,needs_verification,false,
globallogic,GlobalLogic,IT,Indeed,,,5,,,needs_verification,false,
globallogic,GlobalLogic,IT,Glassdoor,,,5,,,needs_verification,false,
globallogic-ukraine,GlobalLogic Ukraine,IT,Google,,,5,,,needs_verification,false,
globallogic-ukraine,GlobalLogic Ukraine,IT,Work.ua,,,5,,,needs_verification,false,
globallogic-ukraine,GlobalLogic Ukraine,IT,Robota.ua,,,5,,,needs_verification,false,
globallogic-ukraine,GlobalLogic Ukraine,IT,DOU,,,5,,,needs_verification,false,
globallogic-ukraine,GlobalLogic Ukraine,IT,Djinni,,,5,,,needs_verification,false,
globallogic-ukraine,GlobalLogic Ukraine,IT,Indeed,,,5,,,needs_verification,false,
globallogic-ukraine,GlobalLogic Ukraine,IT,Glassdoor,,,5,,,needs_verification,false,
glovo,Glovo,Логістика і доставка,Google,,,5,,,needs_verification,false,
glovo,Glovo,Логістика і доставка,Work.ua,,,5,,,needs_verification,false,
glovo,Glovo,Логістика і доставка,Robota.ua,,,5,,,needs_verification,false,
glovo-ukraine,Glovo Ukraine,IT,Google,,,5,,,needs_verification,false,
glovo-ukraine,Glovo Ukraine,IT,Work.ua,,,5,,,needs_verification,false,
glovo-ukraine,Glovo Ukraine,IT,Robota.ua,,,5,,,needs_verification,false,
glovo-ukraine,Glovo Ukraine,IT,DOU,,,5,,,needs_verification,false,
glovo-ukraine,Glovo Ukraine,IT,Djinni,,,5,,,needs_verification,false,
glovo-ukraine,Glovo Ukraine,IT,Indeed,,,5,,,needs_verification,false,
glovo-ukraine,Glovo Ukraine,IT,Glassdoor,,,5,,,needs_verification,false,
glovo-ukraina,Glovo Україна,Доставка,Google,,,5,,,needs_verification,false,
glovo-ukraina,Glovo Україна,Доставка,Work.ua,,,5,,,needs_verification,false,
glovo-ukraina,Glovo Україна,Доставка,Robota.ua,,,5,,,needs_verification,false,
goit,GoIT,Освіта,Google,,,5,,,needs_verification,false,
goit,GoIT,Освіта,Work.ua,,,5,,,needs_verification,false,
goit,GoIT,Освіта,Robota.ua,,,5,,,needs_verification,false,
goodwine,GoodWine,Ритейл / HoReCa,Google,,,5,,,needs_verification,false,
goodwine,GoodWine,Ритейл / HoReCa,Work.ua,,,5,,,needs_verification,false,
goodwine,GoodWine,Ритейл / HoReCa,Robota.ua,,,5,,,needs_verification,false,
grade-education-centre,Grade Education Centre,Освіта,Google,,,5,,,needs_verification,false,
grade-education-centre,Grade Education Centre,Освіта,Work.ua,,,5,,,needs_verification,false,
grade-education-centre,Grade Education Centre,Освіта,Robota.ua,,,5,,,needs_verification,false,
gradus-research,Gradus Research,Консалтинг,Google,,,5,,,needs_verification,false,
gradus-research,Gradus Research,Консалтинг,Work.ua,,,5,,,needs_verification,false,
gradus-research,Gradus Research,Консалтинг,Robota.ua,,,5,,,needs_verification,false,
gradus-research,Gradus Research,Консалтинг,Indeed,,,5,,,needs_verification,false,
gradus-research,Gradus Research,Консалтинг,Glassdoor,,,5,,,needs_verification,false,
grammarly,Grammarly,IT,Google,,,5,,,needs_verification,false,
grammarly,Grammarly,IT,Work.ua,,,5,,,needs_verification,false,
grammarly,Grammarly,IT,Robota.ua,,,5,,,needs_verification,false,
grammarly,Grammarly,IT,DOU,,,5,,,needs_verification,false,
grammarly,Grammarly,IT,Djinni,,,5,,,needs_verification,false,
grammarly,Grammarly,IT,Indeed,,,5,,,needs_verification,false,
grammarly,Grammarly,IT,Glassdoor,,,5,,,needs_verification,false,
grammarly-ukraine,Grammarly Ukraine,IT,Google,,,5,,,needs_verification,false,
grammarly-ukraine,Grammarly Ukraine,IT,Work.ua,,,5,,,needs_verification,false,
grammarly-ukraine,Grammarly Ukraine,IT,Robota.ua,,,5,,,needs_verification,false,
grammarly-ukraine,Grammarly Ukraine,IT,DOU,,,5,,,needs_verification,false,
grammarly-ukraine,Grammarly Ukraine,IT,Djinni,,,5,,,needs_verification,false,
grammarly-ukraine,Grammarly Ukraine,IT,Indeed,,,5,,,needs_verification,false,
grammarly-ukraine,Grammarly Ukraine,IT,Glassdoor,,,5,,,needs_verification,false,
grant-thornton-ukraine,Grant Thornton Ukraine,Консалтинг,Google,,,5,,,needs_verification,false,
grant-thornton-ukraine,Grant Thornton Ukraine,Консалтинг,Work.ua,,,5,,,needs_verification,false,
grant-thornton-ukraine,Grant Thornton Ukraine,Консалтинг,Robota.ua,,,5,,,needs_verification,false,
grant-thornton-ukraine,Grant Thornton Ukraine,Консалтинг,Indeed,,,5,,,needs_verification,false,
grant-thornton-ukraine,Grant Thornton Ukraine,Консалтинг,Glassdoor,,,5,,,needs_verification,false,
green-forest,Green Forest,Освіта,Google,,,5,,,needs_verification,false,
green-forest,Green Forest,Освіта,Work.ua,,,5,,,needs_verification,false,
green-forest,Green Forest,Освіта,Robota.ua,,,5,,,needs_verification,false,
greenville,Greenville,Нерухомість,Google,,,5,,,needs_verification,false,
greenville,Greenville,Нерухомість,Work.ua,,,5,,,needs_verification,false,
greenville,Greenville,Нерухомість,Robota.ua,,,5,,,needs_verification,false,
gres-todorchuk,Gres Todorchuk,Media,Google,,,5,,,needs_verification,false,
gres-todorchuk,Gres Todorchuk,Media,Work.ua,,,5,,,needs_verification,false,
gres-todorchuk,Gres Todorchuk,Media,Robota.ua,,,5,,,needs_verification,false,
gres-todorchuk,Gres Todorchuk,Media,Indeed,,,5,,,needs_verification,false,
gres-todorchuk,Gres Todorchuk,Media,Glassdoor,,,5,,,needs_verification,false,
grid-dynamics-ukraine,Grid Dynamics Ukraine,IT,Google,,,5,,,needs_verification,false,
grid-dynamics-ukraine,Grid Dynamics Ukraine,IT,Work.ua,,,5,,,needs_verification,false,
grid-dynamics-ukraine,Grid Dynamics Ukraine,IT,Robota.ua,,,5,,,needs_verification,false,
grid-dynamics-ukraine,Grid Dynamics Ukraine,IT,DOU,,,5,,,needs_verification,false,
grid-dynamics-ukraine,Grid Dynamics Ukraine,IT,Djinni,,,5,,,needs_verification,false,
grid-dynamics-ukraine,Grid Dynamics Ukraine,IT,Indeed,,,5,,,needs_verification,false,
grid-dynamics-ukraine,Grid Dynamics Ukraine,IT,Glassdoor,,,5,,,needs_verification,false,
harveast,HarvEast,Агро,Google,,,5,,,needs_verification,false,
harveast,HarvEast,Агро,Work.ua,,,5,,,needs_verification,false,
harveast,HarvEast,Агро,Robota.ua,,,5,,,needs_verification,false,
headway,Headway,IT,Google,,,5,,,needs_verification,false,
headway,Headway,IT,Work.ua,,,5,,,needs_verification,false,
headway,Headway,IT,Robota.ua,,,5,,,needs_verification,false,
headway,Headway,IT,DOU,,,5,,,needs_verification,false,
headway,Headway,IT,Djinni,,,5,,,needs_verification,false,
headway,Headway,IT,Indeed,,,5,,,needs_verification,false,
headway,Headway,IT,Glassdoor,,,5,,,needs_verification,false,
helsi,Helsi,Медицина,Google,,,5,,,needs_verification,false,
helsi,Helsi,Медицина,Work.ua,,,5,,,needs_verification,false,
helsi,Helsi,Медицина,Robota.ua,,,5,,,needs_verification,false,
helsi,Helsi,Медицина,Indeed,,,5,,,needs_verification,false,
helsi,Helsi,Медицина,Glassdoor,,,5,,,needs_verification,false,
henkel-bautechnik-ukraine,Henkel Bautechnik Ukraine,Будівництво,Google,,,5,,,needs_verification,false,
henkel-bautechnik-ukraine,Henkel Bautechnik Ukraine,Будівництво,Work.ua,,,5,,,needs_verification,false,
henkel-bautechnik-ukraine,Henkel Bautechnik Ukraine,Будівництво,Robota.ua,,,5,,,needs_verification,false,
henkel-ukraine,Henkel Ukraine,Виробництво,Google,,,5,,,needs_verification,false,
henkel-ukraine,Henkel Ukraine,Виробництво,Work.ua,,,5,,,needs_verification,false,
henkel-ukraine,Henkel Ukraine,Виробництво,Robota.ua,,,5,,,needs_verification,false,
hillel-it-school,Hillel IT School,Освіта,Google,,,5,,,needs_verification,false,
hillel-it-school,Hillel IT School,Освіта,Work.ua,,,5,,,needs_verification,false,
hillel-it-school,Hillel IT School,Освіта,Robota.ua,,,5,,,needs_verification,false,
hillmont-partners,Hillmont Partners,Юридичні послуги,Google,,,5,,,needs_verification,false,
hillmont-partners,Hillmont Partners,Юридичні послуги,Work.ua,,,5,,,needs_verification,false,
hillmont-partners,Hillmont Partners,Юридичні послуги,Robota.ua,,,5,,,needs_verification,false,
hillmont-partners,Hillmont Partners,Юридичні послуги,Indeed,,,5,,,needs_verification,false,
hillmont-partners,Hillmont Partners,Юридичні послуги,Glassdoor,,,5,,,needs_verification,false,
honda-ukraina,Honda Україна,Авто,Google,,,5,,,needs_verification,false,
honda-ukraina,Honda Україна,Авто,Work.ua,,,5,,,needs_verification,false,
honda-ukraina,Honda Україна,Авто,Robota.ua,,,5,,,needs_verification,false,
honda-ukraina,Honda Україна,Авто,Indeed,,,5,,,needs_verification,false,
honda-ukraina,Honda Україна,Авто,Glassdoor,,,5,,,needs_verification,false,
hotlineua,Hotline.ua,E-commerce,Google,,,5,,,needs_verification,false,
hotlineua,Hotline.ua,E-commerce,Work.ua,,,5,,,needs_verification,false,
hotlineua,Hotline.ua,E-commerce,Robota.ua,,,5,,,needs_verification,false,
hotlineua,Hotline.ua,E-commerce,Indeed,,,5,,,needs_verification,false,
hotlineua,Hotline.ua,E-commerce,Glassdoor,,,5,,,needs_verification,false,
hromadske,Hromadske,Media,Google,,,5,,,needs_verification,false,
hromadske,Hromadske,Media,Work.ua,,,5,,,needs_verification,false,
hromadske,Hromadske,Media,Robota.ua,,,5,,,needs_verification,false,
hromadske,Hromadske,Media,Indeed,,,5,,,needs_verification,false,
hromadske,Hromadske,Media,Glassdoor,,,5,,,needs_verification,false,
hyundai-motor-ukraine,Hyundai Motor Ukraine,Авто,Google,,,5,,,needs_verification,false,
hyundai-motor-ukraine,Hyundai Motor Ukraine,Авто,Work.ua,,,5,,,needs_verification,false,
hyundai-motor-ukraine,Hyundai Motor Ukraine,Авто,Robota.ua,,,5,,,needs_verification,false,
hyundai-motor-ukraine,Hyundai Motor Ukraine,Авто,Indeed,,,5,,,needs_verification,false,
hyundai-motor-ukraine,Hyundai Motor Ukraine,Авто,Glassdoor,,,5,,,needs_verification,false,
ictv,ICTV,Media,Google,,,5,,,needs_verification,false,
ictv,ICTV,Media,Work.ua,,,5,,,needs_verification,false,
ictv,ICTV,Media,Robota.ua,,,5,,,needs_verification,false,
ictv,ICTV,Media,Indeed,,,5,,,needs_verification,false,
ictv,ICTV,Media,Glassdoor,,,5,,,needs_verification,false,
ids-ukraine,IDS Ukraine,FMCG,Google,,,5,,,needs_verification,false,
ids-ukraine,IDS Ukraine,FMCG,Work.ua,,,5,,,needs_verification,false,
ids-ukraine,IDS Ukraine,FMCG,Robota.ua,,,5,,,needs_verification,false,
ids-ukraine,IDS Ukraine,FMCG,Indeed,,,5,,,needs_verification,false,
ids-ukraine,IDS Ukraine,FMCG,Glassdoor,,,5,,,needs_verification,false,
ilf,ILF,Юридичні послуги,Google,,,5,,,needs_verification,false,
ilf,ILF,Юридичні послуги,Work.ua,,,5,,,needs_verification,false,
ilf,ILF,Юридичні послуги,Robota.ua,,,5,,,needs_verification,false,
ilf,ILF,Юридичні послуги,Indeed,,,5,,,needs_verification,false,
ilf,ILF,Юридичні послуги,Glassdoor,,,5,,,needs_verification,false,
ilyashev-partners,Ilyashev & Partners,Юридичні послуги,Google,,,5,,,needs_verification,false,
ilyashev-partners,Ilyashev & Partners,Юридичні послуги,Work.ua,,,5,,,needs_verification,false,
ilyashev-partners,Ilyashev & Partners,Юридичні послуги,Robota.ua,,,5,,,needs_verification,false,
ilyashev-partners,Ilyashev & Partners,Юридичні послуги,Indeed,,,5,,,needs_verification,false,
ilyashev-partners,Ilyashev & Partners,Юридичні послуги,Glassdoor,,,5,,,needs_verification,false,
imc,IMC,Агро,Google,,,5,,,needs_verification,false,
imc,IMC,Агро,Work.ua,,,5,,,needs_verification,false,
imc,IMC,Агро,Robota.ua,,,5,,,needs_verification,false,
info-sapiens,Info Sapiens,Консалтинг,Google,,,5,,,needs_verification,false,
info-sapiens,Info Sapiens,Консалтинг,Work.ua,,,5,,,needs_verification,false,
info-sapiens,Info Sapiens,Консалтинг,Robota.ua,,,5,,,needs_verification,false,
info-sapiens,Info Sapiens,Консалтинг,Indeed,,,5,,,needs_verification,false,
info-sapiens,Info Sapiens,Консалтинг,Glassdoor,,,5,,,needs_verification,false,
infopulse,Infopulse,IT,Google,,,5,,,needs_verification,false,
infopulse,Infopulse,IT,Work.ua,,,5,,,needs_verification,false,
infopulse,Infopulse,IT,Robota.ua,,,5,,,needs_verification,false,
infopulse,Infopulse,IT,DOU,,,5,,,needs_verification,false,
infopulse,Infopulse,IT,Djinni,,,5,,,needs_verification,false,
infopulse,Infopulse,IT,Indeed,,,5,,,needs_verification,false,
infopulse,Infopulse,IT,Glassdoor,,,5,,,needs_verification,false,
integrites,Integrites,Юридичні послуги,Google,,,5,,,needs_verification,false,
integrites,Integrites,Юридичні послуги,Work.ua,,,5,,,needs_verification,false,
integrites,Integrites,Юридичні послуги,Robota.ua,,,5,,,needs_verification,false,
integrites,Integrites,Юридичні послуги,Indeed,,,5,,,needs_verification,false,
integrites,Integrites,Юридичні послуги,Glassdoor,,,5,,,needs_verification,false,
intellias,Intellias,IT,Google,,,5,,,needs_verification,false,
intellias,Intellias,IT,Work.ua,,,5,,,needs_verification,false,
intellias,Intellias,IT,Robota.ua,,,5,,,needs_verification,false,
intellias,Intellias,IT,DOU,,,5,,,needs_verification,false,
intellias,Intellias,IT,Djinni,,,5,,,needs_verification,false,
intellias,Intellias,IT,Indeed,,,5,,,needs_verification,false,
intellias,Intellias,IT,Glassdoor,,,5,,,needs_verification,false,
intersport-ukraine,Intersport Ukraine,Ритейл,Google,,,5,,,needs_verification,false,
intersport-ukraine,Intersport Ukraine,Ритейл,Work.ua,,,5,,,needs_verification,false,
intersport-ukraine,Intersport Ukraine,Ритейл,Robota.ua,,,5,,,needs_verification,false,
intertop,Intertop,Ритейл,Google,,,5,,,needs_verification,false,
intertop,Intertop,Ритейл,Work.ua,,,5,,,needs_verification,false,
intertop,Intertop,Ритейл,Robota.ua,,,5,,,needs_verification,false,
into-sana,Into-Sana,Медицина,Google,,,5,,,needs_verification,false,
into-sana,Into-Sana,Медицина,Work.ua,,,5,,,needs_verification,false,
into-sana,Into-Sana,Медицина,Robota.ua,,,5,,,needs_verification,false,
into-sana,Into-Sana,Медицина,Indeed,,,5,,,needs_verification,false,
into-sana,Into-Sana,Медицина,Glassdoor,,,5,,,needs_verification,false,
ipay-ua,iPay.ua,Банки і фінанси,Google,,,5,,,needs_verification,false,
ipay-ua,iPay.ua,Банки і фінанси,Work.ua,,,5,,,needs_verification,false,
ipay-ua,iPay.ua,Банки і фінанси,Robota.ua,,,5,,,needs_verification,false,
ipay-ua,iPay.ua,Банки і фінанси,Indeed,,,5,,,needs_verification,false,
ipay-ua,iPay.ua,Банки і фінанси,Glassdoor,,,5,,,needs_verification,false,
itera-ukraine,Itera Ukraine,IT,Google,,,5,,,needs_verification,false,
itera-ukraine,Itera Ukraine,IT,Work.ua,,,5,,,needs_verification,false,
itera-ukraine,Itera Ukraine,IT,Robota.ua,,,5,,,needs_verification,false,
itera-ukraine,Itera Ukraine,IT,DOU,,,5,,,needs_verification,false,
itera-ukraine,Itera Ukraine,IT,Djinni,,,5,,,needs_verification,false,
itera-ukraine,Itera Ukraine,IT,Indeed,,,5,,,needs_verification,false,
itera-ukraine,Itera Ukraine,IT,Glassdoor,,,5,,,needs_verification,false,
jabil-ukraine,Jabil Ukraine,Виробництво,Google,,,5,,,needs_verification,false,
jabil-ukraine,Jabil Ukraine,Виробництво,Work.ua,,,5,,,needs_verification,false,
jabil-ukraine,Jabil Ukraine,Виробництво,Robota.ua,,,5,,,needs_verification,false,
jooble,Jooble,IT,Google,,,5,,,needs_verification,false,
jooble,Jooble,IT,Work.ua,,,5,,,needs_verification,false,
jooble,Jooble,IT,Robota.ua,,,5,,,needs_verification,false,
jooble,Jooble,IT,DOU,,,5,,,needs_verification,false,
jooble,Jooble,IT,Djinni,,,5,,,needs_verification,false,
jooble,Jooble,IT,Indeed,,,5,,,needs_verification,false,
jooble,Jooble,IT,Glassdoor,,,5,,,needs_verification,false,
jti-ukraine,JTI Ukraine,FMCG,Google,,,5,,,needs_verification,false,
jti-ukraine,JTI Ukraine,FMCG,Work.ua,,,5,,,needs_verification,false,
jti-ukraine,JTI Ukraine,FMCG,Robota.ua,,,5,,,needs_verification,false,
jti-ukraine,JTI Ukraine,FMCG,Indeed,,,5,,,needs_verification,false,
jti-ukraine,JTI Ukraine,FMCG,Glassdoor,,,5,,,needs_verification,false,
juscutum,Juscutum,Юридичні послуги,Google,,,5,,,needs_verification,false,
juscutum,Juscutum,Юридичні послуги,Work.ua,,,5,,,needs_verification,false,
juscutum,Juscutum,Юридичні послуги,Robota.ua,,,5,,,needs_verification,false,
juscutum,Juscutum,Юридичні послуги,Indeed,,,5,,,needs_verification,false,
juscutum,Juscutum,Юридичні послуги,Glassdoor,,,5,,,needs_verification,false,
justin,Justin,Логістика,Google,,,5,,,needs_verification,false,
justin,Justin,Логістика,Work.ua,,,5,,,needs_verification,false,
justin,Justin,Логістика,Robota.ua,,,5,,,needs_verification,false,
jysk,JYSK,Ритейл,Google,,,5,,,needs_verification,false,
jysk,JYSK,Ритейл,Work.ua,,,5,,,needs_verification,false,
jysk,JYSK,Ритейл,Robota.ua,,,5,,,needs_verification,false,
jysk-ukraina,JYSK Україна,Ритейл,Google,,,5,,,needs_verification,false,
jysk-ukraina,JYSK Україна,Ритейл,Work.ua,,,5,,,needs_verification,false,
jysk-ukraina,JYSK Україна,Ритейл,Robota.ua,,,5,,,needs_verification,false,
kabanchikua,Kabanchik.ua,E-commerce,Google,,,5,,,needs_verification,false,
kabanchikua,Kabanchik.ua,E-commerce,Work.ua,,,5,,,needs_verification,false,
kabanchikua,Kabanchik.ua,E-commerce,Robota.ua,,,5,,,needs_verification,false,
kabanchikua,Kabanchik.ua,E-commerce,Indeed,,,5,,,needs_verification,false,
kabanchikua,Kabanchik.ua,E-commerce,Glassdoor,,,5,,,needs_verification,false,
kabanchikua-services,Kabanchik.ua Services,Побутові послуги,Google,,,5,,,needs_verification,false,
kabanchikua-services,Kabanchik.ua Services,Побутові послуги,Work.ua,,,5,,,needs_verification,false,
kabanchikua-services,Kabanchik.ua Services,Побутові послуги,Robota.ua,,,5,,,needs_verification,false,
kan-market,KAN Market,Нерухомість,Google,,,5,,,needs_verification,false,
kan-market,KAN Market,Нерухомість,Work.ua,,,5,,,needs_verification,false,
kan-market,KAN Market,Нерухомість,Robota.ua,,,5,,,needs_verification,false,
kantar-ukraine,Kantar Ukraine,Консалтинг,Google,,,5,,,needs_verification,false,
kantar-ukraine,Kantar Ukraine,Консалтинг,Work.ua,,,5,,,needs_verification,false,
kantar-ukraine,Kantar Ukraine,Консалтинг,Robota.ua,,,5,,,needs_verification,false,
kantar-ukraine,Kantar Ukraine,Консалтинг,Indeed,,,5,,,needs_verification,false,
kantar-ukraine,Kantar Ukraine,Консалтинг,Glassdoor,,,5,,,needs_verification,false,
kasta,Kasta,E-commerce,Google,,,5,,,needs_verification,false,
kasta,Kasta,E-commerce,Work.ua,,,5,,,needs_verification,false,
kasta,Kasta,E-commerce,Robota.ua,,,5,,,needs_verification,false,
kasta,Kasta,E-commerce,Indeed,,,5,,,needs_verification,false,
kasta,Kasta,E-commerce,Glassdoor,,,5,,,needs_verification,false,
kernel,Kernel,FMCG,Google,,,5,,,needs_verification,false,
kernel,Kernel,FMCG,Work.ua,,,5,,,needs_verification,false,
kernel,Kernel,FMCG,Robota.ua,,,5,,,needs_verification,false,
kernel,Kernel,FMCG,Indeed,,,5,,,needs_verification,false,
kernel,Kernel,FMCG,Glassdoor,,,5,,,needs_verification,false,
kfc,KFC,Ресторани і фастфуд,Google,,,5,,,needs_verification,false,
kfc,KFC,Ресторани і фастфуд,Work.ua,,,5,,,needs_verification,false,
kfc,KFC,Ресторани і фастфуд,Robota.ua,,,5,,,needs_verification,false,
kfc-ukraine,KFC Ukraine,HoReCa,Google,,,5,,,needs_verification,false,
kfc-ukraine,KFC Ukraine,HoReCa,Work.ua,,,5,,,needs_verification,false,
kfc-ukraine,KFC Ukraine,HoReCa,Robota.ua,,,5,,,needs_verification,false,
kfc-ukraine,KFC Ukraine,HoReCa,Indeed,,,5,,,needs_verification,false,
kfc-ukraine,KFC Ukraine,HoReCa,Glassdoor,,,5,,,needs_verification,false,
kfc-ukraina,KFC Україна,HoReCa,Google,,,5,,,needs_verification,false,
kfc-ukraina,KFC Україна,HoReCa,Work.ua,,,5,,,needs_verification,false,
kfc-ukraina,KFC Україна,HoReCa,Robota.ua,,,5,,,needs_verification,false,
kfc-ukraina,KFC Україна,HoReCa,Indeed,,,5,,,needs_verification,false,
kfc-ukraina,KFC Україна,HoReCa,Glassdoor,,,5,,,needs_verification,false,
kia-ukraine,Kia Ukraine,Авто,Google,,,5,,,needs_verification,false,
kia-ukraine,Kia Ukraine,Авто,Work.ua,,,5,,,needs_verification,false,
kia-ukraine,Kia Ukraine,Авто,Robota.ua,,,5,,,needs_verification,false,
kia-ukraine,Kia Ukraine,Авто,Indeed,,,5,,,needs_verification,false,
kia-ukraine,Kia Ukraine,Авто,Glassdoor,,,5,,,needs_verification,false,
kimberly-clark-ukraine,Kimberly-Clark Ukraine,Виробництво,Google,,,5,,,needs_verification,false,
kimberly-clark-ukraine,Kimberly-Clark Ukraine,Виробництво,Work.ua,,,5,,,needs_verification,false,
kimberly-clark-ukraine,Kimberly-Clark Ukraine,Виробництво,Robota.ua,,,5,,,needs_verification,false,
kindgeek,KindGeek,IT,Google,,,5,,,needs_verification,false,
kindgeek,KindGeek,IT,Work.ua,,,5,,,needs_verification,false,
kindgeek,KindGeek,IT,Robota.ua,,,5,,,needs_verification,false,
kindgeek,KindGeek,IT,DOU,,,5,,,needs_verification,false,
kindgeek,KindGeek,IT,Djinni,,,5,,,needs_verification,false,
kindgeek,KindGeek,IT,Indeed,,,5,,,needs_verification,false,
kindgeek,KindGeek,IT,Glassdoor,,,5,,,needs_verification,false,
klo,KLO,АЗС,Google,,,5,,,needs_verification,false,
klo,KLO,АЗС,Work.ua,,,5,,,needs_verification,false,
klo,KLO,АЗС,Robota.ua,,,5,,,needs_verification,false,
klo-cafe,KLO Cafe,HoReCa,Google,,,5,,,needs_verification,false,
klo-cafe,KLO Cafe,HoReCa,Work.ua,,,5,,,needs_verification,false,
klo-cafe,KLO Cafe,HoReCa,Robota.ua,,,5,,,needs_verification,false,
klo-cafe,KLO Cafe,HoReCa,Indeed,,,5,,,needs_verification,false,
klo-cafe,KLO Cafe,HoReCa,Glassdoor,,,5,,,needs_verification,false,
knauf-ukraine,Knauf Ukraine,Будівництво,Google,,,5,,,needs_verification,false,
knauf-ukraine,Knauf Ukraine,Будівництво,Work.ua,,,5,,,needs_verification,false,
knauf-ukraine,Knauf Ukraine,Будівництво,Robota.ua,,,5,,,needs_verification,false,
kness,KNESS,Енергетика,Google,,,5,,,needs_verification,false,
kness,KNESS,Енергетика,Work.ua,,,5,,,needs_verification,false,
kness,KNESS,Енергетика,Robota.ua,,,5,,,needs_verification,false,
kormotech,Kormotech,FMCG,Google,,,5,,,needs_verification,false,
kormotech,Kormotech,FMCG,Work.ua,,,5,,,needs_verification,false,
kormotech,Kormotech,FMCG,Robota.ua,,,5,,,needs_verification,false,
kormotech,Kormotech,FMCG,Indeed,,,5,,,needs_verification,false,
kormotech,Kormotech,FMCG,Glassdoor,,,5,,,needs_verification,false,
kpmg-ukraine,KPMG Ukraine,Консалтинг,Google,,,5,,,needs_verification,false,
kpmg-ukraine,KPMG Ukraine,Консалтинг,Work.ua,,,5,,,needs_verification,false,
kpmg-ukraine,KPMG Ukraine,Консалтинг,Robota.ua,,,5,,,needs_verification,false,
kpmg-ukraine,KPMG Ukraine,Консалтинг,Indeed,,,5,,,needs_verification,false,
kpmg-ukraine,KPMG Ukraine,Консалтинг,Glassdoor,,,5,,,needs_verification,false,
kromberg-schubert-ukraine,Kromberg & Schubert Ukraine,Виробництво,Google,,,5,,,needs_verification,false,
kromberg-schubert-ukraine,Kromberg & Schubert Ukraine,Виробництво,Work.ua,,,5,,,needs_verification,false,
kromberg-schubert-ukraine,Kromberg & Schubert Ukraine,Виробництво,Robota.ua,,,5,,,needs_verification,false,
kse-institute,KSE Institute,Освіта,Google,,,5,,,needs_verification,false,
kse-institute,KSE Institute,Освіта,Work.ua,,,5,,,needs_verification,false,
kse-institute,KSE Institute,Освіта,Robota.ua,,,5,,,needs_verification,false,
kuehne-nagel-ukraine,Kuehne+Nagel Ukraine,Логістика,Google,,,5,,,needs_verification,false,
kuehne-nagel-ukraine,Kuehne+Nagel Ukraine,Логістика,Work.ua,,,5,,,needs_verification,false,
kuehne-nagel-ukraine,Kuehne+Nagel Ukraine,Логістика,Robota.ua,,,5,,,needs_verification,false,
kyivstar,Kyivstar,Telecom,Google,,,5,,,needs_verification,false,
kyivstar,Kyivstar,Telecom,Work.ua,,,5,,,needs_verification,false,
kyivstar,Kyivstar,Telecom,Robota.ua,,,5,,,needs_verification,false,
kyivstar,Kyivstar,Telecom,Indeed,,,5,,,needs_verification,false,
kyivstar,Kyivstar,Telecom,Glassdoor,,,5,,,needs_verification,false,
kyivstar-tv,Kyivstar TV,Media,Google,,,5,,,needs_verification,false,
kyivstar-tv,Kyivstar TV,Media,Work.ua,,,5,,,needs_verification,false,
kyivstar-tv,Kyivstar TV,Media,Robota.ua,,,5,,,needs_verification,false,
kyivstar-tv,Kyivstar TV,Media,Indeed,,,5,,,needs_verification,false,
kyivstar-tv,Kyivstar TV,Media,Glassdoor,,,5,,,needs_verification,false,
laba,Laba,Освіта,Google,,,5,,,needs_verification,false,
laba,Laba,Освіта,Work.ua,,,5,,,needs_verification,false,
laba,Laba,Освіта,Robota.ua,,,5,,,needs_verification,false,
laba-group,Laba Group,IT,Google,,,5,,,needs_verification,false,
laba-group,Laba Group,IT,Work.ua,,,5,,,needs_verification,false,
laba-group,Laba Group,IT,Robota.ua,,,5,,,needs_verification,false,
laba-group,Laba Group,IT,DOU,,,5,,,needs_verification,false,
laba-group,Laba Group,IT,Djinni,,,5,,,needs_verification,false,
laba-group,Laba Group,IT,Indeed,,,5,,,needs_verification,false,
laba-group,Laba Group,IT,Glassdoor,,,5,,,needs_verification,false,
lactalis-ukraine,Lactalis Ukraine,FMCG,Google,,,5,,,needs_verification,false,
lactalis-ukraine,Lactalis Ukraine,FMCG,Work.ua,,,5,,,needs_verification,false,
lactalis-ukraine,Lactalis Ukraine,FMCG,Robota.ua,,,5,,,needs_verification,false,
lactalis-ukraine,Lactalis Ukraine,FMCG,Indeed,,,5,,,needs_verification,false,
lactalis-ukraine,Lactalis Ukraine,FMCG,Glassdoor,,,5,,,needs_verification,false,
lanet,Lanet,Telecom,Google,,,5,,,needs_verification,false,
lanet,Lanet,Telecom,Work.ua,,,5,,,needs_verification,false,
lanet,Lanet,Telecom,Robota.ua,,,5,,,needs_verification,false,
lanet,Lanet,Telecom,Indeed,,,5,,,needs_verification,false,
lanet,Lanet,Telecom,Glassdoor,,,5,,,needs_verification,false,
lc-waikiki-ukraine,LC Waikiki Ukraine,Ритейл,Google,,,5,,,needs_verification,false,
lc-waikiki-ukraine,LC Waikiki Ukraine,Ритейл,Work.ua,,,5,,,needs_verification,false,
lc-waikiki-ukraine,LC Waikiki Ukraine,Ритейл,Robota.ua,,,5,,,needs_verification,false,
lc-waikiki-ukraina,LC Waikiki Україна,Ритейл одягу,Google,,,5,,,needs_verification,false,
lc-waikiki-ukraina,LC Waikiki Україна,Ритейл одягу,Work.ua,,,5,,,needs_verification,false,
lc-waikiki-ukraina,LC Waikiki Україна,Ритейл одягу,Robota.ua,,,5,,,needs_verification,false,
lcf-law-group,LCF Law Group,Юридичні послуги,Google,,,5,,,needs_verification,false,
lcf-law-group,LCF Law Group,Юридичні послуги,Work.ua,,,5,,,needs_verification,false,
lcf-law-group,LCF Law Group,Юридичні послуги,Robota.ua,,,5,,,needs_verification,false,
lcf-law-group,LCF Law Group,Юридичні послуги,Indeed,,,5,,,needs_verification,false,
lcf-law-group,LCF Law Group,Юридичні послуги,Glassdoor,,,5,,,needs_verification,false,
legal-house,Legal House,Юридичні послуги,Google,,,5,,,needs_verification,false,
legal-house,Legal House,Юридичні послуги,Work.ua,,,5,,,needs_verification,false,
legal-house,Legal House,Юридичні послуги,Robota.ua,,,5,,,needs_verification,false,
legal-house,Legal House,Юридичні послуги,Indeed,,,5,,,needs_verification,false,
legal-house,Legal House,Юридичні послуги,Glassdoor,,,5,,,needs_verification,false,
leoni-wiring-systems-ua,Leoni Wiring Systems UA,Виробництво,Google,,,5,,,needs_verification,false,
leoni-wiring-systems-ua,Leoni Wiring Systems UA,Виробництво,Work.ua,,,5,,,needs_verification,false,
leoni-wiring-systems-ua,Leoni Wiring Systems UA,Виробництво,Robota.ua,,,5,,,needs_verification,false,
levi9-ukraine,Levi9 Ukraine,IT,Google,,,5,,,needs_verification,false,
levi9-ukraine,Levi9 Ukraine,IT,Work.ua,,,5,,,needs_verification,false,
levi9-ukraine,Levi9 Ukraine,IT,Robota.ua,,,5,,,needs_verification,false,
levi9-ukraine,Levi9 Ukraine,IT,DOU,,,5,,,needs_verification,false,
levi9-ukraine,Levi9 Ukraine,IT,Djinni,,,5,,,needs_verification,false,
levi9-ukraine,Levi9 Ukraine,IT,Indeed,,,5,,,needs_verification,false,
levi9-ukraine,Levi9 Ukraine,IT,Glassdoor,,,5,,,needs_verification,false,
lexus-ukraina,Lexus Україна,Авто,Google,,,5,,,needs_verification,false,
lexus-ukraina,Lexus Україна,Авто,Work.ua,,,5,,,needs_verification,false,
lexus-ukraina,Lexus Україна,Авто,Robota.ua,,,5,,,needs_verification,false,
lexus-ukraina,Lexus Україна,Авто,Indeed,,,5,,,needs_verification,false,
lexus-ukraina,Lexus Україна,Авто,Glassdoor,,,5,,,needs_verification,false,
lifecell,lifecell,Telecom,Google,,,5,,,needs_verification,false,
lifecell,lifecell,Telecom,Work.ua,,,5,,,needs_verification,false,
lifecell,lifecell,Telecom,Robota.ua,,,5,,,needs_verification,false,
lifecell,lifecell,Telecom,Indeed,,,5,,,needs_verification,false,
lifecell,lifecell,Telecom,Glassdoor,,,5,,,needs_verification,false,
liganet,Liga.net,Media,Google,,,5,,,needs_verification,false,
liganet,Liga.net,Media,Work.ua,,,5,,,needs_verification,false,
liganet,Liga.net,Media,Robota.ua,,,5,,,needs_verification,false,
liganet,Liga.net,Media,Indeed,,,5,,,needs_verification,false,
liganet,Liga.net,Media,Glassdoor,,,5,,,needs_verification,false,
liki24,Liki24,E-commerce,Google,,,5,,,needs_verification,false,
liki24,Liki24,E-commerce,Work.ua,,,5,,,needs_verification,false,
liki24,Liki24,E-commerce,Robota.ua,,,5,,,needs_verification,false,
liki24,Liki24,E-commerce,Indeed,,,5,,,needs_verification,false,
liki24,Liki24,E-commerce,Glassdoor,,,5,,,needs_verification,false,
limagrain-ukraine,Limagrain Ukraine,Агро,Google,,,5,,,needs_verification,false,
limagrain-ukraine,Limagrain Ukraine,Агро,Work.ua,,,5,,,needs_verification,false,
limagrain-ukraine,Limagrain Ukraine,Агро,Robota.ua,,,5,,,needs_verification,false,
liqpay,LiqPay,Банки і фінанси,Google,,,5,,,needs_verification,false,
liqpay,LiqPay,Банки і фінанси,Work.ua,,,5,,,needs_verification,false,
liqpay,LiqPay,Банки і фінанси,Robota.ua,,,5,,,needs_verification,false,
liqpay,LiqPay,Банки і фінанси,Indeed,,,5,,,needs_verification,false,
liqpay,LiqPay,Банки і фінанси,Glassdoor,,,5,,,needs_verification,false,
lnz-group,LNZ Group,Агро,Google,,,5,,,needs_verification,false,
lnz-group,LNZ Group,Агро,Work.ua,,,5,,,needs_verification,false,
lnz-group,LNZ Group,Агро,Robota.ua,,,5,,,needs_verification,false,
logistic-plus-ukraine,Logistic Plus Ukraine,Логістика,Google,,,5,,,needs_verification,false,
logistic-plus-ukraine,Logistic Plus Ukraine,Логістика,Work.ua,,,5,,,needs_verification,false,
logistic-plus-ukraine,Logistic Plus Ukraine,Логістика,Robota.ua,,,5,,,needs_verification,false,
logos-it-academy,Logos IT Academy,Освіта,Google,,,5,,,needs_verification,false,
logos-it-academy,Logos IT Academy,Освіта,Work.ua,,,5,,,needs_verification,false,
logos-it-academy,Logos IT Academy,Освіта,Robota.ua,,,5,,,needs_verification,false,
lohika,Lohika,IT,Google,,,5,,,needs_verification,false,
lohika,Lohika,IT,Work.ua,,,5,,,needs_verification,false,
lohika,Lohika,IT,Robota.ua,,,5,,,needs_verification,false,
lohika,Lohika,IT,DOU,,,5,,,needs_verification,false,
lohika,Lohika,IT,Djinni,,,5,,,needs_verification,false,
lohika,Lohika,IT,Indeed,,,5,,,needs_verification,false,
lohika,Lohika,IT,Glassdoor,,,5,,,needs_verification,false,
lun,LUN,E-commerce,Google,,,5,,,needs_verification,false,
lun,LUN,E-commerce,Work.ua,,,5,,,needs_verification,false,
lun,LUN,E-commerce,Robota.ua,,,5,,,needs_verification,false,
lun,LUN,E-commerce,Indeed,,,5,,,needs_verification,false,
lun,LUN,E-commerce,Glassdoor,,,5,,,needs_verification,false,
luxoft,Luxoft,IT,Google,,,5,,,needs_verification,false,
luxoft,Luxoft,IT,Work.ua,,,5,,,needs_verification,false,
luxoft,Luxoft,IT,Robota.ua,,,5,,,needs_verification,false,
luxoft,Luxoft,IT,DOU,,,5,,,needs_verification,false,
luxoft,Luxoft,IT,Djinni,,,5,,,needs_verification,false,
luxoft,Luxoft,IT,Indeed,,,5,,,needs_verification,false,
luxoft,Luxoft,IT,Glassdoor,,,5,,,needs_verification,false,
lviv-croissants,Lviv Croissants,HoReCa,Google,,,5,,,needs_verification,false,
lviv-croissants,Lviv Croissants,HoReCa,Work.ua,,,5,,,needs_verification,false,
lviv-croissants,Lviv Croissants,HoReCa,Robota.ua,,,5,,,needs_verification,false,
lviv-croissants,Lviv Croissants,HoReCa,Indeed,,,5,,,needs_verification,false,
lviv-croissants,Lviv Croissants,HoReCa,Glassdoor,,,5,,,needs_verification,false,
macpaw,MacPaw,IT,Google,,,5,,,needs_verification,false,
macpaw,MacPaw,IT,Work.ua,,,5,,,needs_verification,false,
macpaw,MacPaw,IT,Robota.ua,,,5,,,needs_verification,false,
macpaw,MacPaw,IT,DOU,,,5,,,needs_verification,false,
macpaw,MacPaw,IT,Djinni,,,5,,,needs_verification,false,
macpaw,MacPaw,IT,Indeed,,,5,,,needs_verification,false,
macpaw,MacPaw,IT,Glassdoor,,,5,,,needs_verification,false,
mafia,Mafia,HoReCa,Google,,,5,,,needs_verification,false,
mafia,Mafia,HoReCa,Work.ua,,,5,,,needs_verification,false,
mafia,Mafia,HoReCa,Robota.ua,,,5,,,needs_verification,false,
mafia,Mafia,HoReCa,Indeed,,,5,,,needs_verification,false,
mafia,Mafia,HoReCa,Glassdoor,,,5,,,needs_verification,false,
main-academy,Main Academy,Освіта,Google,,,5,,,needs_verification,false,
main-academy,Main Academy,Освіта,Work.ua,,,5,,,needs_verification,false,
main-academy,Main Academy,Освіта,Robota.ua,,,5,,,needs_verification,false,
makeup,MakeUp,Ритейл,Google,,,5,,,needs_verification,false,
makeup,MakeUp,Ритейл,Work.ua,,,5,,,needs_verification,false,
makeup,MakeUp,Ритейл,Robota.ua,,,5,,,needs_verification,false,
marchenko-partners,Marchenko Partners,Юридичні послуги,Google,,,5,,,needs_verification,false,
marchenko-partners,Marchenko Partners,Юридичні послуги,Work.ua,,,5,,,needs_verification,false,
marchenko-partners,Marchenko Partners,Юридичні послуги,Robota.ua,,,5,,,needs_verification,false,
marchenko-partners,Marchenko Partners,Юридичні послуги,Indeed,,,5,,,needs_verification,false,
marchenko-partners,Marchenko Partners,Юридичні послуги,Glassdoor,,,5,,,needs_verification,false,
masterzoo,MasterZoo,Побутові послуги,Google,,,5,,,needs_verification,false,
masterzoo,MasterZoo,Побутові послуги,Work.ua,,,5,,,needs_verification,false,
masterzoo,MasterZoo,Побутові послуги,Robota.ua,,,5,,,needs_verification,false,
mate-academy,Mate academy,Освіта,Google,,,5,,,needs_verification,false,
mate-academy,Mate academy,Освіта,Work.ua,,,5,,,needs_verification,false,
mate-academy,Mate academy,Освіта,Robota.ua,,,5,,,needs_verification,false,
materialise-ukraine,Materialise Ukraine,IT,Google,,,5,,,needs_verification,false,
materialise-ukraine,Materialise Ukraine,IT,Work.ua,,,5,,,needs_verification,false,
materialise-ukraine,Materialise Ukraine,IT,Robota.ua,,,5,,,needs_verification,false,
materialise-ukraine,Materialise Ukraine,IT,DOU,,,5,,,needs_verification,false,
materialise-ukraine,Materialise Ukraine,IT,Djinni,,,5,,,needs_verification,false,
materialise-ukraine,Materialise Ukraine,IT,Indeed,,,5,,,needs_verification,false,
materialise-ukraine,Materialise Ukraine,IT,Glassdoor,,,5,,,needs_verification,false,
mazars-ukraine,Mazars Ukraine,Консалтинг,Google,,,5,,,needs_verification,false,
mazars-ukraine,Mazars Ukraine,Консалтинг,Work.ua,,,5,,,needs_verification,false,
mazars-ukraine,Mazars Ukraine,Консалтинг,Robota.ua,,,5,,,needs_verification,false,
mazars-ukraine,Mazars Ukraine,Консалтинг,Indeed,,,5,,,needs_verification,false,
mazars-ukraine,Mazars Ukraine,Консалтинг,Glassdoor,,,5,,,needs_verification,false,
mctoday,MC.today,Media,Google,,,5,,,needs_verification,false,
mctoday,MC.today,Media,Work.ua,,,5,,,needs_verification,false,
mctoday,MC.today,Media,Robota.ua,,,5,,,needs_verification,false,
mctoday,MC.today,Media,Indeed,,,5,,,needs_verification,false,
mctoday,MC.today,Media,Glassdoor,,,5,,,needs_verification,false,
mcdonalds,McDonald's,Ресторани і фастфуд,Google,,,5,,,needs_verification,false,
mcdonalds,McDonald's,Ресторани і фастфуд,Work.ua,,,5,,,needs_verification,false,
mcdonalds,McDonald's,Ресторани і фастфуд,Robota.ua,,,5,,,needs_verification,false,
mcdonalds-ukraine,McDonald's Ukraine,HoReCa,Google,,,5,,,needs_verification,false,
mcdonalds-ukraine,McDonald's Ukraine,HoReCa,Work.ua,,,5,,,needs_verification,false,
mcdonalds-ukraine,McDonald's Ukraine,HoReCa,Robota.ua,,,5,,,needs_verification,false,
mcdonalds-ukraine,McDonald's Ukraine,HoReCa,Indeed,,,5,,,needs_verification,false,
mcdonalds-ukraine,McDonald's Ukraine,HoReCa,Glassdoor,,,5,,,needs_verification,false,
mcdonalds-ua,McDonald’s Україна,HoReCa,Google,,,5,,,needs_verification,false,
mcdonalds-ua,McDonald’s Україна,HoReCa,Work.ua,,,5,,,needs_verification,false,
mcdonalds-ua,McDonald’s Україна,HoReCa,Robota.ua,,,5,,,needs_verification,false,
mcdonalds-ua,McDonald’s Україна,HoReCa,Indeed,,,5,,,needs_verification,false,
mcdonalds-ua,McDonald’s Україна,HoReCa,Glassdoor,,,5,,,needs_verification,false,
mckinsey-ukraine,McKinsey Ukraine,Консалтинг,Google,,,5,,,needs_verification,false,
mckinsey-ukraine,McKinsey Ukraine,Консалтинг,Work.ua,,,5,,,needs_verification,false,
mckinsey-ukraine,McKinsey Ukraine,Консалтинг,Robota.ua,,,5,,,needs_verification,false,
mckinsey-ukraine,McKinsey Ukraine,Консалтинг,Indeed,,,5,,,needs_verification,false,
mckinsey-ukraine,McKinsey Ukraine,Консалтинг,Glassdoor,,,5,,,needs_verification,false,
meest,Meest,Логістика,Google,,,5,,,needs_verification,false,
meest,Meest,Логістика,Work.ua,,,5,,,needs_verification,false,
meest,Meest,Логістика,Robota.ua,,,5,,,needs_verification,false,
meest-poshta,Meest Пошта,Логістика,Google,,,5,,,needs_verification,false,
meest-poshta,Meest Пошта,Логістика,Work.ua,,,5,,,needs_verification,false,
meest-poshta,Meest Пошта,Логістика,Robota.ua,,,5,,,needs_verification,false,
megasport,Megasport,Ритейл,Google,,,5,,,needs_verification,false,
megasport,Megasport,Ритейл,Work.ua,,,5,,,needs_verification,false,
megasport,Megasport,Ритейл,Robota.ua,,,5,,,needs_verification,false,
megogo,Megogo,Media,Google,,,5,,,needs_verification,false,
megogo,Megogo,Media,Work.ua,,,5,,,needs_verification,false,
megogo,Megogo,Media,Robota.ua,,,5,,,needs_verification,false,
megogo,Megogo,Media,Indeed,,,5,,,needs_verification,false,
megogo,Megogo,Media,Glassdoor,,,5,,,needs_verification,false,
menya-musashi-ukraine,Menya Musashi Ukraine,HoReCa,Google,,,5,,,needs_verification,false,
menya-musashi-ukraine,Menya Musashi Ukraine,HoReCa,Work.ua,,,5,,,needs_verification,false,
menya-musashi-ukraine,Menya Musashi Ukraine,HoReCa,Robota.ua,,,5,,,needs_verification,false,
menya-musashi-ukraine,Menya Musashi Ukraine,HoReCa,Indeed,,,5,,,needs_verification,false,
menya-musashi-ukraine,Menya Musashi Ukraine,HoReCa,Glassdoor,,,5,,,needs_verification,false,
mercedes-benz-ukraine,Mercedes-Benz Ukraine,Авто,Google,,,5,,,needs_verification,false,
mercedes-benz-ukraine,Mercedes-Benz Ukraine,Авто,Work.ua,,,5,,,needs_verification,false,
mercedes-benz-ukraine,Mercedes-Benz Ukraine,Авто,Robota.ua,,,5,,,needs_verification,false,
mercedes-benz-ukraine,Mercedes-Benz Ukraine,Авто,Indeed,,,5,,,needs_verification,false,
mercedes-benz-ukraine,Mercedes-Benz Ukraine,Авто,Glassdoor,,,5,,,needs_verification,false,
metro,Metro,Ритейл,Google,,,5,,,needs_verification,false,
metro,Metro,Ритейл,Work.ua,,,5,,,needs_verification,false,
metro,Metro,Ритейл,Robota.ua,,,5,,,needs_verification,false,
metro-ukraina,Metro Україна,Ритейл,Google,,,5,,,needs_verification,false,
metro-ukraina,Metro Україна,Ритейл,Work.ua,,,5,,,needs_verification,false,
metro-ukraina,Metro Україна,Ритейл,Robota.ua,,,5,,,needs_verification,false,
milk-bar,Milk Bar,HoReCa,Google,,,5,,,needs_verification,false,
milk-bar,Milk Bar,HoReCa,Work.ua,,,5,,,needs_verification,false,
milk-bar,Milk Bar,HoReCa,Robota.ua,,,5,,,needs_verification,false,
milk-bar,Milk Bar,HoReCa,Indeed,,,5,,,needs_verification,false,
milk-bar,Milk Bar,HoReCa,Glassdoor,,,5,,,needs_verification,false,
miller-law-firm,Miller Law Firm,Юридичні послуги,Google,,,5,,,needs_verification,false,
miller-law-firm,Miller Law Firm,Юридичні послуги,Work.ua,,,5,,,needs_verification,false,
miller-law-firm,Miller Law Firm,Юридичні послуги,Robota.ua,,,5,,,needs_verification,false,
miller-law-firm,Miller Law Firm,Юридичні послуги,Indeed,,,5,,,needs_verification,false,
miller-law-firm,Miller Law Firm,Юридичні послуги,Glassdoor,,,5,,,needs_verification,false,
miratech,Miratech,IT,Google,,,5,,,needs_verification,false,
miratech,Miratech,IT,Work.ua,,,5,,,needs_verification,false,
miratech,Miratech,IT,Robota.ua,,,5,,,needs_verification,false,
miratech,Miratech,IT,DOU,,,5,,,needs_verification,false,
miratech,Miratech,IT,Djinni,,,5,,,needs_verification,false,
miratech,Miratech,IT,Indeed,,,5,,,needs_verification,false,
miratech,Miratech,IT,Glassdoor,,,5,,,needs_verification,false,
mitsubishi-motors-ukraine,Mitsubishi Motors Ukraine,Авто,Google,,,5,,,needs_verification,false,
mitsubishi-motors-ukraine,Mitsubishi Motors Ukraine,Авто,Work.ua,,,5,,,needs_verification,false,
mitsubishi-motors-ukraine,Mitsubishi Motors Ukraine,Авто,Robota.ua,,,5,,,needs_verification,false,
mitsubishi-motors-ukraine,Mitsubishi Motors Ukraine,Авто,Indeed,,,5,,,needs_verification,false,
mitsubishi-motors-ukraine,Mitsubishi Motors Ukraine,Авто,Glassdoor,,,5,,,needs_verification,false,
mlsdev,MLSDev,IT,Google,,,5,,,needs_verification,false,
mlsdev,MLSDev,IT,Work.ua,,,5,,,needs_verification,false,
mlsdev,MLSDev,IT,Robota.ua,,,5,,,needs_verification,false,
mlsdev,MLSDev,IT,DOU,,,5,,,needs_verification,false,
mlsdev,MLSDev,IT,Djinni,,,5,,,needs_verification,false,
mlsdev,MLSDev,IT,Indeed,,,5,,,needs_verification,false,
mlsdev,MLSDev,IT,Glassdoor,,,5,,,needs_verification,false,
molfar,Molfar,Консалтинг,Google,,,5,,,needs_verification,false,
molfar,Molfar,Консалтинг,Work.ua,,,5,,,needs_verification,false,
molfar,Molfar,Консалтинг,Robota.ua,,,5,,,needs_verification,false,
molfar,Molfar,Консалтинг,Indeed,,,5,,,needs_verification,false,
molfar,Molfar,Консалтинг,Glassdoor,,,5,,,needs_verification,false,
mondelez-ukraine,Mondelez Ukraine,FMCG,Google,,,5,,,needs_verification,false,
mondelez-ukraine,Mondelez Ukraine,FMCG,Work.ua,,,5,,,needs_verification,false,
mondelez-ukraine,Mondelez Ukraine,FMCG,Robota.ua,,,5,,,needs_verification,false,
mondelez-ukraine,Mondelez Ukraine,FMCG,Indeed,,,5,,,needs_verification,false,
mondelez-ukraine,Mondelez Ukraine,FMCG,Glassdoor,,,5,,,needs_verification,false,
moneygram-ukraine,MoneyGram Ukraine,Банки і фінанси,Google,,,5,,,needs_verification,false,
moneygram-ukraine,MoneyGram Ukraine,Банки і фінанси,Work.ua,,,5,,,needs_verification,false,
moneygram-ukraine,MoneyGram Ukraine,Банки і фінанси,Robota.ua,,,5,,,needs_verification,false,
moneygram-ukraine,MoneyGram Ukraine,Банки і фінанси,Indeed,,,5,,,needs_verification,false,
moneygram-ukraine,MoneyGram Ukraine,Банки і фінанси,Glassdoor,,,5,,,needs_verification,false,
monobank,monobank,Банки і фінанси,Google,,,5,,,needs_verification,false,
monobank,monobank,Банки і фінанси,Work.ua,,,5,,,needs_verification,false,
monobank,monobank,Банки і фінанси,Robota.ua,,,5,,,needs_verification,false,
monobank,monobank,Банки і фінанси,Indeed,,,5,,,needs_verification,false,
monobank,monobank,Банки і фінанси,Glassdoor,,,5,,,needs_verification,false,
monobank-universal-bank,monobank / Universal Bank,Банки,Google,,,5,,,needs_verification,false,
monobank-universal-bank,monobank / Universal Bank,Банки,Work.ua,,,5,,,needs_verification,false,
monobank-universal-bank,monobank / Universal Bank,Банки,Robota.ua,,,5,,,needs_verification,false,
moyo,MOYO,Ритейл,Google,,,5,,,needs_verification,false,
moyo,MOYO,Ритейл,Work.ua,,,5,,,needs_verification,false,
moyo,MOYO,Ритейл,Robota.ua,,,5,,,needs_verification,false,
n-ix,N-iX,IT,Google,,,5,,,needs_verification,false,
n-ix,N-iX,IT,Work.ua,,,5,,,needs_verification,false,
n-ix,N-iX,IT,Robota.ua,,,5,,,needs_verification,false,
n-ix,N-iX,IT,DOU,,,5,,,needs_verification,false,
n-ix,N-iX,IT,Djinni,,,5,,,needs_verification,false,
n-ix,N-iX,IT,Indeed,,,5,,,needs_verification,false,
n-ix,N-iX,IT,Glassdoor,,,5,,,needs_verification,false,
nemiroff,Nemiroff,FMCG,Google,,,5,,,needs_verification,false,
nemiroff,Nemiroff,FMCG,Work.ua,,,5,,,needs_verification,false,
nemiroff,Nemiroff,FMCG,Robota.ua,,,5,,,needs_verification,false,
nemiroff,Nemiroff,FMCG,Indeed,,,5,,,needs_verification,false,
nemiroff,Nemiroff,FMCG,Glassdoor,,,5,,,needs_verification,false,
nestle-ukraine,Nestle Ukraine,FMCG,Google,,,5,,,needs_verification,false,
nestle-ukraine,Nestle Ukraine,FMCG,Work.ua,,,5,,,needs_verification,false,
nestle-ukraine,Nestle Ukraine,FMCG,Robota.ua,,,5,,,needs_verification,false,
nestle-ukraine,Nestle Ukraine,FMCG,Indeed,,,5,,,needs_verification,false,
nestle-ukraine,Nestle Ukraine,FMCG,Glassdoor,,,5,,,needs_verification,false,
nestl-ukraine,Nestlé Ukraine,Виробництво,Google,,,5,,,needs_verification,false,
nestl-ukraine,Nestlé Ukraine,Виробництво,Work.ua,,,5,,,needs_verification,false,
nestl-ukraine,Nestlé Ukraine,Виробництво,Robota.ua,,,5,,,needs_verification,false,
netpeak,Netpeak,IT,Google,,,5,,,needs_verification,false,
netpeak,Netpeak,IT,Work.ua,,,5,,,needs_verification,false,
netpeak,Netpeak,IT,Robota.ua,,,5,,,needs_verification,false,
netpeak,Netpeak,IT,DOU,,,5,,,needs_verification,false,
netpeak,Netpeak,IT,Djinni,,,5,,,needs_verification,false,
netpeak,Netpeak,IT,Indeed,,,5,,,needs_verification,false,
netpeak,Netpeak,IT,Glassdoor,,,5,,,needs_verification,false,
nielseniq-ukraine,NielsenIQ Ukraine,Консалтинг,Google,,,5,,,needs_verification,false,
nielseniq-ukraine,NielsenIQ Ukraine,Консалтинг,Work.ua,,,5,,,needs_verification,false,
nielseniq-ukraine,NielsenIQ Ukraine,Консалтинг,Robota.ua,,,5,,,needs_verification,false,
nielseniq-ukraine,NielsenIQ Ukraine,Консалтинг,Indeed,,,5,,,needs_verification,false,
nielseniq-ukraine,NielsenIQ Ukraine,Консалтинг,Glassdoor,,,5,,,needs_verification,false,
nissan-ukraina,Nissan Україна,Авто,Google,,,5,,,needs_verification,false,
nissan-ukraina,Nissan Україна,Авто,Work.ua,,,5,,,needs_verification,false,
nissan-ukraina,Nissan Україна,Авто,Robota.ua,,,5,,,needs_verification,false,
nissan-ukraina,Nissan Україна,Авто,Indeed,,,5,,,needs_verification,false,
nissan-ukraina,Nissan Україна,Авто,Glassdoor,,,5,,,needs_verification,false,
novapay,NovaPay,Банки і фінанси,Google,,,5,,,needs_verification,false,
novapay,NovaPay,Банки і фінанси,Work.ua,,,5,,,needs_verification,false,
novapay,NovaPay,Банки і фінанси,Robota.ua,,,5,,,needs_verification,false,
novapay,NovaPay,Банки і фінанси,Indeed,,,5,,,needs_verification,false,
novapay,NovaPay,Банки і фінанси,Glassdoor,,,5,,,needs_verification,false,
novus,Novus,Ритейл,Google,,,5,,,needs_verification,false,
novus,Novus,Ритейл,Work.ua,,,5,,,needs_verification,false,
novus,Novus,Ритейл,Robota.ua,,,5,,,needs_verification,false,
novus-caf,Novus Café,HoReCa,Google,,,5,,,needs_verification,false,
novus-caf,Novus Café,HoReCa,Work.ua,,,5,,,needs_verification,false,
novus-caf,Novus Café,HoReCa,Robota.ua,,,5,,,needs_verification,false,
novus-caf,Novus Café,HoReCa,Indeed,,,5,,,needs_verification,false,
novus-caf,Novus Café,HoReCa,Glassdoor,,,5,,,needs_verification,false,
nv,NV,Media,Google,,,5,,,needs_verification,false,
nv,NV,Media,Work.ua,,,5,,,needs_verification,false,
nv,NV,Media,Robota.ua,,,5,,,needs_verification,false,
nv,NV,Media,Indeed,,,5,,,needs_verification,false,
nv,NV,Media,Glassdoor,,,5,,,needs_verification,false,
okko,OKKO,АЗС,Google,,,5,,,needs_verification,false,
okko,OKKO,АЗС,Work.ua,,,5,,,needs_verification,false,
okko,OKKO,АЗС,Robota.ua,,,5,,,needs_verification,false,
olx,OLX,E-commerce,Google,,,5,,,needs_verification,false,
olx,OLX,E-commerce,Work.ua,,,5,,,needs_verification,false,
olx,OLX,E-commerce,Robota.ua,,,5,,,needs_verification,false,
olx,OLX,E-commerce,Indeed,,,5,,,needs_verification,false,
olx,OLX,E-commerce,Glassdoor,,,5,,,needs_verification,false,
olx-auto,OLX Авто,Авто,Google,,,5,,,needs_verification,false,
olx-auto,OLX Авто,Авто,Work.ua,,,5,,,needs_verification,false,
olx-auto,OLX Авто,Авто,Robota.ua,,,5,,,needs_verification,false,
olx-auto,OLX Авто,Авто,Indeed,,,5,,,needs_verification,false,
olx-auto,OLX Авто,Авто,Glassdoor,,,5,,,needs_verification,false,
olx-ukraina,OLX Україна,E-commerce,Google,,,5,,,needs_verification,false,
olx-ukraina,OLX Україна,E-commerce,Work.ua,,,5,,,needs_verification,false,
olx-ukraina,OLX Україна,E-commerce,Robota.ua,,,5,,,needs_verification,false,
olx-ukraina,OLX Україна,E-commerce,Indeed,,,5,,,needs_verification,false,
olx-ukraina,OLX Україна,E-commerce,Glassdoor,,,5,,,needs_verification,false,
omega-telecom,Omega Telecom,Telecom,Google,,,5,,,needs_verification,false,
omega-telecom,Omega Telecom,Telecom,Work.ua,,,5,,,needs_verification,false,
omega-telecom,Omega Telecom,Telecom,Robota.ua,,,5,,,needs_verification,false,
omega-telecom,Omega Telecom,Telecom,Indeed,,,5,,,needs_verification,false,
omega-telecom,Omega Telecom,Telecom,Glassdoor,,,5,,,needs_verification,false,
optimeal,Optimeal,Побутові послуги,Google,,,5,,,needs_verification,false,
optimeal,Optimeal,Побутові послуги,Work.ua,,,5,,,needs_verification,false,
optimeal,Optimeal,Побутові послуги,Robota.ua,,,5,,,needs_verification,false,
otp-bank,OTP Bank,Банки і фінанси,Google,,,5,,,needs_verification,false,
otp-bank,OTP Bank,Банки і фінанси,Work.ua,,,5,,,needs_verification,false,
otp-bank,OTP Bank,Банки і фінанси,Robota.ua,,,5,,,needs_verification,false,
otp-bank,OTP Bank,Банки і фінанси,Indeed,,,5,,,needs_verification,false,
otp-bank,OTP Bank,Банки і фінанси,Glassdoor,,,5,,,needs_verification,false,
otp-bank-ukraina,OTP Bank Україна,Банки,Google,,,5,,,needs_verification,false,
otp-bank-ukraina,OTP Bank Україна,Банки,Work.ua,,,5,,,needs_verification,false,
otp-bank-ukraina,OTP Bank Україна,Банки,Robota.ua,,,5,,,needs_verification,false,
oxford-medical,Oxford Medical,Медицина,Google,,,5,,,needs_verification,false,
oxford-medical,Oxford Medical,Медицина,Work.ua,,,5,,,needs_verification,false,
oxford-medical,Oxford Medical,Медицина,Robota.ua,,,5,,,needs_verification,false,
oxford-medical,Oxford Medical,Медицина,Indeed,,,5,,,needs_verification,false,
oxford-medical,Oxford Medical,Медицина,Glassdoor,,,5,,,needs_verification,false,
p2h,P2H,IT,Google,,,5,,,needs_verification,false,
p2h,P2H,IT,Work.ua,,,5,,,needs_verification,false,
p2h,P2H,IT,Robota.ua,,,5,,,needs_verification,false,
p2h,P2H,IT,DOU,,,5,,,needs_verification,false,
p2h,P2H,IT,Djinni,,,5,,,needs_verification,false,
p2h,P2H,IT,Indeed,,,5,,,needs_verification,false,
p2h,P2H,IT,Glassdoor,,,5,,,needs_verification,false,
pakline-logistics,Pakline Logistics,Логістика,Google,,,5,,,needs_verification,false,
pakline-logistics,Pakline Logistics,Логістика,Work.ua,,,5,,,needs_verification,false,
pakline-logistics,Pakline Logistics,Логістика,Robota.ua,,,5,,,needs_verification,false,
parimatch-tech,Parimatch Tech,IT,Google,,,5,,,needs_verification,false,
parimatch-tech,Parimatch Tech,IT,Work.ua,,,5,,,needs_verification,false,
parimatch-tech,Parimatch Tech,IT,Robota.ua,,,5,,,needs_verification,false,
parimatch-tech,Parimatch Tech,IT,DOU,,,5,,,needs_verification,false,
parimatch-tech,Parimatch Tech,IT,Djinni,,,5,,,needs_verification,false,
parimatch-tech,Parimatch Tech,IT,Indeed,,,5,,,needs_verification,false,
parimatch-tech,Parimatch Tech,IT,Glassdoor,,,5,,,needs_verification,false,
payoneer-ukraine,Payoneer Ukraine,Банки і фінанси,Google,,,5,,,needs_verification,false,
payoneer-ukraine,Payoneer Ukraine,Банки і фінанси,Work.ua,,,5,,,needs_verification,false,
payoneer-ukraine,Payoneer Ukraine,Банки і фінанси,Robota.ua,,,5,,,needs_verification,false,
payoneer-ukraine,Payoneer Ukraine,Банки і фінанси,Indeed,,,5,,,needs_verification,false,
payoneer-ukraine,Payoneer Ukraine,Банки і фінанси,Glassdoor,,,5,,,needs_verification,false,
paypong-ua,PayPong.ua,Банки і фінанси,Google,,,5,,,needs_verification,false,
paypong-ua,PayPong.ua,Банки і фінанси,Work.ua,,,5,,,needs_verification,false,
paypong-ua,PayPong.ua,Банки і фінанси,Robota.ua,,,5,,,needs_verification,false,
paypong-ua,PayPong.ua,Банки і фінанси,Indeed,,,5,,,needs_verification,false,
paypong-ua,PayPong.ua,Банки і фінанси,Glassdoor,,,5,,,needs_verification,false,
peopleai,People.ai,IT,Google,,,5,,,needs_verification,false,
peopleai,People.ai,IT,Work.ua,,,5,,,needs_verification,false,
peopleai,People.ai,IT,Robota.ua,,,5,,,needs_verification,false,
peopleai,People.ai,IT,DOU,,,5,,,needs_verification,false,
peopleai,People.ai,IT,Djinni,,,5,,,needs_verification,false,
peopleai,People.ai,IT,Indeed,,,5,,,needs_verification,false,
peopleai,People.ai,IT,Glassdoor,,,5,,,needs_verification,false,
pepsico-ukraine,PepsiCo Ukraine,FMCG,Google,,,5,,,needs_verification,false,
pepsico-ukraine,PepsiCo Ukraine,FMCG,Work.ua,,,5,,,needs_verification,false,
pepsico-ukraine,PepsiCo Ukraine,FMCG,Robota.ua,,,5,,,needs_verification,false,
pepsico-ukraine,PepsiCo Ukraine,FMCG,Indeed,,,5,,,needs_verification,false,
pepsico-ukraine,PepsiCo Ukraine,FMCG,Glassdoor,,,5,,,needs_verification,false,
pepsico-ukraina,PepsiCo Україна,Виробництво,Google,,,5,,,needs_verification,false,
pepsico-ukraina,PepsiCo Україна,Виробництво,Work.ua,,,5,,,needs_verification,false,
pepsico-ukraina,PepsiCo Україна,Виробництво,Robota.ua,,,5,,,needs_verification,false,
perfect-group,Perfect Group,Нерухомість,Google,,,5,,,needs_verification,false,
perfect-group,Perfect Group,Нерухомість,Work.ua,,,5,,,needs_verification,false,
perfect-group,Perfect Group,Нерухомість,Robota.ua,,,5,,,needs_verification,false,
perfectial,Perfectial,IT,Google,,,5,,,needs_verification,false,
perfectial,Perfectial,IT,Work.ua,,,5,,,needs_verification,false,
perfectial,Perfectial,IT,Robota.ua,,,5,,,needs_verification,false,
perfectial,Perfectial,IT,DOU,,,5,,,needs_verification,false,
perfectial,Perfectial,IT,Djinni,,,5,,,needs_verification,false,
perfectial,Perfectial,IT,Indeed,,,5,,,needs_verification,false,
perfectial,Perfectial,IT,Glassdoor,,,5,,,needs_verification,false,
petcube,Petcube,IT,Google,,,5,,,needs_verification,false,
petcube,Petcube,IT,Work.ua,,,5,,,needs_verification,false,
petcube,Petcube,IT,Robota.ua,,,5,,,needs_verification,false,
petcube,Petcube,IT,DOU,,,5,,,needs_verification,false,
petcube,Petcube,IT,Djinni,,,5,,,needs_verification,false,
petcube,Petcube,IT,Indeed,,,5,,,needs_verification,false,
petcube,Petcube,IT,Glassdoor,,,5,,,needs_verification,false,
peugeot-citroen-ukraine,Peugeot Citroen Ukraine,Авто,Google,,,5,,,needs_verification,false,
peugeot-citroen-ukraine,Peugeot Citroen Ukraine,Авто,Work.ua,,,5,,,needs_verification,false,
peugeot-citroen-ukraine,Peugeot Citroen Ukraine,Авто,Robota.ua,,,5,,,needs_verification,false,
peugeot-citroen-ukraine,Peugeot Citroen Ukraine,Авто,Indeed,,,5,,,needs_verification,false,
peugeot-citroen-ukraine,Peugeot Citroen Ukraine,Авто,Glassdoor,,,5,,,needs_verification,false,
philip-morris-ukraine,Philip Morris Ukraine,FMCG,Google,,,5,,,needs_verification,false,
philip-morris-ukraine,Philip Morris Ukraine,FMCG,Work.ua,,,5,,,needs_verification,false,
philip-morris-ukraine,Philip Morris Ukraine,FMCG,Robota.ua,,,5,,,needs_verification,false,
philip-morris-ukraine,Philip Morris Ukraine,FMCG,Indeed,,,5,,,needs_verification,false,
philip-morris-ukraine,Philip Morris Ukraine,FMCG,Glassdoor,,,5,,,needs_verification,false,
pizza-day,Pizza Day,HoReCa,Google,,,5,,,needs_verification,false,
pizza-day,Pizza Day,HoReCa,Work.ua,,,5,,,needs_verification,false,
pizza-day,Pizza Day,HoReCa,Robota.ua,,,5,,,needs_verification,false,
pizza-day,Pizza Day,HoReCa,Indeed,,,5,,,needs_verification,false,
pizza-day,Pizza Day,HoReCa,Glassdoor,,,5,,,needs_verification,false,
plarium-ukraine,Plarium Ukraine,IT,Google,,,5,,,needs_verification,false,
plarium-ukraine,Plarium Ukraine,IT,Work.ua,,,5,,,needs_verification,false,
plarium-ukraine,Plarium Ukraine,IT,Robota.ua,,,5,,,needs_verification,false,
plarium-ukraine,Plarium Ukraine,IT,DOU,,,5,,,needs_verification,false,
plarium-ukraine,Plarium Ukraine,IT,Djinni,,,5,,,needs_verification,false,
plarium-ukraine,Plarium Ukraine,IT,Indeed,,,5,,,needs_verification,false,
plarium-ukraine,Plarium Ukraine,IT,Glassdoor,,,5,,,needs_verification,false,
playtika-ukraine,Playtika Ukraine,IT,Google,,,5,,,needs_verification,false,
playtika-ukraine,Playtika Ukraine,IT,Work.ua,,,5,,,needs_verification,false,
playtika-ukraine,Playtika Ukraine,IT,Robota.ua,,,5,,,needs_verification,false,
playtika-ukraine,Playtika Ukraine,IT,DOU,,,5,,,needs_verification,false,
playtika-ukraine,Playtika Ukraine,IT,Djinni,,,5,,,needs_verification,false,
playtika-ukraine,Playtika Ukraine,IT,Indeed,,,5,,,needs_verification,false,
playtika-ukraine,Playtika Ukraine,IT,Glassdoor,,,5,,,needs_verification,false,
porsche-ukraine,Porsche Ukraine,Авто,Google,,,5,,,needs_verification,false,
porsche-ukraine,Porsche Ukraine,Авто,Work.ua,,,5,,,needs_verification,false,
porsche-ukraine,Porsche Ukraine,Авто,Robota.ua,,,5,,,needs_verification,false,
porsche-ukraine,Porsche Ukraine,Авто,Indeed,,,5,,,needs_verification,false,
porsche-ukraine,Porsche Ukraine,Авто,Glassdoor,,,5,,,needs_verification,false,
portmone,Portmone,Банки і фінанси,Google,,,5,,,needs_verification,false,
portmone,Portmone,Банки і фінанси,Work.ua,,,5,,,needs_verification,false,
portmone,Portmone,Банки і фінанси,Robota.ua,,,5,,,needs_verification,false,
portmone,Portmone,Банки і фінанси,Indeed,,,5,,,needs_verification,false,
portmone,Portmone,Банки і фінанси,Glassdoor,,,5,,,needs_verification,false,
postmen,Postmen,Media,Google,,,5,,,needs_verification,false,
postmen,Postmen,Media,Work.ua,,,5,,,needs_verification,false,
postmen,Postmen,Media,Robota.ua,,,5,,,needs_verification,false,
postmen,Postmen,Media,Indeed,,,5,,,needs_verification,false,
postmen,Postmen,Media,Glassdoor,,,5,,,needs_verification,false,
preply,Preply,IT,Google,,,5,,,needs_verification,false,
preply,Preply,IT,Work.ua,,,5,,,needs_verification,false,
preply,Preply,IT,Robota.ua,,,5,,,needs_verification,false,
preply,Preply,IT,DOU,,,5,,,needs_verification,false,
preply,Preply,IT,Djinni,,,5,,,needs_verification,false,
preply,Preply,IT,Indeed,,,5,,,needs_verification,false,
preply,Preply,IT,Glassdoor,,,5,,,needs_verification,false,
preply-business,Preply Business,IT,Google,,,5,,,needs_verification,false,
preply-business,Preply Business,IT,Work.ua,,,5,,,needs_verification,false,
preply-business,Preply Business,IT,Robota.ua,,,5,,,needs_verification,false,
preply-business,Preply Business,IT,DOU,,,5,,,needs_verification,false,
preply-business,Preply Business,IT,Djinni,,,5,,,needs_verification,false,
preply-business,Preply Business,IT,Indeed,,,5,,,needs_verification,false,
preply-business,Preply Business,IT,Glassdoor,,,5,,,needs_verification,false,
pro-consulting,Pro-Consulting,Консалтинг,Google,,,5,,,needs_verification,false,
pro-consulting,Pro-Consulting,Консалтинг,Work.ua,,,5,,,needs_verification,false,
pro-consulting,Pro-Consulting,Консалтинг,Robota.ua,,,5,,,needs_verification,false,
pro-consulting,Pro-Consulting,Консалтинг,Indeed,,,5,,,needs_verification,false,
pro-consulting,Pro-Consulting,Консалтинг,Glassdoor,,,5,,,needs_verification,false,
procter-gamble-ukraine,Procter & Gamble Ukraine,Виробництво,Google,,,5,,,needs_verification,false,
procter-gamble-ukraine,Procter & Gamble Ukraine,Виробництво,Work.ua,,,5,,,needs_verification,false,
procter-gamble-ukraine,Procter & Gamble Ukraine,Виробництво,Robota.ua,,,5,,,needs_verification,false,
projector-institute,Projector Institute,Освіта,Google,,,5,,,needs_verification,false,
projector-institute,Projector Institute,Освіта,Work.ua,,,5,,,needs_verification,false,
projector-institute,Projector Institute,Освіта,Robota.ua,,,5,,,needs_verification,false,
prom,Prom,E-commerce,Google,,,5,,,needs_verification,false,
prom,Prom,E-commerce,Work.ua,,,5,,,needs_verification,false,
prom,Prom,E-commerce,Robota.ua,,,5,,,needs_verification,false,
prom,Prom,E-commerce,Indeed,,,5,,,needs_verification,false,
prom,Prom,E-commerce,Glassdoor,,,5,,,needs_verification,false,
prom-ua,Prom.ua,E-commerce,Google,,,5,,,needs_verification,false,
prom-ua,Prom.ua,E-commerce,Work.ua,,,5,,,needs_verification,false,
prom-ua,Prom.ua,E-commerce,Robota.ua,,,5,,,needs_verification,false,
prom-ua,Prom.ua,E-commerce,Indeed,,,5,,,needs_verification,false,
prom-ua,Prom.ua,E-commerce,Glassdoor,,,5,,,needs_verification,false,
prometheus,Prometheus,Освіта,Google,,,5,,,needs_verification,false,
prometheus,Prometheus,Освіта,Work.ua,,,5,,,needs_verification,false,
prometheus,Prometheus,Освіта,Robota.ua,,,5,,,needs_verification,false,
promodo-marketplace,Promodo Marketplace,E-commerce,Google,,,5,,,needs_verification,false,
promodo-marketplace,Promodo Marketplace,E-commerce,Work.ua,,,5,,,needs_verification,false,
promodo-marketplace,Promodo Marketplace,E-commerce,Robota.ua,,,5,,,needs_verification,false,
promodo-marketplace,Promodo Marketplace,E-commerce,Indeed,,,5,,,needs_verification,false,
promodo-marketplace,Promodo Marketplace,E-commerce,Glassdoor,,,5,,,needs_verification,false,
prostor,Prostor,Ритейл,Google,,,5,,,needs_verification,false,
prostor,Prostor,Ритейл,Work.ua,,,5,,,needs_verification,false,
prostor,Prostor,Ритейл,Robota.ua,,,5,,,needs_verification,false,
pull-bear-ukraine,Pull&Bear Ukraine,Ритейл,Google,,,5,,,needs_verification,false,
pull-bear-ukraine,Pull&Bear Ukraine,Ритейл,Work.ua,,,5,,,needs_verification,false,
pull-bear-ukraine,Pull&Bear Ukraine,Ритейл,Robota.ua,,,5,,,needs_verification,false,
pwc-ukraine,PwC Ukraine,Консалтинг,Google,,,5,,,needs_verification,false,
pwc-ukraine,PwC Ukraine,Консалтинг,Work.ua,,,5,,,needs_verification,false,
pwc-ukraine,PwC Ukraine,Консалтинг,Robota.ua,,,5,,,needs_verification,false,
pwc-ukraine,PwC Ukraine,Консалтинг,Indeed,,,5,,,needs_verification,false,
pwc-ukraine,PwC Ukraine,Консалтинг,Glassdoor,,,5,,,needs_verification,false,
pzu-ukraina,PZU Україна,Страхування,Google,,,5,,,needs_verification,false,
pzu-ukraina,PZU Україна,Страхування,Work.ua,,,5,,,needs_verification,false,
pzu-ukraina,PZU Україна,Страхування,Robota.ua,,,5,,,needs_verification,false,
pzu-ukraina,PZU Україна,Страхування,Indeed,,,5,,,needs_verification,false,
pzu-ukraina,PZU Україна,Страхування,Glassdoor,,,5,,,needs_verification,false,
raben-ukraine,Raben Ukraine,Логістика,Google,,,5,,,needs_verification,false,
raben-ukraine,Raben Ukraine,Логістика,Work.ua,,,5,,,needs_verification,false,
raben-ukraine,Raben Ukraine,Логістика,Robota.ua,,,5,,,needs_verification,false,
radio-nv,Radio NV,Media,Google,,,5,,,needs_verification,false,
radio-nv,Radio NV,Media,Work.ua,,,5,,,needs_verification,false,
radio-nv,Radio NV,Media,Robota.ua,,,5,,,needs_verification,false,
radio-nv,Radio NV,Media,Indeed,,,5,,,needs_verification,false,
radio-nv,Radio NV,Media,Glassdoor,,,5,,,needs_verification,false,
railsware,Railsware,IT,Google,,,5,,,needs_verification,false,
railsware,Railsware,IT,Work.ua,,,5,,,needs_verification,false,
railsware,Railsware,IT,Robota.ua,,,5,,,needs_verification,false,
railsware,Railsware,IT,DOU,,,5,,,needs_verification,false,
railsware,Railsware,IT,Djinni,,,5,,,needs_verification,false,
railsware,Railsware,IT,Indeed,,,5,,,needs_verification,false,
railsware,Railsware,IT,Glassdoor,,,5,,,needs_verification,false,
rakuten-viber-ukraine,Rakuten Viber Ukraine,IT,Google,,,5,,,needs_verification,false,
rakuten-viber-ukraine,Rakuten Viber Ukraine,IT,Work.ua,,,5,,,needs_verification,false,
rakuten-viber-ukraine,Rakuten Viber Ukraine,IT,Robota.ua,,,5,,,needs_verification,false,
rakuten-viber-ukraine,Rakuten Viber Ukraine,IT,DOU,,,5,,,needs_verification,false,
rakuten-viber-ukraine,Rakuten Viber Ukraine,IT,Djinni,,,5,,,needs_verification,false,
rakuten-viber-ukraine,Rakuten Viber Ukraine,IT,Indeed,,,5,,,needs_verification,false,
rakuten-viber-ukraine,Rakuten Viber Ukraine,IT,Glassdoor,,,5,,,needs_verification,false,
ravon-ukraine,Ravon Ukraine,Авто,Google,,,5,,,needs_verification,false,
ravon-ukraine,Ravon Ukraine,Авто,Work.ua,,,5,,,needs_verification,false,
ravon-ukraine,Ravon Ukraine,Авто,Robota.ua,,,5,,,needs_verification,false,
ravon-ukraine,Ravon Ukraine,Авто,Indeed,,,5,,,needs_verification,false,
ravon-ukraine,Ravon Ukraine,Авто,Glassdoor,,,5,,,needs_verification,false,
readdle,Readdle,IT,Google,,,5,,,needs_verification,false,
readdle,Readdle,IT,Work.ua,,,5,,,needs_verification,false,
readdle,Readdle,IT,Robota.ua,,,5,,,needs_verification,false,
readdle,Readdle,IT,DOU,,,5,,,needs_verification,false,
readdle,Readdle,IT,Djinni,,,5,,,needs_verification,false,
readdle,Readdle,IT,Indeed,,,5,,,needs_verification,false,
readdle,Readdle,IT,Glassdoor,,,5,,,needs_verification,false,
redcliffe-partners,Redcliffe Partners,Юридичні послуги,Google,,,5,,,needs_verification,false,
redcliffe-partners,Redcliffe Partners,Юридичні послуги,Work.ua,,,5,,,needs_verification,false,
redcliffe-partners,Redcliffe Partners,Юридичні послуги,Robota.ua,,,5,,,needs_verification,false,
redcliffe-partners,Redcliffe Partners,Юридичні послуги,Indeed,,,5,,,needs_verification,false,
redcliffe-partners,Redcliffe Partners,Юридичні послуги,Glassdoor,,,5,,,needs_verification,false,
reface,Reface,IT,Google,,,5,,,needs_verification,false,
reface,Reface,IT,Work.ua,,,5,,,needs_verification,false,
reface,Reface,IT,Robota.ua,,,5,,,needs_verification,false,
reface,Reface,IT,DOU,,,5,,,needs_verification,false,
reface,Reface,IT,Djinni,,,5,,,needs_verification,false,
reface,Reface,IT,Indeed,,,5,,,needs_verification,false,
reface,Reface,IT,Glassdoor,,,5,,,needs_verification,false,
rehau-ukraine,Rehau Ukraine,Будівництво,Google,,,5,,,needs_verification,false,
rehau-ukraine,Rehau Ukraine,Будівництво,Work.ua,,,5,,,needs_verification,false,
rehau-ukraine,Rehau Ukraine,Будівництво,Robota.ua,,,5,,,needs_verification,false,
renault-ukraina,Renault Україна,Авто,Google,,,5,,,needs_verification,false,
renault-ukraina,Renault Україна,Авто,Work.ua,,,5,,,needs_verification,false,
renault-ukraina,Renault Україна,Авто,Robota.ua,,,5,,,needs_verification,false,
renault-ukraina,Renault Україна,Авто,Indeed,,,5,,,needs_verification,false,
renault-ukraina,Renault Україна,Авто,Glassdoor,,,5,,,needs_verification,false,
reserved-ukraine,Reserved Ukraine,Ритейл,Google,,,5,,,needs_verification,false,
reserved-ukraine,Reserved Ukraine,Ритейл,Work.ua,,,5,,,needs_verification,false,
reserved-ukraine,Reserved Ukraine,Ритейл,Robota.ua,,,5,,,needs_verification,false,
ria-com,RIA.com,E-commerce,Google,,,5,,,needs_verification,false,
ria-com,RIA.com,E-commerce,Work.ua,,,5,,,needs_verification,false,
ria-com,RIA.com,E-commerce,Robota.ua,,,5,,,needs_verification,false,
ria-com,RIA.com,E-commerce,Indeed,,,5,,,needs_verification,false,
ria-com,RIA.com,E-commerce,Glassdoor,,,5,,,needs_verification,false,
ringoo,Ringoo,Ритейл,Google,,,5,,,needs_verification,false,
ringoo,Ringoo,Ритейл,Work.ua,,,5,,,needs_verification,false,
ringoo,Ringoo,Ритейл,Robota.ua,,,5,,,needs_verification,false,
ringostat,Ringostat,IT,Google,,,5,,,needs_verification,false,
ringostat,Ringostat,IT,Work.ua,,,5,,,needs_verification,false,
ringostat,Ringostat,IT,Robota.ua,,,5,,,needs_verification,false,
ringostat,Ringostat,IT,DOU,,,5,,,needs_verification,false,
ringostat,Ringostat,IT,Djinni,,,5,,,needs_verification,false,
ringostat,Ringostat,IT,Indeed,,,5,,,needs_verification,false,
ringostat,Ringostat,IT,Glassdoor,,,5,,,needs_verification,false,
robot-dreams,Robot Dreams,Освіта,Google,,,5,,,needs_verification,false,
robot-dreams,Robot Dreams,Освіта,Work.ua,,,5,,,needs_verification,false,
robot-dreams,Robot Dreams,Освіта,Robota.ua,,,5,,,needs_verification,false,
robotaua,Robota.ua,Media,Google,,,5,,,needs_verification,false,
robotaua,Robota.ua,Media,Work.ua,,,5,,,needs_verification,false,
robotaua,Robota.ua,Media,Robota.ua,,,5,,,needs_verification,false,
robotaua,Robota.ua,Media,Indeed,,,5,,,needs_verification,false,
robotaua,Robota.ua,Media,Glassdoor,,,5,,,needs_verification,false,
roche-ukraine,Roche Ukraine,Фармацевтика,Google,,,5,,,needs_verification,false,
roche-ukraine,Roche Ukraine,Фармацевтика,Work.ua,,,5,,,needs_verification,false,
roche-ukraine,Roche Ukraine,Фармацевтика,Robota.ua,,,5,,,needs_verification,false,
roche-ukraine,Roche Ukraine,Фармацевтика,Indeed,,,5,,,needs_verification,false,
roche-ukraine,Roche Ukraine,Фармацевтика,Glassdoor,,,5,,,needs_verification,false,
roll-club,Roll Club,HoReCa,Google,,,5,,,needs_verification,false,
roll-club,Roll Club,HoReCa,Work.ua,,,5,,,needs_verification,false,
roll-club,Roll Club,HoReCa,Robota.ua,,,5,,,needs_verification,false,
roll-club,Roll Club,HoReCa,Indeed,,,5,,,needs_verification,false,
roll-club,Roll Club,HoReCa,Glassdoor,,,5,,,needs_verification,false,
roshen,Roshen,FMCG,Google,,,5,,,needs_verification,false,
roshen,Roshen,FMCG,Work.ua,,,5,,,needs_verification,false,
roshen,Roshen,FMCG,Robota.ua,,,5,,,needs_verification,false,
roshen,Roshen,FMCG,Indeed,,,5,,,needs_verification,false,
roshen,Roshen,FMCG,Glassdoor,,,5,,,needs_verification,false,
royal-service-ukraine,Royal Service Ukraine,Побутові послуги,Google,,,5,,,needs_verification,false,
royal-service-ukraine,Royal Service Ukraine,Побутові послуги,Work.ua,,,5,,,needs_verification,false,
royal-service-ukraine,Royal Service Ukraine,Побутові послуги,Robota.ua,,,5,,,needs_verification,false,
rozetka,Rozetka,Ритейл,Google,,,5,,,needs_verification,false,
rozetka,Rozetka,Ритейл,Work.ua,,,5,,,needs_verification,false,
rozetka,Rozetka,Ритейл,Robota.ua,,,5,,,needs_verification,false,
rozetkapay,RozetkaPay,E-commerce,Google,,,5,,,needs_verification,false,
rozetkapay,RozetkaPay,E-commerce,Work.ua,,,5,,,needs_verification,false,
rozetkapay,RozetkaPay,E-commerce,Robota.ua,,,5,,,needs_verification,false,
rozetkapay,RozetkaPay,E-commerce,Indeed,,,5,,,needs_verification,false,
rozetkapay,RozetkaPay,E-commerce,Glassdoor,,,5,,,needs_verification,false,
saga-development,SAGA Development,Нерухомість,Google,,,5,,,needs_verification,false,
saga-development,SAGA Development,Нерухомість,Work.ua,,,5,,,needs_verification,false,
saga-development,SAGA Development,Нерухомість,Robota.ua,,,5,,,needs_verification,false,
saint-gobain-ukraine,Saint-Gobain Ukraine,Будівництво,Google,,,5,,,needs_verification,false,
saint-gobain-ukraine,Saint-Gobain Ukraine,Будівництво,Work.ua,,,5,,,needs_verification,false,
saint-gobain-ukraine,Saint-Gobain Ukraine,Будівництво,Robota.ua,,,5,,,needs_verification,false,
salateira,Salateira,HoReCa,Google,,,5,,,needs_verification,false,
salateira,Salateira,HoReCa,Work.ua,,,5,,,needs_verification,false,
salateira,Salateira,HoReCa,Robota.ua,,,5,,,needs_verification,false,
salateira,Salateira,HoReCa,Indeed,,,5,,,needs_verification,false,
salateira,Salateira,HoReCa,Glassdoor,,,5,,,needs_verification,false,
samsung-r-d-institute-ukraine,Samsung R&D Institute Ukraine,IT,Google,,,5,,,needs_verification,false,
samsung-r-d-institute-ukraine,Samsung R&D Institute Ukraine,IT,Work.ua,,,5,,,needs_verification,false,
samsung-r-d-institute-ukraine,Samsung R&D Institute Ukraine,IT,Robota.ua,,,5,,,needs_verification,false,
samsung-r-d-institute-ukraine,Samsung R&D Institute Ukraine,IT,DOU,,,5,,,needs_verification,false,
samsung-r-d-institute-ukraine,Samsung R&D Institute Ukraine,IT,Djinni,,,5,,,needs_verification,false,
samsung-r-d-institute-ukraine,Samsung R&D Institute Ukraine,IT,Indeed,,,5,,,needs_verification,false,
samsung-r-d-institute-ukraine,Samsung R&D Institute Ukraine,IT,Glassdoor,,,5,,,needs_verification,false,
sandora,Sandora,FMCG,Google,,,5,,,needs_verification,false,
sandora,Sandora,FMCG,Work.ua,,,5,,,needs_verification,false,
sandora,Sandora,FMCG,Robota.ua,,,5,,,needs_verification,false,
sandora,Sandora,FMCG,Indeed,,,5,,,needs_verification,false,
sandora,Sandora,FMCG,Glassdoor,,,5,,,needs_verification,false,
sandoz-ukraine,Sandoz Ukraine,Фармацевтика,Google,,,5,,,needs_verification,false,
sandoz-ukraine,Sandoz Ukraine,Фармацевтика,Work.ua,,,5,,,needs_verification,false,
sandoz-ukraine,Sandoz Ukraine,Фармацевтика,Robota.ua,,,5,,,needs_verification,false,
sandoz-ukraine,Sandoz Ukraine,Фармацевтика,Indeed,,,5,,,needs_verification,false,
sandoz-ukraine,Sandoz Ukraine,Фармацевтика,Glassdoor,,,5,,,needs_verification,false,
sanofi-ukraine,Sanofi Ukraine,Фармацевтика,Google,,,5,,,needs_verification,false,
sanofi-ukraine,Sanofi Ukraine,Фармацевтика,Work.ua,,,5,,,needs_verification,false,
sanofi-ukraine,Sanofi Ukraine,Фармацевтика,Robota.ua,,,5,,,needs_verification,false,
sanofi-ukraine,Sanofi Ukraine,Фармацевтика,Indeed,,,5,,,needs_verification,false,
sanofi-ukraine,Sanofi Ukraine,Фармацевтика,Glassdoor,,,5,,,needs_verification,false,
sat,SAT,Логістика,Google,,,5,,,needs_verification,false,
sat,SAT,Логістика,Work.ua,,,5,,,needs_verification,false,
sat,SAT,Логістика,Robota.ua,,,5,,,needs_verification,false,
sayenko-kharenko,Sayenko Kharenko,Юридичні послуги,Google,,,5,,,needs_verification,false,
sayenko-kharenko,Sayenko Kharenko,Юридичні послуги,Work.ua,,,5,,,needs_verification,false,
sayenko-kharenko,Sayenko Kharenko,Юридичні послуги,Robota.ua,,,5,,,needs_verification,false,
sayenko-kharenko,Sayenko Kharenko,Юридичні послуги,Indeed,,,5,,,needs_verification,false,
sayenko-kharenko,Sayenko Kharenko,Юридичні послуги,Glassdoor,,,5,,,needs_verification,false,
scatec-ukraine,Scatec Ukraine,Енергетика,Google,,,5,,,needs_verification,false,
scatec-ukraine,Scatec Ukraine,Енергетика,Work.ua,,,5,,,needs_verification,false,
scatec-ukraine,Scatec Ukraine,Енергетика,Robota.ua,,,5,,,needs_verification,false,
security-holding-ukraine,Security Holding Ukraine,Безпека,Google,,,5,,,needs_verification,false,
security-holding-ukraine,Security Holding Ukraine,Безпека,Work.ua,,,5,,,needs_verification,false,
security-holding-ukraine,Security Holding Ukraine,Безпека,Robota.ua,,,5,,,needs_verification,false,
sense-bank,Sense Bank,Банки і фінанси,Google,,,5,,,needs_verification,false,
sense-bank,Sense Bank,Банки і фінанси,Work.ua,,,5,,,needs_verification,false,
sense-bank,Sense Bank,Банки і фінанси,Robota.ua,,,5,,,needs_verification,false,
sense-bank,Sense Bank,Банки і фінанси,Indeed,,,5,,,needs_verification,false,
sense-bank,Sense Bank,Банки і фінанси,Glassdoor,,,5,,,needs_verification,false,
seven-hills,Seven Hills,Нерухомість,Google,,,5,,,needs_verification,false,
seven-hills,Seven Hills,Нерухомість,Work.ua,,,5,,,needs_verification,false,
seven-hills,Seven Hills,Нерухомість,Robota.ua,,,5,,,needs_verification,false,
shafa,Shafa,E-commerce,Google,,,5,,,needs_verification,false,
shafa,Shafa,E-commerce,Work.ua,,,5,,,needs_verification,false,
shafa,Shafa,E-commerce,Robota.ua,,,5,,,needs_verification,false,
shafa,Shafa,E-commerce,Indeed,,,5,,,needs_verification,false,
shafa,Shafa,E-commerce,Glassdoor,,,5,,,needs_verification,false,
shell,Shell,АЗС і авто,Google,,,5,,,needs_verification,false,
shell,Shell,АЗС і авто,Work.ua,,,5,,,needs_verification,false,
shell,Shell,АЗС і авто,Robota.ua,,,5,,,needs_verification,false,
shell-ukraina,Shell Україна,АЗС,Google,,,5,,,needs_verification,false,
shell-ukraina,Shell Україна,АЗС,Work.ua,,,5,,,needs_verification,false,
shell-ukraina,Shell Україна,АЗС,Robota.ua,,,5,,,needs_verification,false,
sheriff,Sheriff,Безпека,Google,,,5,,,needs_verification,false,
sheriff,Sheriff,Безпека,Work.ua,,,5,,,needs_verification,false,
sheriff,Sheriff,Безпека,Robota.ua,,,5,,,needs_verification,false,
sheriffs,Sheriffs,Охорона,Google,,,5,,,needs_verification,false,
sheriffs,Sheriffs,Охорона,Work.ua,,,5,,,needs_verification,false,
sheriffs,Sheriffs,Охорона,Robota.ua,,,5,,,needs_verification,false,
sigma-software,Sigma Software,IT,Google,,,5,,,needs_verification,false,
sigma-software,Sigma Software,IT,Work.ua,,,5,,,needs_verification,false,
sigma-software,Sigma Software,IT,Robota.ua,,,5,,,needs_verification,false,
sigma-software,Sigma Software,IT,DOU,,,5,,,needs_verification,false,
sigma-software,Sigma Software,IT,Djinni,,,5,,,needs_verification,false,
sigma-software,Sigma Software,IT,Indeed,,,5,,,needs_verification,false,
sigma-software,Sigma Software,IT,Glassdoor,,,5,,,needs_verification,false,
sika-ukraine,Sika Ukraine,Будівництво,Google,,,5,,,needs_verification,false,
sika-ukraine,Sika Ukraine,Будівництво,Work.ua,,,5,,,needs_verification,false,
sika-ukraine,Sika Ukraine,Будівництво,Robota.ua,,,5,,,needs_verification,false,
sinsay-ukraine,Sinsay Ukraine,Ритейл,Google,,,5,,,needs_verification,false,
sinsay-ukraine,Sinsay Ukraine,Ритейл,Work.ua,,,5,,,needs_verification,false,
sinsay-ukraine,Sinsay Ukraine,Ритейл,Robota.ua,,,5,,,needs_verification,false,
skoda-ukraine,Skoda Ukraine,Авто,Google,,,5,,,needs_verification,false,
skoda-ukraine,Skoda Ukraine,Авто,Work.ua,,,5,,,needs_verification,false,
skoda-ukraine,Skoda Ukraine,Авто,Robota.ua,,,5,,,needs_verification,false,
skoda-ukraine,Skoda Ukraine,Авто,Indeed,,,5,,,needs_verification,false,
skoda-ukraine,Skoda Ukraine,Авто,Glassdoor,,,5,,,needs_verification,false,
skvot,Skvot,Освіта,Google,,,5,,,needs_verification,false,
skvot,Skvot,Освіта,Work.ua,,,5,,,needs_verification,false,
skvot,Skvot,Освіта,Robota.ua,,,5,,,needs_verification,false,
skylum,Skylum,IT,Google,,,5,,,needs_verification,false,
skylum,Skylum,IT,Work.ua,,,5,,,needs_verification,false,
skylum,Skylum,IT,Robota.ua,,,5,,,needs_verification,false,
skylum,Skylum,IT,DOU,,,5,,,needs_verification,false,
skylum,Skylum,IT,Djinni,,,5,,,needs_verification,false,
skylum,Skylum,IT,Indeed,,,5,,,needs_verification,false,
skylum,Skylum,IT,Glassdoor,,,5,,,needs_verification,false,
skyup-airlines,SkyUp Airlines,Авіація,Google,,,5,,,needs_verification,false,
skyup-airlines,SkyUp Airlines,Авіація,Work.ua,,,5,,,needs_verification,false,
skyup-airlines,SkyUp Airlines,Авіація,Robota.ua,,,5,,,needs_verification,false,
smart-business,SMART business,Консалтинг,Google,,,5,,,needs_verification,false,
smart-business,SMART business,Консалтинг,Work.ua,,,5,,,needs_verification,false,
smart-business,SMART business,Консалтинг,Robota.ua,,,5,,,needs_verification,false,
smart-business,SMART business,Консалтинг,Indeed,,,5,,,needs_verification,false,
smart-business,SMART business,Консалтинг,Glassdoor,,,5,,,needs_verification,false,
snack-production,Snack Production,FMCG,Google,,,5,,,needs_verification,false,
snack-production,Snack Production,FMCG,Work.ua,,,5,,,needs_verification,false,
snack-production,Snack Production,FMCG,Robota.ua,,,5,,,needs_verification,false,
snack-production,Snack Production,FMCG,Indeed,,,5,,,needs_verification,false,
snack-production,Snack Production,FMCG,Glassdoor,,,5,,,needs_verification,false,
socar,SOCAR,АЗС і авто,Google,,,5,,,needs_verification,false,
socar,SOCAR,АЗС і авто,Work.ua,,,5,,,needs_verification,false,
socar,SOCAR,АЗС і авто,Robota.ua,,,5,,,needs_verification,false,
socar-ukraina,SOCAR Україна,АЗС,Google,,,5,,,needs_verification,false,
socar-ukraina,SOCAR Україна,АЗС,Work.ua,,,5,,,needs_verification,false,
socar-ukraina,SOCAR Україна,АЗС,Robota.ua,,,5,,,needs_verification,false,
softengi,Softengi,IT,Google,,,5,,,needs_verification,false,
softengi,Softengi,IT,Work.ua,,,5,,,needs_verification,false,
softengi,Softengi,IT,Robota.ua,,,5,,,needs_verification,false,
softengi,Softengi,IT,DOU,,,5,,,needs_verification,false,
softengi,Softengi,IT,Djinni,,,5,,,needs_verification,false,
softengi,Softengi,IT,Indeed,,,5,,,needs_verification,false,
softengi,Softengi,IT,Glassdoor,,,5,,,needs_verification,false,
softserve,SoftServe,IT,Google,,,5,,,needs_verification,false,
softserve,SoftServe,IT,Work.ua,,,5,,,needs_verification,false,
softserve,SoftServe,IT,Robota.ua,,,5,,,needs_verification,false,
softserve,SoftServe,IT,DOU,,,5,,,needs_verification,false,
softserve,SoftServe,IT,Djinni,,,5,,,needs_verification,false,
softserve,SoftServe,IT,Indeed,,,5,,,needs_verification,false,
softserve,SoftServe,IT,Glassdoor,,,5,,,needs_verification,false,
source-it,Source IT,Освіта,Google,,,5,,,needs_verification,false,
source-it,Source IT,Освіта,Work.ua,,,5,,,needs_verification,false,
source-it,Source IT,Освіта,Robota.ua,,,5,,,needs_verification,false,
spd-technology,SPD Technology,IT,Google,,,5,,,needs_verification,false,
spd-technology,SPD Technology,IT,Work.ua,,,5,,,needs_verification,false,
spd-technology,SPD Technology,IT,Robota.ua,,,5,,,needs_verification,false,
spd-technology,SPD Technology,IT,DOU,,,5,,,needs_verification,false,
spd-technology,SPD Technology,IT,Djinni,,,5,,,needs_verification,false,
spd-technology,SPD Technology,IT,Indeed,,,5,,,needs_verification,false,
spd-technology,SPD Technology,IT,Glassdoor,,,5,,,needs_verification,false,
sportbank,Sportbank,Банки і фінанси,Google,,,5,,,needs_verification,false,
sportbank,Sportbank,Банки і фінанси,Work.ua,,,5,,,needs_verification,false,
sportbank,Sportbank,Банки і фінанси,Robota.ua,,,5,,,needs_verification,false,
sportbank,Sportbank,Банки і фінанси,Indeed,,,5,,,needs_verification,false,
sportbank,Sportbank,Банки і фінанси,Glassdoor,,,5,,,needs_verification,false,
squad,SQUAD,IT,Google,,,5,,,needs_verification,false,
squad,SQUAD,IT,Work.ua,,,5,,,needs_verification,false,
squad,SQUAD,IT,Robota.ua,,,5,,,needs_verification,false,
squad,SQUAD,IT,DOU,,,5,,,needs_verification,false,
squad,SQUAD,IT,Djinni,,,5,,,needs_verification,false,
squad,SQUAD,IT,Indeed,,,5,,,needs_verification,false,
squad,SQUAD,IT,Glassdoor,,,5,,,needs_verification,false,
starlight-media,Starlight Media,Media,Google,,,5,,,needs_verification,false,
starlight-media,Starlight Media,Media,Work.ua,,,5,,,needs_verification,false,
starlight-media,Starlight Media,Media,Robota.ua,,,5,,,needs_verification,false,
starlight-media,Starlight Media,Media,Indeed,,,5,,,needs_verification,false,
starlight-media,Starlight Media,Media,Glassdoor,,,5,,,needs_verification,false,
stellantis-ukraine,Stellantis Ukraine,Авто,Google,,,5,,,needs_verification,false,
stellantis-ukraine,Stellantis Ukraine,Авто,Work.ua,,,5,,,needs_verification,false,
stellantis-ukraine,Stellantis Ukraine,Авто,Robota.ua,,,5,,,needs_verification,false,
stellantis-ukraine,Stellantis Ukraine,Авто,Indeed,,,5,,,needs_verification,false,
stellantis-ukraine,Stellantis Ukraine,Авто,Glassdoor,,,5,,,needs_verification,false,
stolitsa-group,Stolitsa Group,Нерухомість,Google,,,5,,,needs_verification,false,
stolitsa-group,Stolitsa Group,Нерухомість,Work.ua,,,5,,,needs_verification,false,
stolitsa-group,Stolitsa Group,Нерухомість,Robota.ua,,,5,,,needs_verification,false,
study-academy,Study Academy,Освіта,Google,,,5,,,needs_verification,false,
study-academy,Study Academy,Освіта,Work.ua,,,5,,,needs_verification,false,
study-academy,Study Academy,Освіта,Robota.ua,,,5,,,needs_verification,false,
subaru-ukraine,Subaru Ukraine,Авто,Google,,,5,,,needs_verification,false,
subaru-ukraine,Subaru Ukraine,Авто,Work.ua,,,5,,,needs_verification,false,
subaru-ukraine,Subaru Ukraine,Авто,Robota.ua,,,5,,,needs_verification,false,
subaru-ukraine,Subaru Ukraine,Авто,Indeed,,,5,,,needs_verification,false,
subaru-ukraine,Subaru Ukraine,Авто,Glassdoor,,,5,,,needs_verification,false,
supportyourapp,SupportYourApp,Послуги,Google,,,5,,,needs_verification,false,
supportyourapp,SupportYourApp,Послуги,Work.ua,,,5,,,needs_verification,false,
supportyourapp,SupportYourApp,Послуги,Robota.ua,,,5,,,needs_verification,false,
supramarine,Supramarine,Побутові послуги,Google,,,5,,,needs_verification,false,
supramarine,Supramarine,Побутові послуги,Work.ua,,,5,,,needs_verification,false,
supramarine,Supramarine,Побутові послуги,Robota.ua,,,5,,,needs_verification,false,
sushi-master,Sushi Master,HoReCa,Google,,,5,,,needs_verification,false,
sushi-master,Sushi Master,HoReCa,Work.ua,,,5,,,needs_verification,false,
sushi-master,Sushi Master,HoReCa,Robota.ua,,,5,,,needs_verification,false,
sushi-master,Sushi Master,HoReCa,Indeed,,,5,,,needs_verification,false,
sushi-master,Sushi Master,HoReCa,Glassdoor,,,5,,,needs_verification,false,
suzuki-ukraine,Suzuki Ukraine,Авто,Google,,,5,,,needs_verification,false,
suzuki-ukraine,Suzuki Ukraine,Авто,Work.ua,,,5,,,needs_verification,false,
suzuki-ukraine,Suzuki Ukraine,Авто,Robota.ua,,,5,,,needs_verification,false,
suzuki-ukraine,Suzuki Ukraine,Авто,Indeed,,,5,,,needs_verification,false,
suzuki-ukraine,Suzuki Ukraine,Авто,Glassdoor,,,5,,,needs_verification,false,
svitla-systems,Svitla Systems,IT,Google,,,5,,,needs_verification,false,
svitla-systems,Svitla Systems,IT,Work.ua,,,5,,,needs_verification,false,
svitla-systems,Svitla Systems,IT,Robota.ua,,,5,,,needs_verification,false,
svitla-systems,Svitla Systems,IT,DOU,,,5,,,needs_verification,false,
svitla-systems,Svitla Systems,IT,Djinni,,,5,,,needs_verification,false,
svitla-systems,Svitla Systems,IT,Indeed,,,5,,,needs_verification,false,
svitla-systems,Svitla Systems,IT,Glassdoor,,,5,,,needs_verification,false,
sweettv,Sweet.tv,Media,Google,,,5,,,needs_verification,false,
sweettv,Sweet.tv,Media,Work.ua,,,5,,,needs_verification,false,
sweettv,Sweet.tv,Media,Robota.ua,,,5,,,needs_verification,false,
sweettv,Sweet.tv,Media,Indeed,,,5,,,needs_verification,false,
sweettv,Sweet.tv,Media,Glassdoor,,,5,,,needs_verification,false,
syngenta-ukraine,Syngenta Ukraine,Агро,Google,,,5,,,needs_verification,false,
syngenta-ukraine,Syngenta Ukraine,Агро,Work.ua,,,5,,,needs_verification,false,
syngenta-ukraine,Syngenta Ukraine,Агро,Robota.ua,,,5,,,needs_verification,false,
tabletkiua,Tabletki.ua,E-commerce,Google,,,5,,,needs_verification,false,
tabletkiua,Tabletki.ua,E-commerce,Work.ua,,,5,,,needs_verification,false,
tabletkiua,Tabletki.ua,E-commerce,Robota.ua,,,5,,,needs_verification,false,
tabletkiua,Tabletki.ua,E-commerce,Indeed,,,5,,,needs_verification,false,
tabletkiua,Tabletki.ua,E-commerce,Glassdoor,,,5,,,needs_verification,false,
tarantino-family,Tarantino Family,HoReCa,Google,,,5,,,needs_verification,false,
tarantino-family,Tarantino Family,HoReCa,Work.ua,,,5,,,needs_verification,false,
tarantino-family,Tarantino Family,HoReCa,Robota.ua,,,5,,,needs_verification,false,
tarantino-family,Tarantino Family,HoReCa,Indeed,,,5,,,needs_verification,false,
tarantino-family,Tarantino Family,HoReCa,Glassdoor,,,5,,,needs_verification,false,
taryan-group,Taryan Group,Нерухомість,Google,,,5,,,needs_verification,false,
taryan-group,Taryan Group,Нерухомість,Work.ua,,,5,,,needs_verification,false,
taryan-group,Taryan Group,Нерухомість,Robota.ua,,,5,,,needs_verification,false,
tas-agro,TAS Agro,Агро,Google,,,5,,,needs_verification,false,
tas-agro,TAS Agro,Агро,Work.ua,,,5,,,needs_verification,false,
tas-agro,TAS Agro,Агро,Robota.ua,,,5,,,needs_verification,false,
tascombank,Tascombank,Банки,Google,,,5,,,needs_verification,false,
tascombank,Tascombank,Банки,Work.ua,,,5,,,needs_verification,false,
tascombank,Tascombank,Банки,Robota.ua,,,5,,,needs_verification,false,
tenet,Tenet,Telecom,Google,,,5,,,needs_verification,false,
tenet,Tenet,Telecom,Work.ua,,,5,,,needs_verification,false,
tenet,Tenet,Telecom,Robota.ua,,,5,,,needs_verification,false,
tenet,Tenet,Telecom,Indeed,,,5,,,needs_verification,false,
tenet,Tenet,Telecom,Glassdoor,,,5,,,needs_verification,false,
creatio,Terrasoft / Creatio,IT,Google,,,5,,,needs_verification,false,
creatio,Terrasoft / Creatio,IT,Work.ua,,,5,,,needs_verification,false,
creatio,Terrasoft / Creatio,IT,Robota.ua,,,5,,,needs_verification,false,
creatio,Terrasoft / Creatio,IT,DOU,,,5,,,needs_verification,false,
creatio,Terrasoft / Creatio,IT,Djinni,,,5,,,needs_verification,false,
creatio,Terrasoft / Creatio,IT,Indeed,,,5,,,needs_verification,false,
creatio,Terrasoft / Creatio,IT,Glassdoor,,,5,,,needs_verification,false,
terrasoft-consulting,Terrasoft Consulting,Консалтинг,Google,,,5,,,needs_verification,false,
terrasoft-consulting,Terrasoft Consulting,Консалтинг,Work.ua,,,5,,,needs_verification,false,
terrasoft-consulting,Terrasoft Consulting,Консалтинг,Robota.ua,,,5,,,needs_verification,false,
terrasoft-consulting,Terrasoft Consulting,Консалтинг,Indeed,,,5,,,needs_verification,false,
terrasoft-consulting,Terrasoft Consulting,Консалтинг,Glassdoor,,,5,,,needs_verification,false,
teva-ukraine,Teva Ukraine,Фармацевтика,Google,,,5,,,needs_verification,false,
teva-ukraine,Teva Ukraine,Фармацевтика,Work.ua,,,5,,,needs_verification,false,
teva-ukraine,Teva Ukraine,Фармацевтика,Robota.ua,,,5,,,needs_verification,false,
teva-ukraine,Teva Ukraine,Фармацевтика,Indeed,,,5,,,needs_verification,false,
teva-ukraine,Teva Ukraine,Фармацевтика,Glassdoor,,,5,,,needs_verification,false,
the-village-ukraina,The Village Україна,Media,Google,,,5,,,needs_verification,false,
the-village-ukraina,The Village Україна,Media,Work.ua,,,5,,,needs_verification,false,
the-village-ukraina,The Village Україна,Media,Robota.ua,,,5,,,needs_verification,false,
the-village-ukraina,The Village Україна,Media,Indeed,,,5,,,needs_verification,false,
the-village-ukraina,The Village Україна,Media,Glassdoor,,,5,,,needs_verification,false,
this-is-pivbar,This is Pivbar,HoReCa,Google,,,5,,,needs_verification,false,
this-is-pivbar,This is Pivbar,HoReCa,Work.ua,,,5,,,needs_verification,false,
this-is-pivbar,This is Pivbar,HoReCa,Robota.ua,,,5,,,needs_verification,false,
this-is-pivbar,This is Pivbar,HoReCa,Indeed,,,5,,,needs_verification,false,
this-is-pivbar,This is Pivbar,HoReCa,Glassdoor,,,5,,,needs_verification,false,
thrash-trash,Thrash! Траш,Ритейл,Google,,,5,,,needs_verification,false,
thrash-trash,Thrash! Траш,Ритейл,Work.ua,,,5,,,needs_verification,false,
thrash-trash,Thrash! Траш,Ритейл,Robota.ua,,,5,,,needs_verification,false,
ticketsua,Tickets.ua,E-commerce,Google,,,5,,,needs_verification,false,
ticketsua,Tickets.ua,E-commerce,Work.ua,,,5,,,needs_verification,false,
ticketsua,Tickets.ua,E-commerce,Robota.ua,,,5,,,needs_verification,false,
ticketsua,Tickets.ua,E-commerce,Indeed,,,5,,,needs_verification,false,
ticketsua,Tickets.ua,E-commerce,Glassdoor,,,5,,,needs_verification,false,
toyota-ukraina,Toyota Україна,Авто,Google,,,5,,,needs_verification,false,
toyota-ukraina,Toyota Україна,Авто,Work.ua,,,5,,,needs_verification,false,
toyota-ukraina,Toyota Україна,Авто,Robota.ua,,,5,,,needs_verification,false,
toyota-ukraina,Toyota Україна,Авто,Indeed,,,5,,,needs_verification,false,
toyota-ukraina,Toyota Україна,Авто,Glassdoor,,,5,,,needs_verification,false,
trans-logistics-ukraine,Trans Logistics Ukraine,Логістика,Google,,,5,,,needs_verification,false,
trans-logistics-ukraine,Trans Logistics Ukraine,Логістика,Work.ua,,,5,,,needs_verification,false,
trans-logistics-ukraine,Trans Logistics Ukraine,Логістика,Robota.ua,,,5,,,needs_verification,false,
triolan,Triolan,Telecom,Google,,,5,,,needs_verification,false,
triolan,Triolan,Telecom,Work.ua,,,5,,,needs_verification,false,
triolan,Triolan,Telecom,Robota.ua,,,5,,,needs_verification,false,
triolan,Triolan,Telecom,Indeed,,,5,,,needs_verification,false,
triolan,Triolan,Telecom,Glassdoor,,,5,,,needs_verification,false,
tripmydream,TripMyDream,E-commerce,Google,,,5,,,needs_verification,false,
tripmydream,TripMyDream,E-commerce,Work.ua,,,5,,,needs_verification,false,
tripmydream,TripMyDream,E-commerce,Robota.ua,,,5,,,needs_verification,false,
tripmydream,TripMyDream,E-commerce,Indeed,,,5,,,needs_verification,false,
tripmydream,TripMyDream,E-commerce,Glassdoor,,,5,,,needs_verification,false,
trusted-advisors,Trusted Advisors,Юридичні послуги,Google,,,5,,,needs_verification,false,
trusted-advisors,Trusted Advisors,Юридичні послуги,Work.ua,,,5,,,needs_verification,false,
trusted-advisors,Trusted Advisors,Юридичні послуги,Robota.ua,,,5,,,needs_verification,false,
trusted-advisors,Trusted Advisors,Юридичні послуги,Indeed,,,5,,,needs_verification,false,
trusted-advisors,Trusted Advisors,Юридичні послуги,Glassdoor,,,5,,,needs_verification,false,
ubisoft-kyiv,Ubisoft Kyiv,IT,Google,,,5,,,needs_verification,false,
ubisoft-kyiv,Ubisoft Kyiv,IT,Work.ua,,,5,,,needs_verification,false,
ubisoft-kyiv,Ubisoft Kyiv,IT,Robota.ua,,,5,,,needs_verification,false,
ubisoft-kyiv,Ubisoft Kyiv,IT,DOU,,,5,,,needs_verification,false,
ubisoft-kyiv,Ubisoft Kyiv,IT,Djinni,,,5,,,needs_verification,false,
ubisoft-kyiv,Ubisoft Kyiv,IT,Indeed,,,5,,,needs_verification,false,
ubisoft-kyiv,Ubisoft Kyiv,IT,Glassdoor,,,5,,,needs_verification,false,
udp,UDP,Нерухомість,Google,,,5,,,needs_verification,false,
udp,UDP,Нерухомість,Work.ua,,,5,,,needs_verification,false,
udp,UDP,Нерухомість,Robota.ua,,,5,,,needs_verification,false,
udp-renewables,UDP Renewables,Енергетика,Google,,,5,,,needs_verification,false,
udp-renewables,UDP Renewables,Енергетика,Work.ua,,,5,,,needs_verification,false,
udp-renewables,UDP Renewables,Енергетика,Robota.ua,,,5,,,needs_verification,false,
uhl-mash,UHL-MASH,Виробництво,Google,,,5,,,needs_verification,false,
uhl-mash,UHL-MASH,Виробництво,Work.ua,,,5,,,needs_verification,false,
uhl-mash,UHL-MASH,Виробництво,Robota.ua,,,5,,,needs_verification,false,
uklon,Uklon,IT,Google,,,5,,,needs_verification,false,
uklon,Uklon,IT,Work.ua,,,5,,,needs_verification,false,
uklon,Uklon,IT,Robota.ua,,,5,,,needs_verification,false,
uklon,Uklon,IT,DOU,,,5,,,needs_verification,false,
uklon,Uklon,IT,Djinni,,,5,,,needs_verification,false,
uklon,Uklon,IT,Indeed,,,5,,,needs_verification,false,
uklon,Uklon,IT,Glassdoor,,,5,,,needs_verification,false,
ukr-china-communication,Ukr-China Communication,Логістика,Google,,,5,,,needs_verification,false,
ukr-china-communication,Ukr-China Communication,Логістика,Work.ua,,,5,,,needs_verification,false,
ukr-china-communication,Ukr-China Communication,Логістика,Robota.ua,,,5,,,needs_verification,false,
ukravit,Ukravit,Агро,Google,,,5,,,needs_verification,false,
ukravit,Ukravit,Агро,Work.ua,,,5,,,needs_verification,false,
ukravit,Ukravit,Агро,Robota.ua,,,5,,,needs_verification,false,
ukrlandfarming,UkrLandFarming,Агро,Google,,,5,,,needs_verification,false,
ukrlandfarming,UkrLandFarming,Агро,Work.ua,,,5,,,needs_verification,false,
ukrlandfarming,UkrLandFarming,Агро,Robota.ua,,,5,,,needs_verification,false,
unicall,UniCall,Послуги,Google,,,5,,,needs_verification,false,
unicall,UniCall,Послуги,Work.ua,,,5,,,needs_verification,false,
unicall,UniCall,Послуги,Robota.ua,,,5,,,needs_verification,false,
unilever-ukraine,Unilever Ukraine,Виробництво,Google,,,5,,,needs_verification,false,
unilever-ukraine,Unilever Ukraine,Виробництво,Work.ua,,,5,,,needs_verification,false,
unilever-ukraine,Unilever Ukraine,Виробництво,Robota.ua,,,5,,,needs_verification,false,
uniqa-ukraina,UNIQA Україна,Страхування,Google,,,5,,,needs_verification,false,
uniqa-ukraina,UNIQA Україна,Страхування,Work.ua,,,5,,,needs_verification,false,
uniqa-ukraina,UNIQA Україна,Страхування,Robota.ua,,,5,,,needs_verification,false,
uniqa-ukraina,UNIQA Україна,Страхування,Indeed,,,5,,,needs_verification,false,
uniqa-ukraina,UNIQA Україна,Страхування,Glassdoor,,,5,,,needs_verification,false,
upg,UPG,АЗС,Google,,,5,,,needs_verification,false,
upg,UPG,АЗС,Work.ua,,,5,,,needs_verification,false,
upg,UPG,АЗС,Robota.ua,,,5,,,needs_verification,false,
uvk,UVK,Логістика,Google,,,5,,,needs_verification,false,
uvk,UVK,Логістика,Work.ua,,,5,,,needs_verification,false,
uvk,UVK,Логістика,Robota.ua,,,5,,,needs_verification,false,
valtech-ukraine,Valtech Ukraine,IT,Google,,,5,,,needs_verification,false,
valtech-ukraine,Valtech Ukraine,IT,Work.ua,,,5,,,needs_verification,false,
valtech-ukraine,Valtech Ukraine,IT,Robota.ua,,,5,,,needs_verification,false,
valtech-ukraine,Valtech Ukraine,IT,DOU,,,5,,,needs_verification,false,
valtech-ukraine,Valtech Ukraine,IT,Djinni,,,5,,,needs_verification,false,
valtech-ukraine,Valtech Ukraine,IT,Indeed,,,5,,,needs_verification,false,
valtech-ukraine,Valtech Ukraine,IT,Glassdoor,,,5,,,needs_verification,false,
varus,Varus,Ритейл,Google,,,5,,,needs_verification,false,
varus,Varus,Ритейл,Work.ua,,,5,,,needs_verification,false,
varus,Varus,Ритейл,Robota.ua,,,5,,,needs_verification,false,
vasil-kisil-partners,Vasil Kisil & Partners,Юридичні послуги,Google,,,5,,,needs_verification,false,
vasil-kisil-partners,Vasil Kisil & Partners,Юридичні послуги,Work.ua,,,5,,,needs_verification,false,
vasil-kisil-partners,Vasil Kisil & Partners,Юридичні послуги,Robota.ua,,,5,,,needs_verification,false,
vasil-kisil-partners,Vasil Kisil & Partners,Юридичні послуги,Indeed,,,5,,,needs_verification,false,
vasil-kisil-partners,Vasil Kisil & Partners,Юридичні послуги,Glassdoor,,,5,,,needs_verification,false,
vb-partners,VB Partners,Юридичні послуги,Google,,,5,,,needs_verification,false,
vb-partners,VB Partners,Юридичні послуги,Work.ua,,,5,,,needs_verification,false,
vb-partners,VB Partners,Юридичні послуги,Robota.ua,,,5,,,needs_verification,false,
vb-partners,VB Partners,Юридичні послуги,Indeed,,,5,,,needs_verification,false,
vb-partners,VB Partners,Юридичні послуги,Glassdoor,,,5,,,needs_verification,false,
vector,Vector,Media,Google,,,5,,,needs_verification,false,
vector,Vector,Media,Work.ua,,,5,,,needs_verification,false,
vector,Vector,Media,Robota.ua,,,5,,,needs_verification,false,
vector,Vector,Media,Indeed,,,5,,,needs_verification,false,
vector,Vector,Media,Glassdoor,,,5,,,needs_verification,false,
vega,Vega,Телеком,Google,,,5,,,needs_verification,false,
vega,Vega,Телеком,Work.ua,,,5,,,needs_verification,false,
vega,Vega,Телеком,Robota.ua,,,5,,,needs_verification,false,
vega-telecom,Vega Telecom,Telecom,Google,,,5,,,needs_verification,false,
vega-telecom,Vega Telecom,Telecom,Work.ua,,,5,,,needs_verification,false,
vega-telecom,Vega Telecom,Telecom,Robota.ua,,,5,,,needs_verification,false,
vega-telecom,Vega Telecom,Telecom,Indeed,,,5,,,needs_verification,false,
vega-telecom,Vega Telecom,Telecom,Glassdoor,,,5,,,needs_verification,false,
venbest,Venbest,Безпека,Google,,,5,,,needs_verification,false,
venbest,Venbest,Безпека,Work.ua,,,5,,,needs_verification,false,
venbest,Venbest,Безпека,Robota.ua,,,5,,,needs_verification,false,
veterano-pizza,Veterano Pizza,HoReCa,Google,,,5,,,needs_verification,false,
veterano-pizza,Veterano Pizza,HoReCa,Work.ua,,,5,,,needs_verification,false,
veterano-pizza,Veterano Pizza,HoReCa,Robota.ua,,,5,,,needs_verification,false,
veterano-pizza,Veterano Pizza,HoReCa,Indeed,,,5,,,needs_verification,false,
veterano-pizza,Veterano Pizza,HoReCa,Glassdoor,,,5,,,needs_verification,false,
vidi,Vidi,Авто,Google,,,5,,,needs_verification,false,
vidi,Vidi,Авто,Work.ua,,,5,,,needs_verification,false,
vidi,Vidi,Авто,Robota.ua,,,5,,,needs_verification,false,
vidi,Vidi,Авто,Indeed,,,5,,,needs_verification,false,
vidi,Vidi,Авто,Glassdoor,,,5,,,needs_verification,false,
vitagro,VITAGRO,Агро,Google,,,5,,,needs_verification,false,
vitagro,VITAGRO,Агро,Work.ua,,,5,,,needs_verification,false,
vitagro,VITAGRO,Агро,Robota.ua,,,5,,,needs_verification,false,
vodafone-ukraina,Vodafone Україна,Telecom,Google,,,5,,,needs_verification,false,
vodafone-ukraina,Vodafone Україна,Telecom,Work.ua,,,5,,,needs_verification,false,
vodafone-ukraina,Vodafone Україна,Telecom,Robota.ua,,,5,,,needs_verification,false,
vodafone-ukraina,Vodafone Україна,Telecom,Indeed,,,5,,,needs_verification,false,
vodafone-ukraina,Vodafone Україна,Telecom,Glassdoor,,,5,,,needs_verification,false,
volia,Volia,Telecom,Google,,,5,,,needs_verification,false,
volia,Volia,Telecom,Work.ua,,,5,,,needs_verification,false,
volia,Volia,Telecom,Robota.ua,,,5,,,needs_verification,false,
volia,Volia,Telecom,Indeed,,,5,,,needs_verification,false,
volia,Volia,Telecom,Glassdoor,,,5,,,needs_verification,false,
volkswagen-ukraine,Volkswagen Ukraine,Авто,Google,,,5,,,needs_verification,false,
volkswagen-ukraine,Volkswagen Ukraine,Авто,Work.ua,,,5,,,needs_verification,false,
volkswagen-ukraine,Volkswagen Ukraine,Авто,Robota.ua,,,5,,,needs_verification,false,
volkswagen-ukraine,Volkswagen Ukraine,Авто,Indeed,,,5,,,needs_verification,false,
volkswagen-ukraine,Volkswagen Ukraine,Авто,Glassdoor,,,5,,,needs_verification,false,
volvo-ukraine,Volvo Ukraine,Авто,Google,,,5,,,needs_verification,false,
volvo-ukraine,Volvo Ukraine,Авто,Work.ua,,,5,,,needs_verification,false,
volvo-ukraine,Volvo Ukraine,Авто,Robota.ua,,,5,,,needs_verification,false,
volvo-ukraine,Volvo Ukraine,Авто,Indeed,,,5,,,needs_verification,false,
volvo-ukraine,Volvo Ukraine,Авто,Glassdoor,,,5,,,needs_verification,false,
vuso,VUSO,Страхування,Google,,,5,,,needs_verification,false,
vuso,VUSO,Страхування,Work.ua,,,5,,,needs_verification,false,
vuso,VUSO,Страхування,Robota.ua,,,5,,,needs_verification,false,
vuso,VUSO,Страхування,Indeed,,,5,,,needs_verification,false,
vuso,VUSO,Страхування,Glassdoor,,,5,,,needs_verification,false,
watsons,Watsons,Ритейл,Google,,,5,,,needs_verification,false,
watsons,Watsons,Ритейл,Work.ua,,,5,,,needs_verification,false,
watsons,Watsons,Ритейл,Robota.ua,,,5,,,needs_verification,false,
watsons-ukraina,Watsons Україна,Ритейл,Google,,,5,,,needs_verification,false,
watsons-ukraina,Watsons Україна,Ритейл,Work.ua,,,5,,,needs_verification,false,
watsons-ukraina,Watsons Україна,Ритейл,Robota.ua,,,5,,,needs_verification,false,
wayforpay,WayForPay,Банки і фінанси,Google,,,5,,,needs_verification,false,
wayforpay,WayForPay,Банки і фінанси,Work.ua,,,5,,,needs_verification,false,
wayforpay,WayForPay,Банки і фінанси,Robota.ua,,,5,,,needs_verification,false,
wayforpay,WayForPay,Банки і фінанси,Indeed,,,5,,,needs_verification,false,
wayforpay,WayForPay,Банки і фінанси,Glassdoor,,,5,,,needs_verification,false,
welltech,Welltech,IT,Google,,,5,,,needs_verification,false,
welltech,Welltech,IT,Work.ua,,,5,,,needs_verification,false,
welltech,Welltech,IT,Robota.ua,,,5,,,needs_verification,false,
welltech,Welltech,IT,DOU,,,5,,,needs_verification,false,
welltech,Welltech,IT,Djinni,,,5,,,needs_verification,false,
welltech,Welltech,IT,Indeed,,,5,,,needs_verification,false,
welltech,Welltech,IT,Glassdoor,,,5,,,needs_verification,false,
western-union-ukraine,Western Union Ukraine,Банки і фінанси,Google,,,5,,,needs_verification,false,
western-union-ukraine,Western Union Ukraine,Банки і фінанси,Work.ua,,,5,,,needs_verification,false,
western-union-ukraine,Western Union Ukraine,Банки і фінанси,Robota.ua,,,5,,,needs_verification,false,
western-union-ukraine,Western Union Ukraine,Банки і фінанси,Indeed,,,5,,,needs_verification,false,
western-union-ukraine,Western Union Ukraine,Банки і фінанси,Glassdoor,,,5,,,needs_verification,false,
winner,Winner,Авто,Google,,,5,,,needs_verification,false,
winner,Winner,Авто,Work.ua,,,5,,,needs_verification,false,
winner,Winner,Авто,Robota.ua,,,5,,,needs_verification,false,
winner,Winner,Авто,Indeed,,,5,,,needs_verification,false,
winner,Winner,Авто,Glassdoor,,,5,,,needs_verification,false,
wix-ukraine,Wix Ukraine,IT,Google,,,5,,,needs_verification,false,
wix-ukraine,Wix Ukraine,IT,Work.ua,,,5,,,needs_verification,false,
wix-ukraine,Wix Ukraine,IT,Robota.ua,,,5,,,needs_verification,false,
wix-ukraine,Wix Ukraine,IT,DOU,,,5,,,needs_verification,false,
wix-ukraine,Wix Ukraine,IT,Djinni,,,5,,,needs_verification,false,
wix-ukraine,Wix Ukraine,IT,Indeed,,,5,,,needs_verification,false,
wix-ukraine,Wix Ukraine,IT,Glassdoor,,,5,,,needs_verification,false,
wog,WOG,АЗС,Google,,,5,,,needs_verification,false,
wog,WOG,АЗС,Work.ua,,,5,,,needs_verification,false,
wog,WOG,АЗС,Robota.ua,,,5,,,needs_verification,false,
wog-auto-service,WOG Auto Service,Авто,Google,,,5,,,needs_verification,false,
wog-auto-service,WOG Auto Service,Авто,Work.ua,,,5,,,needs_verification,false,
wog-auto-service,WOG Auto Service,Авто,Robota.ua,,,5,,,needs_verification,false,
wog-auto-service,WOG Auto Service,Авто,Indeed,,,5,,,needs_verification,false,
wog-auto-service,WOG Auto Service,Авто,Glassdoor,,,5,,,needs_verification,false,
wog-cafe,WOG Cafe,HoReCa,Google,,,5,,,needs_verification,false,
wog-cafe,WOG Cafe,HoReCa,Work.ua,,,5,,,needs_verification,false,
wog-cafe,WOG Cafe,HoReCa,Robota.ua,,,5,,,needs_verification,false,
wog-cafe,WOG Cafe,HoReCa,Indeed,,,5,,,needs_verification,false,
wog-cafe,WOG Cafe,HoReCa,Glassdoor,,,5,,,needs_verification,false,
workua,Work.ua,Media,Google,,,5,,,needs_verification,false,
workua,Work.ua,Media,Work.ua,,,5,,,needs_verification,false,
workua,Work.ua,Media,Robota.ua,,,5,,,needs_verification,false,
workua,Work.ua,Media,Indeed,,,5,,,needs_verification,false,
workua,Work.ua,Media,Glassdoor,,,5,,,needs_verification,false,
yalantis,Yalantis,IT,Google,,,5,,,needs_verification,false,
yalantis,Yalantis,IT,Work.ua,,,5,,,needs_verification,false,
yalantis,Yalantis,IT,Robota.ua,,,5,,,needs_verification,false,
yalantis,Yalantis,IT,DOU,,,5,,,needs_verification,false,
yalantis,Yalantis,IT,Djinni,,,5,,,needs_verification,false,
yalantis,Yalantis,IT,Indeed,,,5,,,needs_verification,false,
yalantis,Yalantis,IT,Glassdoor,,,5,,,needs_verification,false,
yasno,Yasno,Енергетика,Google,,,5,,,needs_verification,false,
yasno,Yasno,Енергетика,Work.ua,,,5,,,needs_verification,false,
yasno,Yasno,Енергетика,Robota.ua,,,5,,,needs_verification,false,
youcontrol,YouControl,Консалтинг,Google,,,5,,,needs_verification,false,
youcontrol,YouControl,Консалтинг,Work.ua,,,5,,,needs_verification,false,
youcontrol,YouControl,Консалтинг,Robota.ua,,,5,,,needs_verification,false,
youcontrol,YouControl,Консалтинг,Indeed,,,5,,,needs_verification,false,
youcontrol,YouControl,Консалтинг,Glassdoor,,,5,,,needs_verification,false,
yves-rocher-ukraine,Yves Rocher Ukraine,Ритейл,Google,,,5,,,needs_verification,false,
yves-rocher-ukraine,Yves Rocher Ukraine,Ритейл,Work.ua,,,5,,,needs_verification,false,
yves-rocher-ukraine,Yves Rocher Ukraine,Ритейл,Robota.ua,,,5,,,needs_verification,false,
zakaz-ua,Zakaz.ua,E-commerce,Google,,,5,,,needs_verification,false,
zakaz-ua,Zakaz.ua,E-commerce,Work.ua,,,5,,,needs_verification,false,
zakaz-ua,Zakaz.ua,E-commerce,Robota.ua,,,5,,,needs_verification,false,
zakaz-ua,Zakaz.ua,E-commerce,Indeed,,,5,,,needs_verification,false,
zakaz-ua,Zakaz.ua,E-commerce,Glassdoor,,,5,,,needs_verification,false,
zammler,Zammler,Логістика,Google,,,5,,,needs_verification,false,
zammler,Zammler,Логістика,Work.ua,,,5,,,needs_verification,false,
zammler,Zammler,Логістика,Robota.ua,,,5,,,needs_verification,false,
zara-ukraine,Zara Ukraine,Ритейл,Google,,,5,,,needs_verification,false,
zara-ukraine,Zara Ukraine,Ритейл,Work.ua,,,5,,,needs_verification,false,
zara-ukraine,Zara Ukraine,Ритейл,Robota.ua,,,5,,,needs_verification,false,
zernovita,Zernovita,Агро,Google,,,5,,,needs_verification,false,
zernovita,Zernovita,Агро,Work.ua,,,5,,,needs_verification,false,
zernovita,Zernovita,Агро,Robota.ua,,,5,,,needs_verification,false,
zone3000,ZONE3000,IT,Google,,,5,,,needs_verification,false,
zone3000,ZONE3000,IT,Work.ua,,,5,,,needs_verification,false,
zone3000,ZONE3000,IT,Robota.ua,,,5,,,needs_verification,false,
zone3000,ZONE3000,IT,DOU,,,5,,,needs_verification,false,
zone3000,ZONE3000,IT,Djinni,,,5,,,needs_verification,false,
zone3000,ZONE3000,IT,Indeed,,,5,,,needs_verification,false,
zone3000,ZONE3000,IT,Glassdoor,,,5,,,needs_verification,false,
avk,АВК,FMCG,Google,,,5,,,needs_verification,false,
avk,АВК,FMCG,Work.ua,,,5,,,needs_verification,false,
avk,АВК,FMCG,Robota.ua,,,5,,,needs_verification,false,
avk,АВК,FMCG,Indeed,,,5,,,needs_verification,false,
avk,АВК,FMCG,Glassdoor,,,5,,,needs_verification,false,
avrora,Аврора,Ритейл,Google,,,5,,,needs_verification,false,
avrora,Аврора,Ритейл,Work.ua,,,5,,,needs_verification,false,
avrora,Аврора,Ритейл,Robota.ua,,,5,,,needs_verification,false,
avtoliuks,Автолюкс,Логістика,Google,,,5,,,needs_verification,false,
avtoliuks,Автолюкс,Логістика,Work.ua,,,5,,,needs_verification,false,
avtoliuks,Автолюкс,Логістика,Robota.ua,,,5,,,needs_verification,false,
avtotreidynh,Автотрейдинг,Авто,Google,,,5,,,needs_verification,false,
avtotreidynh,Автотрейдинг,Авто,Work.ua,,,5,,,needs_verification,false,
avtotreidynh,Автотрейдинг,Авто,Robota.ua,,,5,,,needs_verification,false,
avtotreidynh,Автотрейдинг,Авто,Indeed,,,5,,,needs_verification,false,
avtotreidynh,Автотрейдинг,Авто,Glassdoor,,,5,,,needs_verification,false,
avtotsentr,Автоцентр,Авто,Google,,,5,,,needs_verification,false,
avtotsentr,Автоцентр,Авто,Work.ua,,,5,,,needs_verification,false,
avtotsentr,Автоцентр,Авто,Robota.ua,,,5,,,needs_verification,false,
avtotsentr,Автоцентр,Авто,Indeed,,,5,,,needs_verification,false,
avtotsentr,Автоцентр,Авто,Glassdoor,,,5,,,needs_verification,false,
ahro-rehion,Агро-Регіон,Агро,Google,,,5,,,needs_verification,false,
ahro-rehion,Агро-Регіон,Агро,Work.ua,,,5,,,needs_verification,false,
ahro-rehion,Агро-Регіон,Агро,Robota.ua,,,5,,,needs_verification,false,
ahrosem,Агросем,Агро,Google,,,5,,,needs_verification,false,
ahrosem,Агросем,Агро,Work.ua,,,5,,,needs_verification,false,
ahrosem,Агросем,Агро,Robota.ua,,,5,,,needs_verification,false,
ahrotekhsoiuz,Агротехсоюз,Агро,Google,,,5,,,needs_verification,false,
ahrotekhsoiuz,Агротехсоюз,Агро,Work.ua,,,5,,,needs_verification,false,
ahrotekhsoiuz,Агротехсоюз,Агро,Robota.ua,,,5,,,needs_verification,false,
administratsiia-morskykh-portiv-ukrainy,Адміністрація морських портів України,Державний сектор,Google,,,5,,,needs_verification,false,
administratsiia-morskykh-portiv-ukrainy,Адміністрація морських портів України,Державний сектор,Work.ua,,,5,,,needs_verification,false,
administratsiia-morskykh-portiv-ukrainy,Адміністрація морських портів України,Державний сектор,Robota.ua,,,5,,,needs_verification,false,
aerok,Аерок,Будівництво,Google,,,5,,,needs_verification,false,
aerok,Аерок,Будівництво,Work.ua,,,5,,,needs_verification,false,
aerok,Аерок,Будівництво,Robota.ua,,,5,,,needs_verification,false,
azovstal,Азовсталь,Металургія,Google,,,5,,,needs_verification,false,
azovstal,Азовсталь,Металургія,Work.ua,,,5,,,needs_verification,false,
azovstal,Азовсталь,Металургія,Robota.ua,,,5,,,needs_verification,false,
ais,АІС,Авто,Google,,,5,,,needs_verification,false,
ais,АІС,Авто,Work.ua,,,5,,,needs_verification,false,
ais,АІС,Авто,Robota.ua,,,5,,,needs_verification,false,
ais,АІС,Авто,Indeed,,,5,,,needs_verification,false,
ais,АІС,Авто,Glassdoor,,,5,,,needs_verification,false,
alan,Алан,FMCG,Google,,,5,,,needs_verification,false,
alan,Алан,FMCG,Work.ua,,,5,,,needs_verification,false,
alan,Алан,FMCG,Robota.ua,,,5,,,needs_verification,false,
alan,Алан,FMCG,Indeed,,,5,,,needs_verification,false,
alan,Алан,FMCG,Glassdoor,,,5,,,needs_verification,false,
allo,Алло,Ритейл,Google,,,5,,,needs_verification,false,
allo,Алло,Ритейл,Work.ua,,,5,,,needs_verification,false,
allo,Алло,Ритейл,Robota.ua,,,5,,,needs_verification,false,
alfa-strakhuvannia,Альфа Страхування,Страхування,Google,,,5,,,needs_verification,false,
alfa-strakhuvannia,Альфа Страхування,Страхування,Work.ua,,,5,,,needs_verification,false,
alfa-strakhuvannia,Альфа Страхування,Страхування,Robota.ua,,,5,,,needs_verification,false,
alfa-strakhuvannia,Альфа Страхування,Страхування,Indeed,,,5,,,needs_verification,false,
alfa-strakhuvannia,Альфа Страхування,Страхування,Glassdoor,,,5,,,needs_verification,false,
alians-bank,Альянс Банк,Банки і фінанси,Google,,,5,,,needs_verification,false,
alians-bank,Альянс Банк,Банки і фінанси,Work.ua,,,5,,,needs_verification,false,
alians-bank,Альянс Банк,Банки і фінанси,Robota.ua,,,5,,,needs_verification,false,
alians-bank,Альянс Банк,Банки і фінанси,Indeed,,,5,,,needs_verification,false,
alians-bank,Альянс Банк,Банки і фінанси,Glassdoor,,,5,,,needs_verification,false,
antonov,Антонов,Виробництво,Google,,,5,,,needs_verification,false,
antonov,Антонов,Виробництво,Work.ua,,,5,,,needs_verification,false,
antonov,Антонов,Виробництво,Robota.ua,,,5,,,needs_verification,false,
antoshka,Антошка,Ритейл,Google,,,5,,,needs_verification,false,
antoshka,Антошка,Ритейл,Work.ua,,,5,,,needs_verification,false,
antoshka,Антошка,Ритейл,Robota.ua,,,5,,,needs_verification,false,
ants,АНЦ,Аптеки,Google,,,5,,,needs_verification,false,
ants,АНЦ,Аптеки,Work.ua,,,5,,,needs_verification,false,
ants,АНЦ,Аптеки,Robota.ua,,,5,,,needs_verification,false,
apteka-911,Аптека 911,Фармацевтика,Google,,,5,,,needs_verification,false,
apteka-911,Аптека 911,Фармацевтика,Work.ua,,,5,,,needs_verification,false,
apteka-911,Аптека 911,Фармацевтика,Robota.ua,,,5,,,needs_verification,false,
apteka-911,Аптека 911,Фармацевтика,Indeed,,,5,,,needs_verification,false,
apteka-911,Аптека 911,Фармацевтика,Glassdoor,,,5,,,needs_verification,false,
apteka-ants,Аптека АНЦ,Фармацевтика,Google,,,5,,,needs_verification,false,
apteka-ants,Аптека АНЦ,Фармацевтика,Work.ua,,,5,,,needs_verification,false,
apteka-ants,Аптека АНЦ,Фармацевтика,Robota.ua,,,5,,,needs_verification,false,
apteka-ants,Аптека АНЦ,Фармацевтика,Indeed,,,5,,,needs_verification,false,
apteka-ants,Аптека АНЦ,Фармацевтика,Glassdoor,,,5,,,needs_verification,false,
apteka-dobroho-dnia,Аптека Доброго Дня,Фармацевтика,Google,,,5,,,needs_verification,false,
apteka-dobroho-dnia,Аптека Доброго Дня,Фармацевтика,Work.ua,,,5,,,needs_verification,false,
apteka-dobroho-dnia,Аптека Доброго Дня,Фармацевтика,Robota.ua,,,5,,,needs_verification,false,
apteka-dobroho-dnia,Аптека Доброго Дня,Фармацевтика,Indeed,,,5,,,needs_verification,false,
apteka-dobroho-dnia,Аптека Доброго Дня,Фармацевтика,Glassdoor,,,5,,,needs_verification,false,
apteka-kopiika,Аптека Копійка,Фармацевтика,Google,,,5,,,needs_verification,false,
apteka-kopiika,Аптека Копійка,Фармацевтика,Work.ua,,,5,,,needs_verification,false,
apteka-kopiika,Аптека Копійка,Фармацевтика,Robota.ua,,,5,,,needs_verification,false,
apteka-kopiika,Аптека Копійка,Фармацевтика,Indeed,,,5,,,needs_verification,false,
apteka-kopiika,Аптека Копійка,Фармацевтика,Glassdoor,,,5,,,needs_verification,false,
apteka-nyzkykh-tsin,Аптека низьких цін,Фармацевтика,Google,,,5,,,needs_verification,false,
apteka-nyzkykh-tsin,Аптека низьких цін,Фармацевтика,Work.ua,,,5,,,needs_verification,false,
apteka-nyzkykh-tsin,Аптека низьких цін,Фармацевтика,Robota.ua,,,5,,,needs_verification,false,
apteka-nyzkykh-tsin,Аптека низьких цін,Фармацевтика,Indeed,,,5,,,needs_verification,false,
apteka-nyzkykh-tsin,Аптека низьких цін,Фармацевтика,Glassdoor,,,5,,,needs_verification,false,
arcelormittal-kryvyi-rih,АрселорМіттал Кривий Ріг,Металургія,Google,,,5,,,needs_verification,false,
arcelormittal-kryvyi-rih,АрселорМіттал Кривий Ріг,Металургія,Work.ua,,,5,,,needs_verification,false,
arcelormittal-kryvyi-rih,АрселорМіттал Кривий Ріг,Металургія,Robota.ua,,,5,,,needs_verification,false,
arsenal-bezpeky,Арсенал Безпеки,Безпека,Google,,,5,,,needs_verification,false,
arsenal-bezpeky,Арсенал Безпеки,Безпека,Work.ua,,,5,,,needs_verification,false,
arsenal-bezpeky,Арсенал Безпеки,Безпека,Robota.ua,,,5,,,needs_verification,false,
arsenal-strakhuvannia,Арсенал Страхування,Страхування,Google,,,5,,,needs_verification,false,
arsenal-strakhuvannia,Арсенал Страхування,Страхування,Work.ua,,,5,,,needs_verification,false,
arsenal-strakhuvannia,Арсенал Страхування,Страхування,Robota.ua,,,5,,,needs_verification,false,
arsenal-strakhuvannia,Арсенал Страхування,Страхування,Indeed,,,5,,,needs_verification,false,
arsenal-strakhuvannia,Арсенал Страхування,Страхування,Glassdoor,,,5,,,needs_verification,false,
arterium,Артеріум,Фармацевтика,Google,,,5,,,needs_verification,false,
arterium,Артеріум,Фармацевтика,Work.ua,,,5,,,needs_verification,false,
arterium,Артеріум,Фармацевтика,Robota.ua,,,5,,,needs_verification,false,
arterium,Артеріум,Фармацевтика,Indeed,,,5,,,needs_verification,false,
arterium,Артеріум,Фармацевтика,Glassdoor,,,5,,,needs_verification,false,
asvio-bank,Асвіо Банк,Банки і фінанси,Google,,,5,,,needs_verification,false,
asvio-bank,Асвіо Банк,Банки і фінанси,Work.ua,,,5,,,needs_verification,false,
asvio-bank,Асвіо Банк,Банки і фінанси,Robota.ua,,,5,,,needs_verification,false,
asvio-bank,Асвіо Банк,Банки і фінанси,Indeed,,,5,,,needs_verification,false,
asvio-bank,Асвіо Банк,Банки і фінанси,Glassdoor,,,5,,,needs_verification,false,
astarta,Астарта,FMCG,Google,,,5,,,needs_verification,false,
astarta,Астарта,FMCG,Work.ua,,,5,,,needs_verification,false,
astarta,Астарта,FMCG,Robota.ua,,,5,,,needs_verification,false,
astarta,Астарта,FMCG,Indeed,,,5,,,needs_verification,false,
astarta,Астарта,FMCG,Glassdoor,,,5,,,needs_verification,false,
astarta-kyiv,Астарта-Київ,Агро,Google,,,5,,,needs_verification,false,
astarta-kyiv,Астарта-Київ,Агро,Work.ua,,,5,,,needs_verification,false,
astarta-kyiv,Астарта-Київ,Агро,Robota.ua,,,5,,,needs_verification,false,
atb,АТБ,Ритейл,Google,,,5,,,needs_verification,false,
atb,АТБ,Ритейл,Work.ua,,,5,,,needs_verification,false,
atb,АТБ,Ритейл,Robota.ua,,,5,,,needs_verification,false,
atlant-m,Атлант-М,Авто,Google,,,5,,,needs_verification,false,
atlant-m,Атлант-М,Авто,Work.ua,,,5,,,needs_verification,false,
atlant-m,Атлант-М,Авто,Robota.ua,,,5,,,needs_verification,false,
atlant-m,Атлант-М,Авто,Indeed,,,5,,,needs_verification,false,
atlant-m,Атлант-М,Авто,Glassdoor,,,5,,,needs_verification,false,
ashan,Ашан,Роздрібна торгівля,Google,,,5,,,needs_verification,false,
ashan,Ашан,Роздрібна торгівля,Work.ua,,,5,,,needs_verification,false,
ashan,Ашан,Роздрібна торгівля,Robota.ua,,,5,,,needs_verification,false,
ashan-ukraina,Ашан Україна,Ритейл,Google,,,5,,,needs_verification,false,
ashan-ukraina,Ашан Україна,Ритейл,Work.ua,,,5,,,needs_verification,false,
ashan-ukraina,Ашан Україна,Ритейл,Robota.ua,,,5,,,needs_verification,false,
aiaks-okhorona,Аякс Охорона,Безпека,Google,,,5,,,needs_verification,false,
aiaks-okhorona,Аякс Охорона,Безпека,Work.ua,,,5,,,needs_verification,false,
aiaks-okhorona,Аякс Охорона,Безпека,Robota.ua,,,5,,,needs_verification,false,
babel,Бабель,Media,Google,,,5,,,needs_verification,false,
babel,Бабель,Media,Work.ua,,,5,,,needs_verification,false,
babel,Бабель,Media,Robota.ua,,,5,,,needs_verification,false,
babel,Бабель,Media,Indeed,,,5,,,needs_verification,false,
babel,Бабель,Media,Glassdoor,,,5,,,needs_verification,false,
bazhaemo-zdorovia,Бажаємо здоров'я,Фармацевтика,Google,,,5,,,needs_verification,false,
bazhaemo-zdorovia,Бажаємо здоров'я,Фармацевтика,Work.ua,,,5,,,needs_verification,false,
bazhaemo-zdorovia,Бажаємо здоров'я,Фармацевтика,Robota.ua,,,5,,,needs_verification,false,
bazhaemo-zdorovia,Бажаємо здоров'я,Фармацевтика,Indeed,,,5,,,needs_verification,false,
bazhaemo-zdorovia,Бажаємо здоров'я,Фармацевтика,Glassdoor,,,5,,,needs_verification,false,
bazhaiemo-zdorov-ia,Бажаємо здоровʼя,Аптеки,Google,,,5,,,needs_verification,false,
bazhaiemo-zdorov-ia,Бажаємо здоровʼя,Аптеки,Work.ua,,,5,,,needs_verification,false,
bazhaiemo-zdorov-ia,Бажаємо здоровʼя,Аптеки,Robota.ua,,,5,,,needs_verification,false,
bank-vostok,Банк Восток,Банки і фінанси,Google,,,5,,,needs_verification,false,
bank-vostok,Банк Восток,Банки і фінанси,Work.ua,,,5,,,needs_verification,false,
bank-vostok,Банк Восток,Банки і фінанси,Robota.ua,,,5,,,needs_verification,false,
bank-vostok,Банк Восток,Банки і фінанси,Indeed,,,5,,,needs_verification,false,
bank-vostok,Банк Восток,Банки і фінанси,Glassdoor,,,5,,,needs_verification,false,
bank-hrant,Банк Грант,Банки і фінанси,Google,,,5,,,needs_verification,false,
bank-hrant,Банк Грант,Банки і фінанси,Work.ua,,,5,,,needs_verification,false,
bank-hrant,Банк Грант,Банки і фінанси,Robota.ua,,,5,,,needs_verification,false,
bank-hrant,Банк Грант,Банки і фінанси,Indeed,,,5,,,needs_verification,false,
bank-hrant,Банк Грант,Банки і фінанси,Glassdoor,,,5,,,needs_verification,false,
bank-klirynhovyi-dim,Банк Кліринговий Дім,Банки і фінанси,Google,,,5,,,needs_verification,false,
bank-klirynhovyi-dim,Банк Кліринговий Дім,Банки і фінанси,Work.ua,,,5,,,needs_verification,false,
bank-klirynhovyi-dim,Банк Кліринговий Дім,Банки і фінанси,Robota.ua,,,5,,,needs_verification,false,
bank-klirynhovyi-dim,Банк Кліринговий Дім,Банки і фінанси,Indeed,,,5,,,needs_verification,false,
bank-klirynhovyi-dim,Банк Кліринговий Дім,Банки і фінанси,Glassdoor,,,5,,,needs_verification,false,
bank-lviv,Банк Львів,Банки і фінанси,Google,,,5,,,needs_verification,false,
bank-lviv,Банк Львів,Банки і фінанси,Work.ua,,,5,,,needs_verification,false,
bank-lviv,Банк Львів,Банки і фінанси,Robota.ua,,,5,,,needs_verification,false,
bank-lviv,Банк Львів,Банки і фінанси,Indeed,,,5,,,needs_verification,false,
bank-lviv,Банк Львів,Банки і фінанси,Glassdoor,,,5,,,needs_verification,false,
bank-pivdennyi,Банк Південний,Банки і фінанси,Google,,,5,,,needs_verification,false,
bank-pivdennyi,Банк Південний,Банки і фінанси,Work.ua,,,5,,,needs_verification,false,
bank-pivdennyi,Банк Південний,Банки і фінанси,Robota.ua,,,5,,,needs_verification,false,
bank-pivdennyi,Банк Південний,Банки і фінанси,Indeed,,,5,,,needs_verification,false,
bank-pivdennyi,Банк Південний,Банки і фінанси,Glassdoor,,,5,,,needs_verification,false,
bashchynskyi,Бащинський,FMCG,Google,,,5,,,needs_verification,false,
bashchynskyi,Бащинський,FMCG,Work.ua,,,5,,,needs_verification,false,
bashchynskyi,Бащинський,FMCG,Robota.ua,,,5,,,needs_verification,false,
bashchynskyi,Бащинський,FMCG,Indeed,,,5,,,needs_verification,false,
bashchynskyi,Бащинський,FMCG,Glassdoor,,,5,,,needs_verification,false,
beton-kompleks,Бетон Комплекс,Будівництво,Google,,,5,,,needs_verification,false,
beton-kompleks,Бетон Комплекс,Будівництво,Work.ua,,,5,,,needs_verification,false,
beton-kompleks,Бетон Комплекс,Будівництво,Robota.ua,,,5,,,needs_verification,false,
bilotserkivmaz,БілоцерківМАЗ,Виробництво,Google,,,5,,,needs_verification,false,
bilotserkivmaz,БілоцерківМАЗ,Виробництво,Work.ua,,,5,,,needs_verification,false,
bilotserkivmaz,БілоцерківМАЗ,Виробництво,Robota.ua,,,5,,,needs_verification,false,
biosfera,Біосфера,Виробництво,Google,,,5,,,needs_verification,false,
biosfera,Біосфера,Виробництво,Work.ua,,,5,,,needs_verification,false,
biosfera,Біосфера,Виробництво,Robota.ua,,,5,,,needs_verification,false,
biofarma,Біофарма,Фармацевтика,Google,,,5,,,needs_verification,false,
biofarma,Біофарма,Фармацевтика,Work.ua,,,5,,,needs_verification,false,
biofarma,Біофарма,Фармацевтика,Robota.ua,,,5,,,needs_verification,false,
biofarma,Біофарма,Фармацевтика,Indeed,,,5,,,needs_verification,false,
biofarma,Біофарма,Фармацевтика,Glassdoor,,,5,,,needs_verification,false,
blyzenko,Близенько,Ритейл,Google,,,5,,,needs_verification,false,
blyzenko,Близенько,Ритейл,Work.ua,,,5,,,needs_verification,false,
blyzenko,Близенько,Ритейл,Robota.ua,,,5,,,needs_verification,false,
bohdan,Богдан,Виробництво,Google,,,5,,,needs_verification,false,
bohdan,Богдан,Виробництво,Work.ua,,,5,,,needs_verification,false,
bohdan,Богдан,Виробництво,Robota.ua,,,5,,,needs_verification,false,
bohdan-avto,Богдан-Авто,Авто,Google,,,5,,,needs_verification,false,
bohdan-avto,Богдан-Авто,Авто,Work.ua,,,5,,,needs_verification,false,
bohdan-avto,Богдан-Авто,Авто,Robota.ua,,,5,,,needs_verification,false,
bohdan-avto,Богдан-Авто,Авто,Indeed,,,5,,,needs_verification,false,
bohdan-avto,Богдан-Авто,Авто,Glassdoor,,,5,,,needs_verification,false,
borys,Борис,Медицина,Google,,,5,,,needs_verification,false,
borys,Борис,Медицина,Work.ua,,,5,,,needs_verification,false,
borys,Борис,Медицина,Robota.ua,,,5,,,needs_verification,false,
borys,Борис,Медицина,Indeed,,,5,,,needs_verification,false,
borys,Борис,Медицина,Glassdoor,,,5,,,needs_verification,false,
boryspil,Бориспіль,Державний сектор,Google,,,5,,,needs_verification,false,
boryspil,Бориспіль,Державний сектор,Work.ua,,,5,,,needs_verification,false,
boryspil,Бориспіль,Державний сектор,Robota.ua,,,5,,,needs_verification,false,
borshchahivskyi-khfz,Борщагівський ХФЗ,Фармацевтика,Google,,,5,,,needs_verification,false,
borshchahivskyi-khfz,Борщагівський ХФЗ,Фармацевтика,Work.ua,,,5,,,needs_verification,false,
borshchahivskyi-khfz,Борщагівський ХФЗ,Фармацевтика,Robota.ua,,,5,,,needs_verification,false,
borshchahivskyi-khfz,Борщагівський ХФЗ,Фармацевтика,Indeed,,,5,,,needs_verification,false,
borshchahivskyi-khfz,Борщагівський ХФЗ,Фармацевтика,Glassdoor,,,5,,,needs_verification,false,
brokbiznes-strakhuvannia,Брокбізнес Страхування,Страхування,Google,,,5,,,needs_verification,false,
brokbiznes-strakhuvannia,Брокбізнес Страхування,Страхування,Work.ua,,,5,,,needs_verification,false,
brokbiznes-strakhuvannia,Брокбізнес Страхування,Страхування,Robota.ua,,,5,,,needs_verification,false,
brokbiznes-strakhuvannia,Брокбізнес Страхування,Страхування,Indeed,,,5,,,needs_verification,false,
brokbiznes-strakhuvannia,Брокбізнес Страхування,Страхування,Glassdoor,,,5,,,needs_verification,false,
brsm,БРСМ,АЗС і авто,Google,,,5,,,needs_verification,false,
brsm,БРСМ,АЗС і авто,Work.ua,,,5,,,needs_verification,false,
brsm,БРСМ,АЗС і авто,Robota.ua,,,5,,,needs_verification,false,
brsm-nafta,БРСМ-Нафта,АЗС,Google,,,5,,,needs_verification,false,
brsm-nafta,БРСМ-Нафта,АЗС,Work.ua,,,5,,,needs_verification,false,
brsm-nafta,БРСМ-Нафта,АЗС,Robota.ua,,,5,,,needs_verification,false,
budynok-ihrashok,Будинок Іграшок,Ритейл,Google,,,5,,,needs_verification,false,
budynok-ihrashok,Будинок Іграшок,Ритейл,Work.ua,,,5,,,needs_verification,false,
budynok-ihrashok,Будинок Іграшок,Ритейл,Robota.ua,,,5,,,needs_verification,false,
velmart,Велмарт,Ритейл,Google,,,5,,,needs_verification,false,
velmart,Велмарт,Ритейл,Work.ua,,,5,,,needs_verification,false,
velmart,Велмарт,Ритейл,Robota.ua,,,5,,,needs_verification,false,
veres,Верес,FMCG,Google,,,5,,,needs_verification,false,
veres,Верес,FMCG,Work.ua,,,5,,,needs_verification,false,
veres,Верес,FMCG,Robota.ua,,,5,,,needs_verification,false,
veres,Верес,FMCG,Indeed,,,5,,,needs_verification,false,
veres,Верес,FMCG,Glassdoor,,,5,,,needs_verification,false,
vinnytsiaoblenerho,Вінницяобленерго,Енергетика,Google,,,5,,,needs_verification,false,
vinnytsiaoblenerho,Вінницяобленерго,Енергетика,Work.ua,,,5,,,needs_verification,false,
vinnytsiaoblenerho,Вінницяобленерго,Енергетика,Robota.ua,,,5,,,needs_verification,false,
voloshkove-pole,Волошкове поле,FMCG,Google,,,5,,,needs_verification,false,
voloshkove-pole,Волошкове поле,FMCG,Work.ua,,,5,,,needs_verification,false,
voloshkove-pole,Волошкове поле,FMCG,Robota.ua,,,5,,,needs_verification,false,
voloshkove-pole,Волошкове поле,FMCG,Indeed,,,5,,,needs_verification,false,
voloshkove-pole,Волошкове поле,FMCG,Glassdoor,,,5,,,needs_verification,false,
vseosvita,Всеосвіта,Освіта,Google,,,5,,,needs_verification,false,
vseosvita,Всеосвіта,Освіта,Work.ua,,,5,,,needs_verification,false,
vseosvita,Всеосвіта,Освіта,Robota.ua,,,5,,,needs_verification,false,
halychyna,Галичина,FMCG,Google,,,5,,,needs_verification,false,
halychyna,Галичина,FMCG,Work.ua,,,5,,,needs_verification,false,
halychyna,Галичина,FMCG,Robota.ua,,,5,,,needs_verification,false,
halychyna,Галичина,FMCG,Indeed,,,5,,,needs_verification,false,
halychyna,Галичина,FMCG,Glassdoor,,,5,,,needs_verification,false,
hepard,Гепард,Безпека,Google,,,5,,,needs_verification,false,
hepard,Гепард,Безпека,Work.ua,,,5,,,needs_verification,false,
hepard,Гепард,Безпека,Robota.ua,,,5,,,needs_verification,false,
hledfarm,Гледфарм,Фармацевтика,Google,,,5,,,needs_verification,false,
hledfarm,Гледфарм,Фармацевтика,Work.ua,,,5,,,needs_verification,false,
hledfarm,Гледфарм,Фармацевтика,Robota.ua,,,5,,,needs_verification,false,
hledfarm,Гледфарм,Фармацевтика,Indeed,,,5,,,needs_verification,false,
hledfarm,Гледфарм,Фармацевтика,Glassdoor,,,5,,,needs_verification,false,
hlobyno,Глобино,FMCG,Google,,,5,,,needs_verification,false,
hlobyno,Глобино,FMCG,Work.ua,,,5,,,needs_verification,false,
hlobyno,Глобино,FMCG,Robota.ua,,,5,,,needs_verification,false,
hlobyno,Глобино,FMCG,Indeed,,,5,,,needs_verification,false,
hlobyno,Глобино,FMCG,Glassdoor,,,5,,,needs_verification,false,
hlobus-bank,Глобус Банк,Банки і фінанси,Google,,,5,,,needs_verification,false,
hlobus-bank,Глобус Банк,Банки і фінанси,Work.ua,,,5,,,needs_verification,false,
hlobus-bank,Глобус Банк,Банки і фінанси,Robota.ua,,,5,,,needs_verification,false,
hlobus-bank,Глобус Банк,Банки і фінанси,Indeed,,,5,,,needs_verification,false,
hlobus-bank,Глобус Банк,Банки і фінанси,Glassdoor,,,5,,,needs_verification,false,
hlobus-strakhuvannia,Глобус Страхування,Страхування,Google,,,5,,,needs_verification,false,
hlobus-strakhuvannia,Глобус Страхування,Страхування,Work.ua,,,5,,,needs_verification,false,
hlobus-strakhuvannia,Глобус Страхування,Страхування,Robota.ua,,,5,,,needs_verification,false,
hlobus-strakhuvannia,Глобус Страхування,Страхування,Indeed,,,5,,,needs_verification,false,
hlobus-strakhuvannia,Глобус Страхування,Страхування,Glassdoor,,,5,,,needs_verification,false,
hospodarochka,Господарочка,Побутові послуги,Google,,,5,,,needs_verification,false,
hospodarochka,Господарочка,Побутові послуги,Work.ua,,,5,,,needs_verification,false,
hospodarochka,Господарочка,Побутові послуги,Robota.ua,,,5,,,needs_verification,false,
darnytsia,Дарниця,Фармацевтика,Google,,,5,,,needs_verification,false,
darnytsia,Дарниця,Фармацевтика,Work.ua,,,5,,,needs_verification,false,
darnytsia,Дарниця,Фармацевтика,Robota.ua,,,5,,,needs_verification,false,
darnytsia,Дарниця,Фармацевтика,Indeed,,,5,,,needs_verification,false,
darnytsia,Дарниця,Фармацевтика,Glassdoor,,,5,,,needs_verification,false,
delvi,Делві,Ритейл,Google,,,5,,,needs_verification,false,
delvi,Делві,Ритейл,Work.ua,,,5,,,needs_verification,false,
delvi,Делві,Ритейл,Robota.ua,,,5,,,needs_verification,false,
delfast,Делфаст,Логістика і доставка,Google,,,5,,,needs_verification,false,
delfast,Делфаст,Логістика і доставка,Work.ua,,,5,,,needs_verification,false,
delfast,Делфаст,Логістика і доставка,Robota.ua,,,5,,,needs_verification,false,
derzhavna-mytna-sluzhba-ukrainy,Державна митна служба України,Державний сектор,Google,,,5,,,needs_verification,false,
derzhavna-mytna-sluzhba-ukrainy,Державна митна служба України,Державний сектор,Work.ua,,,5,,,needs_verification,false,
derzhavna-mytna-sluzhba-ukrainy,Державна митна служба України,Державний сектор,Robota.ua,,,5,,,needs_verification,false,
derzhavna-podatkova-sluzhba-ukrainy,Державна податкова служба України,Державний сектор,Google,,,5,,,needs_verification,false,
derzhavna-podatkova-sluzhba-ukrainy,Державна податкова служба України,Державний сектор,Work.ua,,,5,,,needs_verification,false,
derzhavna-podatkova-sluzhba-ukrainy,Державна податкова служба України,Державний сектор,Robota.ua,,,5,,,needs_verification,false,
derzhavnyi-oshchadnyi-bank-ukrainy,Державний ощадний банк України,Державний сектор,Google,,,5,,,needs_verification,false,
derzhavnyi-oshchadnyi-bank-ukrainy,Державний ощадний банк України,Державний сектор,Work.ua,,,5,,,needs_verification,false,
derzhavnyi-oshchadnyi-bank-ukrainy,Державний ощадний банк України,Державний сектор,Robota.ua,,,5,,,needs_verification,false,
dila,Діла,Медицина,Google,,,5,,,needs_verification,false,
dila,Діла,Медицина,Work.ua,,,5,,,needs_verification,false,
dila,Діла,Медицина,Robota.ua,,,5,,,needs_verification,false,
dila,Діла,Медицина,Indeed,,,5,,,needs_verification,false,
dila,Діла,Медицина,Glassdoor,,,5,,,needs_verification,false,
diia,Дія,Державний сектор,Google,,,5,,,needs_verification,false,
diia,Дія,Державний сектор,Work.ua,,,5,,,needs_verification,false,
diia,Дія,Державний сектор,Robota.ua,,,5,,,needs_verification,false,
dniprovska-politekhnika,Дніпровська політехніка,Освіта,Google,,,5,,,needs_verification,false,
dniprovska-politekhnika,Дніпровська політехніка,Освіта,Work.ua,,,5,,,needs_verification,false,
dniprovska-politekhnika,Дніпровська політехніка,Освіта,Robota.ua,,,5,,,needs_verification,false,
dniprovskyi-metalurhiinyi-zavod,Дніпровський металургійний завод,Металургія,Google,,,5,,,needs_verification,false,
dniprovskyi-metalurhiinyi-zavod,Дніпровський металургійний завод,Металургія,Work.ua,,,5,,,needs_verification,false,
dniprovskyi-metalurhiinyi-zavod,Дніпровський металургійний завод,Металургія,Robota.ua,,,5,,,needs_verification,false,
dniprovski-elektromerezhi,Дніпровські електромережі,Енергетика,Google,,,5,,,needs_verification,false,
dniprovski-elektromerezhi,Дніпровські електромережі,Енергетика,Work.ua,,,5,,,needs_verification,false,
dniprovski-elektromerezhi,Дніпровські електромережі,Енергетика,Robota.ua,,,5,,,needs_verification,false,
dniprospetsstal,Дніпроспецсталь,Металургія,Google,,,5,,,needs_verification,false,
dniprospetsstal,Дніпроспецсталь,Металургія,Work.ua,,,5,,,needs_verification,false,
dniprospetsstal,Дніпроспецсталь,Металургія,Robota.ua,,,5,,,needs_verification,false,
dobrobut,Добробут,Медицина,Google,,,5,,,needs_verification,false,
dobrobut,Добробут,Медицина,Work.ua,,,5,,,needs_verification,false,
dobrobut,Добробут,Медицина,Robota.ua,,,5,,,needs_verification,false,
dobrobut,Добробут,Медицина,Indeed,,,5,,,needs_verification,false,
dobrobut,Добробут,Медицина,Glassdoor,,,5,,,needs_verification,false,
domova-sluzhba,Домова служба,Побутові послуги,Google,,,5,,,needs_verification,false,
domova-sluzhba,Домова служба,Побутові послуги,Work.ua,,,5,,,needs_verification,false,
domova-sluzhba,Домова служба,Побутові послуги,Robota.ua,,,5,,,needs_verification,false,
dp-medychni-zakupivli-ukrainy,ДП Медичні закупівлі України,Державний сектор,Google,,,5,,,needs_verification,false,
dp-medychni-zakupivli-ukrainy,ДП Медичні закупівлі України,Державний сектор,Work.ua,,,5,,,needs_verification,false,
dp-medychni-zakupivli-ukrainy,ДП Медичні закупівлі України,Державний сектор,Robota.ua,,,5,,,needs_verification,false,
dtek,ДТЕК,Енергетика,Google,,,5,,,needs_verification,false,
dtek,ДТЕК,Енергетика,Work.ua,,,5,,,needs_verification,false,
dtek,ДТЕК,Енергетика,Robota.ua,,,5,,,needs_verification,false,
dtek-vde,ДТЕК ВДЕ,Енергетика,Google,,,5,,,needs_verification,false,
dtek-vde,ДТЕК ВДЕ,Енергетика,Work.ua,,,5,,,needs_verification,false,
dtek-vde,ДТЕК ВДЕ,Енергетика,Robota.ua,,,5,,,needs_verification,false,
dtek-kyivski-elektromerezhi,ДТЕК Київські електромережі,Енергетика,Google,,,5,,,needs_verification,false,
dtek-kyivski-elektromerezhi,ДТЕК Київські електромережі,Енергетика,Work.ua,,,5,,,needs_verification,false,
dtek-kyivski-elektromerezhi,ДТЕК Київські електромережі,Енергетика,Robota.ua,,,5,,,needs_verification,false,
eko-market,ЕКО Маркет,Ритейл,Google,,,5,,,needs_verification,false,
eko-market,ЕКО Маркет,Ритейл,Work.ua,,,5,,,needs_verification,false,
eko-market,ЕКО Маркет,Ритейл,Robota.ua,,,5,,,needs_verification,false,
ekspres-strakhuvannia,Експрес Страхування,Страхування,Google,,,5,,,needs_verification,false,
ekspres-strakhuvannia,Експрес Страхування,Страхування,Work.ua,,,5,,,needs_verification,false,
ekspres-strakhuvannia,Експрес Страхування,Страхування,Robota.ua,,,5,,,needs_verification,false,
ekspres-strakhuvannia,Експрес Страхування,Страхування,Indeed,,,5,,,needs_verification,false,
ekspres-strakhuvannia,Експрес Страхування,Страхування,Glassdoor,,,5,,,needs_verification,false,
elektrovazhmash,Електроважмаш,Виробництво,Google,,,5,,,needs_verification,false,
elektrovazhmash,Електроважмаш,Виробництво,Work.ua,,,5,,,needs_verification,false,
elektrovazhmash,Електроважмаш,Виробництво,Robota.ua,,,5,,,needs_verification,false,
elektrokontakt-ukraina,Електроконтакт Україна,Виробництво,Google,,,5,,,needs_verification,false,
elektrokontakt-ukraina,Електроконтакт Україна,Виробництво,Work.ua,,,5,,,needs_verification,false,
elektrokontakt-ukraina,Електроконтакт Україна,Виробництво,Robota.ua,,,5,,,needs_verification,false,
elektronmash,Електронмаш,Виробництво,Google,,,5,,,needs_verification,false,
elektronmash,Електронмаш,Виробництво,Work.ua,,,5,,,needs_verification,false,
elektronmash,Електронмаш,Виробництво,Robota.ua,,,5,,,needs_verification,false,
enerhoatom,Енергоатом,Енергетика,Google,,,5,,,needs_verification,false,
enerhoatom,Енергоатом,Енергетика,Work.ua,,,5,,,needs_verification,false,
enerhoatom,Енергоатом,Енергетика,Robota.ua,,,5,,,needs_verification,false,
enran,Енран,Виробництво,Google,,,5,,,needs_verification,false,
enran,Енран,Виробництво,Work.ua,,,5,,,needs_verification,false,
enran,Енран,Виробництво,Robota.ua,,,5,,,needs_verification,false,
epitsentr,Епіцентр,Ритейл,Google,,,5,,,needs_verification,false,
epitsentr,Епіцентр,Ритейл,Work.ua,,,5,,,needs_verification,false,
epitsentr,Епіцентр,Ритейл,Robota.ua,,,5,,,needs_verification,false,
epicentr,Епіцентр К,Ритейл (будівельний),Google,,,5,,,needs_verification,false,
epicentr,Епіцентр К,Ритейл (будівельний),Work.ua,,,5,,,needs_verification,false,
epicentr,Епіцентр К,Ритейл (будівельний),Robota.ua,,,5,,,needs_verification,false,
eskulab,Ескулаб,Медицина,Google,,,5,,,needs_verification,false,
eskulab,Ескулаб,Медицина,Work.ua,,,5,,,needs_verification,false,
eskulab,Ескулаб,Медицина,Robota.ua,,,5,,,needs_verification,false,
eskulab,Ескулаб,Медицина,Indeed,,,5,,,needs_verification,false,
eskulab,Ескулаб,Медицина,Glassdoor,,,5,,,needs_verification,false,
espreso-tv,Еспресо TV,Media,Google,,,5,,,needs_verification,false,
espreso-tv,Еспресо TV,Media,Work.ua,,,5,,,needs_verification,false,
espreso-tv,Еспресо TV,Media,Robota.ua,,,5,,,needs_verification,false,
espreso-tv,Еспресо TV,Media,Indeed,,,5,,,needs_verification,false,
espreso-tv,Еспресо TV,Media,Glassdoor,,,5,,,needs_verification,false,
ievraziia,Євразія,HoReCa,Google,,,5,,,needs_verification,false,
ievraziia,Євразія,HoReCa,Work.ua,,,5,,,needs_verification,false,
ievraziia,Євразія,HoReCa,Robota.ua,,,5,,,needs_verification,false,
ievraziia,Євразія,HoReCa,Indeed,,,5,,,needs_verification,false,
ievraziia,Євразія,HoReCa,Glassdoor,,,5,,,needs_verification,false,
ievropeiskyi-strakhovyi-alians,Європейський страховий альянс,Страхування,Google,,,5,,,needs_verification,false,
ievropeiskyi-strakhovyi-alians,Європейський страховий альянс,Страхування,Work.ua,,,5,,,needs_verification,false,
ievropeiskyi-strakhovyi-alians,Європейський страховий альянс,Страхування,Robota.ua,,,5,,,needs_verification,false,
ievropeiskyi-strakhovyi-alians,Європейський страховий альянс,Страхування,Indeed,,,5,,,needs_verification,false,
ievropeiskyi-strakhovyi-alians,Європейський страховий альянс,Страхування,Glassdoor,,,5,,,needs_verification,false,
zhytomyrski-lasoshchi,Житомирські ласощі,FMCG,Google,,,5,,,needs_verification,false,
zhytomyrski-lasoshchi,Житомирські ласощі,FMCG,Work.ua,,,5,,,needs_verification,false,
zhytomyrski-lasoshchi,Житомирські ласощі,FMCG,Robota.ua,,,5,,,needs_verification,false,
zhytomyrski-lasoshchi,Житомирські ласощі,FMCG,Indeed,,,5,,,needs_verification,false,
zhytomyrski-lasoshchi,Житомирські ласощі,FMCG,Glassdoor,,,5,,,needs_verification,false,
zavod-kobzarenka,Завод Кобзаренка,Виробництво,Google,,,5,,,needs_verification,false,
zavod-kobzarenka,Завод Кобзаренка,Виробництво,Work.ua,,,5,,,needs_verification,false,
zavod-kobzarenka,Завод Кобзаренка,Виробництво,Robota.ua,,,5,,,needs_verification,false,
zakarpattiaoblenerho,Закарпаттяобленерго,Енергетика,Google,,,5,,,needs_verification,false,
zakarpattiaoblenerho,Закарпаттяобленерго,Енергетика,Work.ua,,,5,,,needs_verification,false,
zakarpattiaoblenerho,Закарпаттяобленерго,Енергетика,Robota.ua,,,5,,,needs_verification,false,
zaporizhzhiaoblenerho,Запоріжжяобленерго,Енергетика,Google,,,5,,,needs_verification,false,
zaporizhzhiaoblenerho,Запоріжжяобленерго,Енергетика,Work.ua,,,5,,,needs_verification,false,
zaporizhzhiaoblenerho,Запоріжжяобленерго,Енергетика,Robota.ua,,,5,,,needs_verification,false,
zaporizhstal,Запоріжсталь,Металургія,Google,,,5,,,needs_verification,false,
zaporizhstal,Запоріжсталь,Металургія,Work.ua,,,5,,,needs_verification,false,
zaporizhstal,Запоріжсталь,Металургія,Robota.ua,,,5,,,needs_verification,false,
zveny-hora,Звени Гора,FMCG,Google,,,5,,,needs_verification,false,
zveny-hora,Звени Гора,FMCG,Work.ua,,,5,,,needs_verification,false,
zveny-hora,Звени Гора,FMCG,Robota.ua,,,5,,,needs_verification,false,
zveny-hora,Звени Гора,FMCG,Indeed,,,5,,,needs_verification,false,
zveny-hora,Звени Гора,FMCG,Glassdoor,,,5,,,needs_verification,false,
zolotyi-mandaryn,Золотий Мандарин,Будівництво,Google,,,5,,,needs_verification,false,
zolotyi-mandaryn,Золотий Мандарин,Будівництво,Work.ua,,,5,,,needs_verification,false,
zolotyi-mandaryn,Золотий Мандарин,Будівництво,Robota.ua,,,5,,,needs_verification,false,
zooliuks,Зоолюкс,Побутові послуги,Google,,,5,,,needs_verification,false,
zooliuks,Зоолюкс,Побутові послуги,Work.ua,,,5,,,needs_verification,false,
zooliuks,Зоолюкс,Побутові послуги,Robota.ua,,,5,,,needs_verification,false,
idea-bank,Ідея Банк,Банки і фінанси,Google,,,5,,,needs_verification,false,
idea-bank,Ідея Банк,Банки і фінанси,Work.ua,,,5,,,needs_verification,false,
idea-bank,Ідея Банк,Банки і фінанси,Robota.ua,,,5,,,needs_verification,false,
idea-bank,Ідея Банк,Банки і фінанси,Indeed,,,5,,,needs_verification,false,
idea-bank,Ідея Банк,Банки і фінанси,Glassdoor,,,5,,,needs_verification,false,
inho,ІНГО,Страхування,Google,,,5,,,needs_verification,false,
inho,ІНГО,Страхування,Work.ua,,,5,,,needs_verification,false,
inho,ІНГО,Страхування,Robota.ua,,,5,,,needs_verification,false,
inho,ІНГО,Страхування,Indeed,,,5,,,needs_verification,false,
inho,ІНГО,Страхування,Glassdoor,,,5,,,needs_verification,false,
instytut-sertsia,Інститут серця,Медицина,Google,,,5,,,needs_verification,false,
instytut-sertsia,Інститут серця,Медицина,Work.ua,,,5,,,needs_verification,false,
instytut-sertsia,Інститут серця,Медицина,Robota.ua,,,5,,,needs_verification,false,
instytut-sertsia,Інститут серця,Медицина,Indeed,,,5,,,needs_verification,false,
instytut-sertsia,Інститут серця,Медицина,Glassdoor,,,5,,,needs_verification,false,
inter-media-hrup,Інтер Медіа Груп,Media,Google,,,5,,,needs_verification,false,
inter-media-hrup,Інтер Медіа Груп,Media,Work.ua,,,5,,,needs_verification,false,
inter-media-hrup,Інтер Медіа Груп,Media,Robota.ua,,,5,,,needs_verification,false,
inter-media-hrup,Інтер Медіа Груп,Media,Indeed,,,5,,,needs_verification,false,
inter-media-hrup,Інтер Медіа Груп,Media,Glassdoor,,,5,,,needs_verification,false,
interhal-bud,Інтергал-Буд,Будівництво,Google,,,5,,,needs_verification,false,
interhal-bud,Інтергал-Буд,Будівництво,Work.ua,,,5,,,needs_verification,false,
interhal-bud,Інтергал-Буд,Будівництво,Robota.ua,,,5,,,needs_verification,false,
interpaip,Інтерпайп,Металургія,Google,,,5,,,needs_verification,false,
interpaip,Інтерпайп,Металургія,Work.ua,,,5,,,needs_verification,false,
interpaip,Інтерпайп,Металургія,Robota.ua,,,5,,,needs_verification,false,
interpipe,Інтерпайп,Виробництво,Google,,,5,,,needs_verification,false,
interpipe,Інтерпайп,Виробництво,Work.ua,,,5,,,needs_verification,false,
interpipe,Інтерпайп,Виробництво,Robota.ua,,,5,,,needs_verification,false,
interpaip-niko-tiub,Інтерпайп Ніко Тьюб,Металургія,Google,,,5,,,needs_verification,false,
interpaip-niko-tiub,Інтерпайп Ніко Тьюб,Металургія,Work.ua,,,5,,,needs_verification,false,
interpaip-niko-tiub,Інтерпайп Ніко Тьюб,Металургія,Robota.ua,,,5,,,needs_verification,false,
interpaip-ntz,Інтерпайп НТЗ,Металургія,Google,,,5,,,needs_verification,false,
interpaip-ntz,Інтерпайп НТЗ,Металургія,Work.ua,,,5,,,needs_verification,false,
interpaip-ntz,Інтерпайп НТЗ,Металургія,Robota.ua,,,5,,,needs_verification,false,
interpaip-stal,Інтерпайп Сталь,Металургія,Google,,,5,,,needs_verification,false,
interpaip-stal,Інтерпайп Сталь,Металургія,Work.ua,,,5,,,needs_verification,false,
interpaip-stal,Інтерпайп Сталь,Металургія,Robota.ua,,,5,,,needs_verification,false,
interkhim,ІнтерХім,Фармацевтика,Google,,,5,,,needs_verification,false,
interkhim,ІнтерХім,Фармацевтика,Work.ua,,,5,,,needs_verification,false,
interkhim,ІнтерХім,Фармацевтика,Robota.ua,,,5,,,needs_verification,false,
interkhim,ІнтерХім,Фармацевтика,Indeed,,,5,,,needs_verification,false,
interkhim,ІнтерХім,Фармацевтика,Glassdoor,,,5,,,needs_verification,false,
isida,Ісіда,Медицина,Google,,,5,,,needs_verification,false,
isida,Ісіда,Медицина,Work.ua,,,5,,,needs_verification,false,
isida,Ісіда,Медицина,Robota.ua,,,5,,,needs_verification,false,
isida,Ісіда,Медицина,Indeed,,,5,,,needs_verification,false,
isida,Ісіда,Медицина,Glassdoor,,,5,,,needs_verification,false,
iskra,Іскра,Виробництво,Google,,,5,,,needs_verification,false,
iskra,Іскра,Виробництво,Work.ua,,,5,,,needs_verification,false,
iskra,Іскра,Виробництво,Robota.ua,,,5,,,needs_verification,false,
kama,КАМА,Освіта,Google,,,5,,,needs_verification,false,
kama,КАМА,Освіта,Work.ua,,,5,,,needs_verification,false,
kama,КАМА,Освіта,Robota.ua,,,5,,,needs_verification,false,
kametstal,Каметсталь,Металургія,Google,,,5,,,needs_verification,false,
kametstal,Каметсталь,Металургія,Work.ua,,,5,,,needs_verification,false,
kametstal,Каметсталь,Металургія,Robota.ua,,,5,,,needs_verification,false,
kan-development,КАН Девелопмент,Нерухомість,Google,,,5,,,needs_verification,false,
kan-development,КАН Девелопмент,Нерухомість,Work.ua,,,5,,,needs_verification,false,
kan-development,КАН Девелопмент,Нерухомість,Robota.ua,,,5,,,needs_verification,false,
karabiner,Карабінер,Безпека,Google,,,5,,,needs_verification,false,
karabiner,Карабінер,Безпека,Work.ua,,,5,,,needs_verification,false,
karabiner,Карабінер,Безпека,Robota.ua,,,5,,,needs_verification,false,
kyievo-mohylianska-akademiia,Києво-Могилянська академія,Освіта,Google,,,5,,,needs_verification,false,
kyievo-mohylianska-akademiia,Києво-Могилянська академія,Освіта,Work.ua,,,5,,,needs_verification,false,
kyievo-mohylianska-akademiia,Києво-Могилянська академія,Освіта,Robota.ua,,,5,,,needs_verification,false,
kyivmiskbud,Київміськбуд,Будівництво,Google,,,5,,,needs_verification,false,
kyivmiskbud,Київміськбуд,Будівництво,Work.ua,,,5,,,needs_verification,false,
kyivmiskbud,Київміськбуд,Будівництво,Robota.ua,,,5,,,needs_verification,false,
kyivska-shkola-ekonomiky,Київська школа економіки,Освіта,Google,,,5,,,needs_verification,false,
kyivska-shkola-ekonomiky,Київська школа економіки,Освіта,Work.ua,,,5,,,needs_verification,false,
kyivska-shkola-ekonomiky,Київська школа економіки,Освіта,Robota.ua,,,5,,,needs_verification,false,
kyivskyi-vitaminnyi-zavod,Київський вітамінний завод,Фармацевтика,Google,,,5,,,needs_verification,false,
kyivskyi-vitaminnyi-zavod,Київський вітамінний завод,Фармацевтика,Work.ua,,,5,,,needs_verification,false,
kyivskyi-vitaminnyi-zavod,Київський вітамінний завод,Фармацевтика,Robota.ua,,,5,,,needs_verification,false,
kyivskyi-vitaminnyi-zavod,Київський вітамінний завод,Фармацевтика,Indeed,,,5,,,needs_verification,false,
kyivskyi-vitaminnyi-zavod,Київський вітамінний завод,Фармацевтика,Glassdoor,,,5,,,needs_verification,false,
kyivteploenerho,Київтеплоенерго,Енергетика,Google,,,5,,,needs_verification,false,
kyivteploenerho,Київтеплоенерго,Енергетика,Work.ua,,,5,,,needs_verification,false,
kyivteploenerho,Київтеплоенерго,Енергетика,Robota.ua,,,5,,,needs_verification,false,
kyivkhlib,Київхліб,FMCG,Google,,,5,,,needs_verification,false,
kyivkhlib,Київхліб,FMCG,Work.ua,,,5,,,needs_verification,false,
kyivkhlib,Київхліб,FMCG,Robota.ua,,,5,,,needs_verification,false,
kyivkhlib,Київхліб,FMCG,Indeed,,,5,,,needs_verification,false,
kyivkhlib,Київхліб,FMCG,Glassdoor,,,5,,,needs_verification,false,
knu-imeni-tarasa-shevchenka,КНУ імені Тараса Шевченка,Освіта,Google,,,5,,,needs_verification,false,
knu-imeni-tarasa-shevchenka,КНУ імені Тараса Шевченка,Освіта,Work.ua,,,5,,,needs_verification,false,
knu-imeni-tarasa-shevchenka,КНУ імені Тараса Шевченка,Освіта,Robota.ua,,,5,,,needs_verification,false,
kniazha,Княжа,Страхування,Google,,,5,,,needs_verification,false,
kniazha,Княжа,Страхування,Work.ua,,,5,,,needs_verification,false,
kniazha,Княжа,Страхування,Robota.ua,,,5,,,needs_verification,false,
kniazha,Княжа,Страхування,Indeed,,,5,,,needs_verification,false,
kniazha,Княжа,Страхування,Glassdoor,,,5,,,needs_verification,false,
kovalska,Ковальська,Будівництво,Google,,,5,,,needs_verification,false,
kovalska,Ковальська,Будівництво,Work.ua,,,5,,,needs_verification,false,
kovalska,Ковальська,Будівництво,Robota.ua,,,5,,,needs_verification,false,
kolo,КОЛО,Ритейл,Google,,,5,,,needs_verification,false,
kolo,КОЛО,Ритейл,Work.ua,,,5,,,needs_verification,false,
kolo,КОЛО,Ритейл,Robota.ua,,,5,,,needs_verification,false,
kolonneid-ukraina,Колоннейд Україна,Страхування,Google,,,5,,,needs_verification,false,
kolonneid-ukraina,Колоннейд Україна,Страхування,Work.ua,,,5,,,needs_verification,false,
kolonneid-ukraina,Колоннейд Україна,Страхування,Robota.ua,,,5,,,needs_verification,false,
kolonneid-ukraina,Колоннейд Україна,Страхування,Indeed,,,5,,,needs_verification,false,
kolonneid-ukraina,Колоннейд Україна,Страхування,Glassdoor,,,5,,,needs_verification,false,
kominbank,Комінбанк,Банки і фінанси,Google,,,5,,,needs_verification,false,
kominbank,Комінбанк,Банки і фінанси,Work.ua,,,5,,,needs_verification,false,
kominbank,Комінбанк,Банки і фінанси,Robota.ua,,,5,,,needs_verification,false,
kominbank,Комінбанк,Банки і фінанси,Indeed,,,5,,,needs_verification,false,
kominbank,Комінбанк,Банки і фінанси,Glassdoor,,,5,,,needs_verification,false,
kompiuterna-akademiia-it-step,Комп'ютерна Академія IT Step,Освіта,Google,,,5,,,needs_verification,false,
kompiuterna-akademiia-it-step,Комп'ютерна Академія IT Step,Освіта,Work.ua,,,5,,,needs_verification,false,
kompiuterna-akademiia-it-step,Комп'ютерна Академія IT Step,Освіта,Robota.ua,,,5,,,needs_verification,false,
konti,Конті,FMCG,Google,,,5,,,needs_verification,false,
konti,Конті,FMCG,Work.ua,,,5,,,needs_verification,false,
konti,Конті,FMCG,Robota.ua,,,5,,,needs_verification,false,
konti,Конті,FMCG,Indeed,,,5,,,needs_verification,false,
konti,Конті,FMCG,Glassdoor,,,5,,,needs_verification,false,
kopiiochka,Копійочка,Ритейл,Google,,,5,,,needs_verification,false,
kopiiochka,Копійочка,Ритейл,Work.ua,,,5,,,needs_verification,false,
kopiiochka,Копійочка,Ритейл,Robota.ua,,,5,,,needs_verification,false,
kostal-ukraina,Костал Україна,Виробництво,Google,,,5,,,needs_verification,false,
kostal-ukraina,Костал Україна,Виробництво,Work.ua,,,5,,,needs_verification,false,
kostal-ukraina,Костал Україна,Виробництво,Robota.ua,,,5,,,needs_verification,false,
kpi-im-ihoria-sikorskoho,КПІ ім. Ігоря Сікорського,Освіта,Google,,,5,,,needs_verification,false,
kpi-im-ihoria-sikorskoho,КПІ ім. Ігоря Сікорського,Освіта,Work.ua,,,5,,,needs_verification,false,
kpi-im-ihoria-sikorskoho,КПІ ім. Ігоря Сікорського,Освіта,Robota.ua,,,5,,,needs_verification,false,
kraina,Країна,Страхування,Google,,,5,,,needs_verification,false,
kraina,Країна,Страхування,Work.ua,,,5,,,needs_verification,false,
kraina,Країна,Страхування,Robota.ua,,,5,,,needs_verification,false,
kraina,Країна,Страхування,Indeed,,,5,,,needs_verification,false,
kraina,Країна,Страхування,Glassdoor,,,5,,,needs_verification,false,
kreator-bud,Креатор-Буд,Нерухомість,Google,,,5,,,needs_verification,false,
kreator-bud,Креатор-Буд,Нерухомість,Work.ua,,,5,,,needs_verification,false,
kreator-bud,Креатор-Буд,Нерухомість,Robota.ua,,,5,,,needs_verification,false,
kredytvest-bank,Кредитвест Банк,Банки і фінанси,Google,,,5,,,needs_verification,false,
kredytvest-bank,Кредитвест Банк,Банки і фінанси,Work.ua,,,5,,,needs_verification,false,
kredytvest-bank,Кредитвест Банк,Банки і фінанси,Robota.ua,,,5,,,needs_verification,false,
kredytvest-bank,Кредитвест Банк,Банки і фінанси,Indeed,,,5,,,needs_verification,false,
kredytvest-bank,Кредитвест Банк,Банки і фінанси,Glassdoor,,,5,,,needs_verification,false,
kredi-ahrikol-bank,Креді Агріколь Банк,Банки і фінанси,Google,,,5,,,needs_verification,false,
kredi-ahrikol-bank,Креді Агріколь Банк,Банки і фінанси,Work.ua,,,5,,,needs_verification,false,
kredi-ahrikol-bank,Креді Агріколь Банк,Банки і фінанси,Robota.ua,,,5,,,needs_verification,false,
kredi-ahrikol-bank,Креді Агріколь Банк,Банки і фінанси,Indeed,,,5,,,needs_verification,false,
kredi-ahrikol-bank,Креді Агріколь Банк,Банки і фінанси,Glassdoor,,,5,,,needs_verification,false,
kredobank,Кредобанк,Банки і фінанси,Google,,,5,,,needs_verification,false,
kredobank,Кредобанк,Банки і фінанси,Work.ua,,,5,,,needs_verification,false,
kredobank,Кредобанк,Банки і фінанси,Robota.ua,,,5,,,needs_verification,false,
kredobank,Кредобанк,Банки і фінанси,Indeed,,,5,,,needs_verification,false,
kredobank,Кредобанк,Банки і фінанси,Glassdoor,,,5,,,needs_verification,false,
kryvyi-rih-tsement,Кривий Ріг Цемент,Будівництво,Google,,,5,,,needs_verification,false,
kryvyi-rih-tsement,Кривий Ріг Цемент,Будівництво,Work.ua,,,5,,,needs_verification,false,
kryvyi-rih-tsement,Кривий Ріг Цемент,Будівництво,Robota.ua,,,5,,,needs_verification,false,
krystalbank,Кристалбанк,Банки і фінанси,Google,,,5,,,needs_verification,false,
krystalbank,Кристалбанк,Банки і фінанси,Work.ua,,,5,,,needs_verification,false,
krystalbank,Кристалбанк,Банки і фінанси,Robota.ua,,,5,,,needs_verification,false,
krystalbank,Кристалбанк,Банки і фінанси,Indeed,,,5,,,needs_verification,false,
krystalbank,Кристалбанк,Банки і фінанси,Glassdoor,,,5,,,needs_verification,false,
kriukivskyi-vahonobudivnyi-zavod,Крюківський вагонобудівний завод,Виробництво,Google,,,5,,,needs_verification,false,
kriukivskyi-vahonobudivnyi-zavod,Крюківський вагонобудівний завод,Виробництво,Work.ua,,,5,,,needs_verification,false,
kriukivskyi-vahonobudivnyi-zavod,Крюківський вагонобудівний завод,Виробництво,Robota.ua,,,5,,,needs_verification,false,
kusum-farm,Кусум Фарм,Фармацевтика,Google,,,5,,,needs_verification,false,
kusum-farm,Кусум Фарм,Фармацевтика,Work.ua,,,5,,,needs_verification,false,
kusum-farm,Кусум Фарм,Фармацевтика,Robota.ua,,,5,,,needs_verification,false,
kusum-farm,Кусум Фарм,Фармацевтика,Indeed,,,5,,,needs_verification,false,
kusum-farm,Кусум Фарм,Фармацевтика,Glassdoor,,,5,,,needs_verification,false,
lantmannen-aksa,Лантманнен Акса,FMCG,Google,,,5,,,needs_verification,false,
lantmannen-aksa,Лантманнен Акса,FMCG,Work.ua,,,5,,,needs_verification,false,
lantmannen-aksa,Лантманнен Акса,FMCG,Robota.ua,,,5,,,needs_verification,false,
lantmannen-aksa,Лантманнен Акса,FMCG,Indeed,,,5,,,needs_verification,false,
lantmannen-aksa,Лантманнен Акса,FMCG,Glassdoor,,,5,,,needs_verification,false,
lapky,Лапки,Побутові послуги,Google,,,5,,,needs_verification,false,
lapky,Лапки,Побутові послуги,Work.ua,,,5,,,needs_verification,false,
lapky,Лапки,Побутові послуги,Robota.ua,,,5,,,needs_verification,false,
lasunka,Ласунка,FMCG,Google,,,5,,,needs_verification,false,
lasunka,Ласунка,FMCG,Work.ua,,,5,,,needs_verification,false,
lasunka,Ласунка,FMCG,Robota.ua,,,5,,,needs_verification,false,
lasunka,Ласунка,FMCG,Indeed,,,5,,,needs_verification,false,
lasunka,Ласунка,FMCG,Glassdoor,,,5,,,needs_verification,false,
lehion,Легіон,Безпека,Google,,,5,,,needs_verification,false,
lehion,Легіон,Безпека,Work.ua,,,5,,,needs_verification,false,
lehion,Легіон,Безпека,Robota.ua,,,5,,,needs_verification,false,
lekkhim,Лекхім,Фармацевтика,Google,,,5,,,needs_verification,false,
lekkhim,Лекхім,Фармацевтика,Work.ua,,,5,,,needs_verification,false,
lekkhim,Лекхім,Фармацевтика,Robota.ua,,,5,,,needs_verification,false,
lekkhim,Лекхім,Фармацевтика,Indeed,,,5,,,needs_verification,false,
lekkhim,Лекхім,Фармацевтика,Glassdoor,,,5,,,needs_verification,false,
leleka,Лелека,Медицина,Google,,,5,,,needs_verification,false,
leleka,Лелека,Медицина,Work.ua,,,5,,,needs_verification,false,
leleka,Лелека,Медицина,Robota.ua,,,5,,,needs_verification,false,
leleka,Лелека,Медицина,Indeed,,,5,,,needs_verification,false,
leleka,Лелека,Медицина,Glassdoor,,,5,,,needs_verification,false,
lerua-merlen-ukraina,Леруа Мерлен Україна,Ритейл будівельний,Google,,,5,,,needs_verification,false,
lerua-merlen-ukraina,Леруа Мерлен Україна,Ритейл будівельний,Work.ua,,,5,,,needs_verification,false,
lerua-merlen-ukraina,Леруа Мерлен Україна,Ритейл будівельний,Robota.ua,,,5,,,needs_verification,false,
limo,Лімо,FMCG,Google,,,5,,,needs_verification,false,
limo,Лімо,FMCG,Work.ua,,,5,,,needs_verification,false,
limo,Лімо,FMCG,Robota.ua,,,5,,,needs_verification,false,
limo,Лімо,FMCG,Indeed,,,5,,,needs_verification,false,
limo,Лімо,FMCG,Glassdoor,,,5,,,needs_verification,false,
lotok,ЛотОК,Ритейл,Google,,,5,,,needs_verification,false,
lotok,ЛотОК,Ритейл,Work.ua,,,5,,,needs_verification,false,
lotok,ЛотОК,Ритейл,Robota.ua,,,5,,,needs_verification,false,
lvivoblenerho,Львівобленерго,Енергетика,Google,,,5,,,needs_verification,false,
lvivoblenerho,Львівобленерго,Енергетика,Work.ua,,,5,,,needs_verification,false,
lvivoblenerho,Львівобленерго,Енергетика,Robota.ua,,,5,,,needs_verification,false,
lvivska-kopalnia-kavy,Львівська копальня кави,HoReCa,Google,,,5,,,needs_verification,false,
lvivska-kopalnia-kavy,Львівська копальня кави,HoReCa,Work.ua,,,5,,,needs_verification,false,
lvivska-kopalnia-kavy,Львівська копальня кави,HoReCa,Robota.ua,,,5,,,needs_verification,false,
lvivska-kopalnia-kavy,Львівська копальня кави,HoReCa,Indeed,,,5,,,needs_verification,false,
lvivska-kopalnia-kavy,Львівська копальня кави,HoReCa,Glassdoor,,,5,,,needs_verification,false,
lvivska-maisternia-shokoladu,Львівська майстерня шоколаду,HoReCa,Google,,,5,,,needs_verification,false,
lvivska-maisternia-shokoladu,Львівська майстерня шоколаду,HoReCa,Work.ua,,,5,,,needs_verification,false,
lvivska-maisternia-shokoladu,Львівська майстерня шоколаду,HoReCa,Robota.ua,,,5,,,needs_verification,false,
lvivska-maisternia-shokoladu,Львівська майстерня шоколаду,HoReCa,Indeed,,,5,,,needs_verification,false,
lvivska-maisternia-shokoladu,Львівська майстерня шоколаду,HoReCa,Glassdoor,,,5,,,needs_verification,false,
lvivska-politekhnika,Львівська політехніка,Освіта,Google,,,5,,,needs_verification,false,
lvivska-politekhnika,Львівська політехніка,Освіта,Work.ua,,,5,,,needs_verification,false,
lvivska-politekhnika,Львівська політехніка,Освіта,Robota.ua,,,5,,,needs_verification,false,
lvivski-kruasany,Львівські круасани,HoReCa,Google,,,5,,,needs_verification,false,
lvivski-kruasany,Львівські круасани,HoReCa,Work.ua,,,5,,,needs_verification,false,
lvivski-kruasany,Львівські круасани,HoReCa,Robota.ua,,,5,,,needs_verification,false,
lvivski-kruasany,Львівські круасани,HoReCa,Indeed,,,5,,,needs_verification,false,
lvivski-kruasany,Львівські круасани,HoReCa,Glassdoor,,,5,,,needs_verification,false,
liuksoptyka,Люксоптика,Медицина,Google,,,5,,,needs_verification,false,
liuksoptyka,Люксоптика,Медицина,Work.ua,,,5,,,needs_verification,false,
liuksoptyka,Люксоптика,Медицина,Robota.ua,,,5,,,needs_verification,false,
liuksoptyka,Люксоптика,Медицина,Indeed,,,5,,,needs_verification,false,
liuksoptyka,Люксоптика,Медицина,Glassdoor,,,5,,,needs_verification,false,
liustdorf,Люстдорф,FMCG,Google,,,5,,,needs_verification,false,
liustdorf,Люстдорф,FMCG,Work.ua,,,5,,,needs_verification,false,
liustdorf,Люстдорф,FMCG,Robota.ua,,,5,,,needs_verification,false,
liustdorf,Люстдорф,FMCG,Indeed,,,5,,,needs_verification,false,
liustdorf,Люстдорф,FMCG,Glassdoor,,,5,,,needs_verification,false,
miasna-hildiia,М'ясна Гільдія,FMCG,Google,,,5,,,needs_verification,false,
miasna-hildiia,М'ясна Гільдія,FMCG,Work.ua,,,5,,,needs_verification,false,
miasna-hildiia,М'ясна Гільдія,FMCG,Robota.ua,,,5,,,needs_verification,false,
miasna-hildiia,М'ясна Гільдія,FMCG,Indeed,,,5,,,needs_verification,false,
miasna-hildiia,М'ясна Гільдія,FMCG,Glassdoor,,,5,,,needs_verification,false,
maisternia-karameli,Майстерня карамелі,HoReCa,Google,,,5,,,needs_verification,false,
maisternia-karameli,Майстерня карамелі,HoReCa,Work.ua,,,5,,,needs_verification,false,
maisternia-karameli,Майстерня карамелі,HoReCa,Robota.ua,,,5,,,needs_verification,false,
maisternia-karameli,Майстерня карамелі,HoReCa,Indeed,,,5,,,needs_verification,false,
maisternia-karameli,Майстерня карамелі,HoReCa,Glassdoor,,,5,,,needs_verification,false,
maisternia-remontu,Майстерня ремонту,Побутові послуги,Google,,,5,,,needs_verification,false,
maisternia-remontu,Майстерня ремонту,Побутові послуги,Work.ua,,,5,,,needs_verification,false,
maisternia-remontu,Майстерня ремонту,Побутові послуги,Robota.ua,,,5,,,needs_verification,false,
mariupolskyi-metalurhiinyi-kombinat-imeni-illicha,Маріупольський металургійний комбінат імені Ілліча,Металургія,Google,,,5,,,needs_verification,false,
mariupolskyi-metalurhiinyi-kombinat-imeni-illicha,Маріупольський металургійний комбінат імені Ілліча,Металургія,Work.ua,,,5,,,needs_verification,false,
mariupolskyi-metalurhiinyi-kombinat-imeni-illicha,Маріупольський металургійний комбінат імені Ілліча,Металургія,Robota.ua,,,5,,,needs_verification,false,
marketopt,Маркетопт,Ритейл,Google,,,5,,,needs_verification,false,
marketopt,Маркетопт,Ритейл,Work.ua,,,5,,,needs_verification,false,
marketopt,Маркетопт,Ритейл,Robota.ua,,,5,,,needs_verification,false,
mau,МАУ,Авіація,Google,,,5,,,needs_verification,false,
mau,МАУ,Авіація,Work.ua,,,5,,,needs_verification,false,
mau,МАУ,Авіація,Robota.ua,,,5,,,needs_verification,false,
med-servis,Мед-сервіс,Фармацевтика,Google,,,5,,,needs_verification,false,
med-servis,Мед-сервіс,Фармацевтика,Work.ua,,,5,,,needs_verification,false,
med-servis,Мед-сервіс,Фармацевтика,Robota.ua,,,5,,,needs_verification,false,
med-servis,Мед-сервіс,Фармацевтика,Indeed,,,5,,,needs_verification,false,
med-servis,Мед-сервіс,Фармацевтика,Glassdoor,,,5,,,needs_verification,false,
medbud,Медбуд,Медицина,Google,,,5,,,needs_verification,false,
medbud,Медбуд,Медицина,Work.ua,,,5,,,needs_verification,false,
medbud,Медбуд,Медицина,Robota.ua,,,5,,,needs_verification,false,
medbud,Медбуд,Медицина,Indeed,,,5,,,needs_verification,false,
medbud,Медбуд,Медицина,Glassdoor,,,5,,,needs_verification,false,
medharant,Медгарант,Медицина,Google,,,5,,,needs_verification,false,
medharant,Медгарант,Медицина,Work.ua,,,5,,,needs_verification,false,
medharant,Медгарант,Медицина,Robota.ua,,,5,,,needs_verification,false,
medharant,Медгарант,Медицина,Indeed,,,5,,,needs_verification,false,
medharant,Медгарант,Медицина,Glassdoor,,,5,,,needs_verification,false,
medykom,Медиком,Медицина,Google,,,5,,,needs_verification,false,
medykom,Медиком,Медицина,Work.ua,,,5,,,needs_verification,false,
medykom,Медиком,Медицина,Robota.ua,,,5,,,needs_verification,false,
medykom,Медиком,Медицина,Indeed,,,5,,,needs_verification,false,
medykom,Медиком,Медицина,Glassdoor,,,5,,,needs_verification,false,
medychnyi-tsentr-novyi-zir,Медичний центр Новий Зір,Медицина,Google,,,5,,,needs_verification,false,
medychnyi-tsentr-novyi-zir,Медичний центр Новий Зір,Медицина,Work.ua,,,5,,,needs_verification,false,
medychnyi-tsentr-novyi-zir,Медичний центр Новий Зір,Медицина,Robota.ua,,,5,,,needs_verification,false,
medychnyi-tsentr-novyi-zir,Медичний центр Новий Зір,Медицина,Indeed,,,5,,,needs_verification,false,
medychnyi-tsentr-novyi-zir,Медичний центр Новий Зір,Медицина,Glassdoor,,,5,,,needs_verification,false,
medychnyi-tsentr-sviatoi-paraskevy,Медичний центр Святої Параскеви,Медицина,Google,,,5,,,needs_verification,false,
medychnyi-tsentr-sviatoi-paraskevy,Медичний центр Святої Параскеви,Медицина,Work.ua,,,5,,,needs_verification,false,
medychnyi-tsentr-sviatoi-paraskevy,Медичний центр Святої Параскеви,Медицина,Robota.ua,,,5,,,needs_verification,false,
medychnyi-tsentr-sviatoi-paraskevy,Медичний центр Святої Параскеви,Медицина,Indeed,,,5,,,needs_verification,false,
medychnyi-tsentr-sviatoi-paraskevy,Медичний центр Святої Параскеви,Медицина,Glassdoor,,,5,,,needs_verification,false,
media-hrupa-ukraina,Медіа Група Україна,Media,Google,,,5,,,needs_verification,false,
media-hrupa-ukraina,Медіа Група Україна,Media,Work.ua,,,5,,,needs_verification,false,
media-hrupa-ukraina,Медіа Група Україна,Media,Robota.ua,,,5,,,needs_verification,false,
media-hrupa-ukraina,Медіа Група Україна,Media,Indeed,,,5,,,needs_verification,false,
media-hrupa-ukraina,Медіа Група Україна,Media,Glassdoor,,,5,,,needs_verification,false,
medikom,Медіком,Медицина,Google,,,5,,,needs_verification,false,
medikom,Медіком,Медицина,Work.ua,,,5,,,needs_verification,false,
medikom,Медіком,Медицина,Robota.ua,,,5,,,needs_verification,false,
medikom,Медіком,Медицина,Indeed,,,5,,,needs_verification,false,
medikom,Медіком,Медицина,Glassdoor,,,5,,,needs_verification,false,
medilabs,Меділабс,Медицина,Google,,,5,,,needs_verification,false,
medilabs,Меділабс,Медицина,Work.ua,,,5,,,needs_verification,false,
medilabs,Меділабс,Медицина,Robota.ua,,,5,,,needs_verification,false,
medilabs,Меділабс,Медицина,Indeed,,,5,,,needs_verification,false,
medilabs,Меділабс,Медицина,Glassdoor,,,5,,,needs_verification,false,
metinvest,Метінвест,Металургія,Google,,,5,,,needs_verification,false,
metinvest,Метінвест,Металургія,Work.ua,,,5,,,needs_verification,false,
metinvest,Метінвест,Металургія,Robota.ua,,,5,,,needs_verification,false,
metlaif-ukraina,МетЛайф Україна,Страхування,Google,,,5,,,needs_verification,false,
metlaif-ukraina,МетЛайф Україна,Страхування,Work.ua,,,5,,,needs_verification,false,
metlaif-ukraina,МетЛайф Україна,Страхування,Robota.ua,,,5,,,needs_verification,false,
metlaif-ukraina,МетЛайф Україна,Страхування,Indeed,,,5,,,needs_verification,false,
metlaif-ukraina,МетЛайф Україна,Страхування,Glassdoor,,,5,,,needs_verification,false,
mykolaivoblenerho,Миколаївобленерго,Енергетика,Google,,,5,,,needs_verification,false,
mykolaivoblenerho,Миколаївобленерго,Енергетика,Work.ua,,,5,,,needs_verification,false,
mykolaivoblenerho,Миколаївобленерго,Енергетика,Robota.ua,,,5,,,needs_verification,false,
myrhorodska,Миргородська,FMCG,Google,,,5,,,needs_verification,false,
myrhorodska,Миргородська,FMCG,Work.ua,,,5,,,needs_verification,false,
myrhorodska,Миргородська,FMCG,Robota.ua,,,5,,,needs_verification,false,
myrhorodska,Миргородська,FMCG,Indeed,,,5,,,needs_verification,false,
myrhorodska,Миргородська,FMCG,Glassdoor,,,5,,,needs_verification,false,
myronivskyi-khliboprodukt,Миронівський хлібопродукт,FMCG,Google,,,5,,,needs_verification,false,
myronivskyi-khliboprodukt,Миронівський хлібопродукт,FMCG,Work.ua,,,5,,,needs_verification,false,
myronivskyi-khliboprodukt,Миронівський хлібопродукт,FMCG,Robota.ua,,,5,,,needs_verification,false,
myronivskyi-khliboprodukt,Миронівський хлібопродукт,FMCG,Indeed,,,5,,,needs_verification,false,
myronivskyi-khliboprodukt,Миронівський хлібопродукт,FMCG,Glassdoor,,,5,,,needs_verification,false,
mizhnarodnyi-aeroport-lviv,Міжнародний аеропорт Львів,Державний сектор,Google,,,5,,,needs_verification,false,
mizhnarodnyi-aeroport-lviv,Міжнародний аеропорт Львів,Державний сектор,Work.ua,,,5,,,needs_verification,false,
mizhnarodnyi-aeroport-lviv,Міжнародний аеропорт Львів,Державний сектор,Robota.ua,,,5,,,needs_verification,false,
ministerstvo-tsyfrovoi-transformatsii-ukrainy,Міністерство цифрової трансформації України,Державний сектор,Google,,,5,,,needs_verification,false,
ministerstvo-tsyfrovoi-transformatsii-ukrainy,Міністерство цифрової трансформації України,Державний сектор,Work.ua,,,5,,,needs_verification,false,
ministerstvo-tsyfrovoi-transformatsii-ukrainy,Міністерство цифрової трансформації України,Державний сектор,Robota.ua,,,5,,,needs_verification,false,
mister-klin,Містер Клін,Побутові послуги,Google,,,5,,,needs_verification,false,
mister-klin,Містер Клін,Побутові послуги,Work.ua,,,5,,,needs_verification,false,
mister-klin,Містер Клін,Побутові послуги,Robota.ua,,,5,,,needs_verification,false,
modern-ekspo,Модерн-Експо,Виробництво,Google,,,5,,,needs_verification,false,
modern-ekspo,Модерн-Експо,Виробництво,Work.ua,,,5,,,needs_verification,false,
modern-ekspo,Модерн-Експо,Виробництво,Robota.ua,,,5,,,needs_verification,false,
molokiia,Молокія,FMCG,Google,,,5,,,needs_verification,false,
molokiia,Молокія,FMCG,Work.ua,,,5,,,needs_verification,false,
molokiia,Молокія,FMCG,Robota.ua,,,5,,,needs_verification,false,
molokiia,Молокія,FMCG,Indeed,,,5,,,needs_verification,false,
molokiia,Молокія,FMCG,Glassdoor,,,5,,,needs_verification,false,
molochnyi-alians,Молочний альянс,FMCG,Google,,,5,,,needs_verification,false,
molochnyi-alians,Молочний альянс,FMCG,Work.ua,,,5,,,needs_verification,false,
molochnyi-alians,Молочний альянс,FMCG,Robota.ua,,,5,,,needs_verification,false,
molochnyi-alians,Молочний альянс,FMCG,Indeed,,,5,,,needs_verification,false,
molochnyi-alians,Молочний альянс,FMCG,Glassdoor,,,5,,,needs_verification,false,
momental,Моментал,Будівництво,Google,,,5,,,needs_verification,false,
momental,Моментал,Будівництво,Work.ua,,,5,,,needs_verification,false,
momental,Моментал,Будівництво,Robota.ua,,,5,,,needs_verification,false,
morshynska,Моршинська,FMCG,Google,,,5,,,needs_verification,false,
morshynska,Моршинська,FMCG,Work.ua,,,5,,,needs_verification,false,
morshynska,Моршинська,FMCG,Robota.ua,,,5,,,needs_verification,false,
morshynska,Моршинська,FMCG,Indeed,,,5,,,needs_verification,false,
morshynska,Моршинська,FMCG,Glassdoor,,,5,,,needs_verification,false,
motor-sich,Мотор Січ,Виробництво,Google,,,5,,,needs_verification,false,
motor-sich,Мотор Січ,Виробництво,Work.ua,,,5,,,needs_verification,false,
motor-sich,Мотор Січ,Виробництво,Robota.ua,,,5,,,needs_verification,false,
motor-bank,Мотор-Банк,Банки і фінанси,Google,,,5,,,needs_verification,false,
motor-bank,Мотор-Банк,Банки і фінанси,Work.ua,,,5,,,needs_verification,false,
motor-bank,Мотор-Банк,Банки і фінанси,Robota.ua,,,5,,,needs_verification,false,
motor-bank,Мотор-Банк,Банки і фінанси,Indeed,,,5,,,needs_verification,false,
motor-bank,Мотор-Банк,Банки і фінанси,Glassdoor,,,5,,,needs_verification,false,
mriia-ahrokholdynh,Мрія Агрохолдинг,Агро,Google,,,5,,,needs_verification,false,
mriia-ahrokholdynh,Мрія Агрохолдинг,Агро,Work.ua,,,5,,,needs_verification,false,
mriia-ahrokholdynh,Мрія Агрохолдинг,Агро,Robota.ua,,,5,,,needs_verification,false,
mtb-bank,МТБ Банк,Банки і фінанси,Google,,,5,,,needs_verification,false,
mtb-bank,МТБ Банк,Банки і фінанси,Work.ua,,,5,,,needs_verification,false,
mtb-bank,МТБ Банк,Банки і фінанси,Robota.ua,,,5,,,needs_verification,false,
mtb-bank,МТБ Банк,Банки і фінанси,Indeed,,,5,,,needs_verification,false,
mtb-bank,МТБ Банк,Банки і фінанси,Glassdoor,,,5,,,needs_verification,false,
multyservis,Мультисервіс,Побутові послуги,Google,,,5,,,needs_verification,false,
multyservis,Мультисервіс,Побутові послуги,Work.ua,,,5,,,needs_verification,false,
multyservis,Мультисервіс,Побутові послуги,Robota.ua,,,5,,,needs_verification,false,
murakami,Муракамі,HoReCa,Google,,,5,,,needs_verification,false,
murakami,Муракамі,HoReCa,Work.ua,,,5,,,needs_verification,false,
murakami,Муракамі,HoReCa,Robota.ua,,,5,,,needs_verification,false,
murakami,Муракамі,HoReCa,Indeed,,,5,,,needs_verification,false,
murakami,Муракамі,HoReCa,Glassdoor,,,5,,,needs_verification,false,
mkhp,МХП,FMCG,Google,,,5,,,needs_verification,false,
mkhp,МХП,FMCG,Work.ua,,,5,,,needs_verification,false,
mkhp,МХП,FMCG,Robota.ua,,,5,,,needs_verification,false,
mkhp,МХП,FMCG,Indeed,,,5,,,needs_verification,false,
mkhp,МХП,FMCG,Glassdoor,,,5,,,needs_verification,false,
na-urok,На Урок,Освіта,Google,,,5,,,needs_verification,false,
na-urok,На Урок,Освіта,Work.ua,,,5,,,needs_verification,false,
na-urok,На Урок,Освіта,Robota.ua,,,5,,,needs_verification,false,
naftohaz,Нафтогаз,Енергетика,Google,,,5,,,needs_verification,false,
naftohaz,Нафтогаз,Енергетика,Work.ua,,,5,,,needs_verification,false,
naftohaz,Нафтогаз,Енергетика,Robota.ua,,,5,,,needs_verification,false,
naftohaz-ukrainy,Нафтогаз України,Енергетика,Google,,,5,,,needs_verification,false,
naftohaz-ukrainy,Нафтогаз України,Енергетика,Work.ua,,,5,,,needs_verification,false,
naftohaz-ukrainy,Нафтогаз України,Енергетика,Robota.ua,,,5,,,needs_verification,false,
natsionalnyi-bank-ukrainy,Національний банк України,Державний сектор,Google,,,5,,,needs_verification,false,
natsionalnyi-bank-ukrainy,Національний банк України,Державний сектор,Work.ua,,,5,,,needs_verification,false,
natsionalnyi-bank-ukrainy,Національний банк України,Державний сектор,Robota.ua,,,5,,,needs_verification,false,
nash-krai,Наш Край,Ритейл,Google,,,5,,,needs_verification,false,
nash-krai,Наш Край,Ритейл,Work.ua,,,5,,,needs_verification,false,
nash-krai,Наш Край,Ритейл,Robota.ua,,,5,,,needs_verification,false,
nasha-riaba,Наша Ряба,FMCG,Google,,,5,,,needs_verification,false,
nasha-riaba,Наша Ряба,FMCG,Work.ua,,,5,,,needs_verification,false,
nasha-riaba,Наша Ряба,FMCG,Robota.ua,,,5,,,needs_verification,false,
nasha-riaba,Наша Ряба,FMCG,Indeed,,,5,,,needs_verification,false,
nasha-riaba,Наша Ряба,FMCG,Glassdoor,,,5,,,needs_verification,false,
nibulon,Нібулон,FMCG,Google,,,5,,,needs_verification,false,
nibulon,Нібулон,FMCG,Work.ua,,,5,,,needs_verification,false,
nibulon,Нібулон,FMCG,Robota.ua,,,5,,,needs_verification,false,
nibulon,Нібулон,FMCG,Indeed,,,5,,,needs_verification,false,
nibulon,Нібулон,FMCG,Glassdoor,,,5,,,needs_verification,false,
nibulon-ahro,Нібулон Агро,Агро,Google,,,5,,,needs_verification,false,
nibulon-ahro,Нібулон Агро,Агро,Work.ua,,,5,,,needs_verification,false,
nibulon-ahro,Нібулон Агро,Агро,Robota.ua,,,5,,,needs_verification,false,
niko-avto,Ніко Авто,Авто,Google,,,5,,,needs_verification,false,
niko-avto,Ніко Авто,Авто,Work.ua,,,5,,,needs_verification,false,
niko-avto,Ніко Авто,Авто,Robota.ua,,,5,,,needs_verification,false,
niko-avto,Ніко Авто,Авто,Indeed,,,5,,,needs_verification,false,
niko-avto,Ніко Авто,Авто,Glassdoor,,,5,,,needs_verification,false,
nikopolskyi-zavod-ferosplaviv,Нікопольський завод феросплавів,Металургія,Google,,,5,,,needs_verification,false,
nikopolskyi-zavod-ferosplaviv,Нікопольський завод феросплавів,Металургія,Work.ua,,,5,,,needs_verification,false,
nikopolskyi-zavod-ferosplaviv,Нікопольський завод феросплавів,Металургія,Robota.ua,,,5,,,needs_verification,false,
nichnyi-ekspres,Нічний Експрес,Логістика,Google,,,5,,,needs_verification,false,
nichnyi-ekspres,Нічний Експрес,Логістика,Work.ua,,,5,,,needs_verification,false,
nichnyi-ekspres,Нічний Експрес,Логістика,Robota.ua,,,5,,,needs_verification,false,
nova-hlobal,Нова Глобал,Логістика,Google,,,5,,,needs_verification,false,
nova-hlobal,Нова Глобал,Логістика,Work.ua,,,5,,,needs_verification,false,
nova-hlobal,Нова Глобал,Логістика,Robota.ua,,,5,,,needs_verification,false,
nova-kava,Нова Кава,HoReCa,Google,,,5,,,needs_verification,false,
nova-kava,Нова Кава,HoReCa,Work.ua,,,5,,,needs_verification,false,
nova-kava,Нова Кава,HoReCa,Robota.ua,,,5,,,needs_verification,false,
nova-kava,Нова Кава,HoReCa,Indeed,,,5,,,needs_verification,false,
nova-kava,Нова Кава,HoReCa,Glassdoor,,,5,,,needs_verification,false,
nova-liniia,Нова Лінія,Ритейл,Google,,,5,,,needs_verification,false,
nova-liniia,Нова Лінія,Ритейл,Work.ua,,,5,,,needs_verification,false,
nova-liniia,Нова Лінія,Ритейл,Robota.ua,,,5,,,needs_verification,false,
nova-poshta,Нова Пошта,Логістика,Google,,,5,,,needs_verification,false,
nova-poshta,Нова Пошта,Логістика,Work.ua,,,5,,,needs_verification,false,
nova-poshta,Нова Пошта,Логістика,Robota.ua,,,5,,,needs_verification,false,
nova-poshta-hlobal,Нова Пошта Глобал,Логістика,Google,,,5,,,needs_verification,false,
nova-poshta-hlobal,Нова Пошта Глобал,Логістика,Work.ua,,,5,,,needs_verification,false,
nova-poshta-hlobal,Нова Пошта Глобал,Логістика,Robota.ua,,,5,,,needs_verification,false,
nova-poshta-servis,Нова пошта Сервіс,Побутові послуги,Google,,,5,,,needs_verification,false,
nova-poshta-servis,Нова пошта Сервіс,Побутові послуги,Work.ua,,,5,,,needs_verification,false,
nova-poshta-servis,Нова пошта Сервіс,Побутові послуги,Robota.ua,,,5,,,needs_verification,false,
novabudova,НоваБудова,Нерухомість,Google,,,5,,,needs_verification,false,
novabudova,НоваБудова,Нерухомість,Work.ua,,,5,,,needs_verification,false,
novabudova,НоваБудова,Нерухомість,Robota.ua,,,5,,,needs_verification,false,
novyi-kanal,Новий канал,Media,Google,,,5,,,needs_verification,false,
novyi-kanal,Новий канал,Media,Work.ua,,,5,,,needs_verification,false,
novyi-kanal,Новий канал,Media,Robota.ua,,,5,,,needs_verification,false,
novyi-kanal,Новий канал,Media,Indeed,,,5,,,needs_verification,false,
novyi-kanal,Новий канал,Media,Glassdoor,,,5,,,needs_verification,false,
nfau,НФаУ,Освіта,Google,,,5,,,needs_verification,false,
nfau,НФаУ,Освіта,Work.ua,,,5,,,needs_verification,false,
nfau,НФаУ,Освіта,Robota.ua,,,5,,,needs_verification,false,
oberih,Оберіг,Медицина,Google,,,5,,,needs_verification,false,
oberih,Оберіг,Медицина,Work.ua,,,5,,,needs_verification,false,
oberih,Оберіг,Медицина,Robota.ua,,,5,,,needs_verification,false,
oberih,Оберіг,Медицина,Indeed,,,5,,,needs_verification,false,
oberih,Оберіг,Медицина,Glassdoor,,,5,,,needs_verification,false,
obolon,Оболонь,FMCG,Google,,,5,,,needs_verification,false,
obolon,Оболонь,FMCG,Work.ua,,,5,,,needs_verification,false,
obolon,Оболонь,FMCG,Robota.ua,,,5,,,needs_verification,false,
obolon,Оболонь,FMCG,Indeed,,,5,,,needs_verification,false,
obolon,Оболонь,FMCG,Glassdoor,,,5,,,needs_verification,false,
odesaoblenerho,Одесаобленерго,Енергетика,Google,,,5,,,needs_verification,false,
odesaoblenerho,Одесаобленерго,Енергетика,Work.ua,,,5,,,needs_verification,false,
odesaoblenerho,Одесаобленерго,Енергетика,Robota.ua,,,5,,,needs_verification,false,
odeskabel,Одескабель,Виробництво,Google,,,5,,,needs_verification,false,
odeskabel,Одескабель,Виробництво,Work.ua,,,5,,,needs_verification,false,
odeskabel,Одескабель,Виробництво,Robota.ua,,,5,,,needs_verification,false,
odeskyi-morskyi-port,Одеський морський порт,Державний сектор,Google,,,5,,,needs_verification,false,
odeskyi-morskyi-port,Одеський морський порт,Державний сектор,Work.ua,,,5,,,needs_verification,false,
odeskyi-morskyi-port,Одеський морський порт,Державний сектор,Robota.ua,,,5,,,needs_verification,false,
odeskyi-natsionalnyi-universytet-imeni-mechnykova,Одеський національний університет імені Мечникова,Освіта,Google,,,5,,,needs_verification,false,
odeskyi-natsionalnyi-universytet-imeni-mechnykova,Одеський національний університет імені Мечникова,Освіта,Work.ua,,,5,,,needs_verification,false,
odeskyi-natsionalnyi-universytet-imeni-mechnykova,Одеський національний університет імені Мечникова,Освіта,Robota.ua,,,5,,,needs_verification,false,
okko-cafe,ОККО Cafe,HoReCa,Google,,,5,,,needs_verification,false,
okko-cafe,ОККО Cafe,HoReCa,Work.ua,,,5,,,needs_verification,false,
okko-cafe,ОККО Cafe,HoReCa,Robota.ua,,,5,,,needs_verification,false,
okko-cafe,ОККО Cafe,HoReCa,Indeed,,,5,,,needs_verification,false,
okko-cafe,ОККО Cafe,HoReCa,Glassdoor,,,5,,,needs_verification,false,
oksford-medikal,Оксфорд Медікал,Медицина,Google,,,5,,,needs_verification,false,
oksford-medikal,Оксфорд Медікал,Медицина,Work.ua,,,5,,,needs_verification,false,
oksford-medikal,Оксфорд Медікал,Медицина,Robota.ua,,,5,,,needs_verification,false,
oksford-medikal,Оксфорд Медікал,Медицина,Indeed,,,5,,,needs_verification,false,
oksford-medikal,Оксфорд Медікал,Медицина,Glassdoor,,,5,,,needs_verification,false,
oranta,Оранта,Страхування,Google,,,5,,,needs_verification,false,
oranta,Оранта,Страхування,Work.ua,,,5,,,needs_verification,false,
oranta,Оранта,Страхування,Robota.ua,,,5,,,needs_verification,false,
oranta,Оранта,Страхування,Indeed,,,5,,,needs_verification,false,
oranta,Оранта,Страхування,Glassdoor,,,5,,,needs_verification,false,
orhanosin,Органосін,Фармацевтика,Google,,,5,,,needs_verification,false,
orhanosin,Органосін,Фармацевтика,Work.ua,,,5,,,needs_verification,false,
orhanosin,Органосін,Фармацевтика,Robota.ua,,,5,,,needs_verification,false,
orhanosin,Органосін,Фармацевтика,Indeed,,,5,,,needs_verification,false,
orhanosin,Органосін,Фармацевтика,Glassdoor,,,5,,,needs_verification,false,
osvitoriia,Освіторія,Освіта,Google,,,5,,,needs_verification,false,
osvitoriia,Освіторія,Освіта,Work.ua,,,5,,,needs_verification,false,
osvitoriia,Освіторія,Освіта,Robota.ua,,,5,,,needs_verification,false,
okhmatdyt,Охматдит,Медицина,Google,,,5,,,needs_verification,false,
okhmatdyt,Охматдит,Медицина,Work.ua,,,5,,,needs_verification,false,
okhmatdyt,Охматдит,Медицина,Robota.ua,,,5,,,needs_verification,false,
okhmatdyt,Охматдит,Медицина,Indeed,,,5,,,needs_verification,false,
okhmatdyt,Охматдит,Медицина,Glassdoor,,,5,,,needs_verification,false,
okhorona-i-bezpeka,Охорона і Безпека,Безпека,Google,,,5,,,needs_verification,false,
okhorona-i-bezpeka,Охорона і Безпека,Безпека,Work.ua,,,5,,,needs_verification,false,
okhorona-i-bezpeka,Охорона і Безпека,Безпека,Robota.ua,,,5,,,needs_verification,false,
okhoronnyi-kholdingh,Охоронний Холдинг,Безпека,Google,,,5,,,needs_verification,false,
okhoronnyi-kholdingh,Охоронний Холдинг,Безпека,Work.ua,,,5,,,needs_verification,false,
okhoronnyi-kholdingh,Охоронний Холдинг,Безпека,Robota.ua,,,5,,,needs_verification,false,
okhoronnyi-kholdynh-sheriff,Охоронний холдинг Sheriff,Безпека,Google,,,5,,,needs_verification,false,
okhoronnyi-kholdynh-sheriff,Охоронний холдинг Sheriff,Безпека,Work.ua,,,5,,,needs_verification,false,
okhoronnyi-kholdynh-sheriff,Охоронний холдинг Sheriff,Безпека,Robota.ua,,,5,,,needs_verification,false,
oshchadbank,Ощадбанк,Банки і фінанси,Google,,,5,,,needs_verification,false,
oshchadbank,Ощадбанк,Банки і фінанси,Work.ua,,,5,,,needs_verification,false,
oshchadbank,Ощадбанк,Банки і фінанси,Robota.ua,,,5,,,needs_verification,false,
oshchadbank,Ощадбанк,Банки і фінанси,Indeed,,,5,,,needs_verification,false,
oshchadbank,Ощадбанк,Банки і фінанси,Glassdoor,,,5,,,needs_verification,false,
persha-pryvatna-brovarnia,Перша приватна броварня,FMCG,Google,,,5,,,needs_verification,false,
persha-pryvatna-brovarnia,Перша приватна броварня,FMCG,Work.ua,,,5,,,needs_verification,false,
persha-pryvatna-brovarnia,Перша приватна броварня,FMCG,Robota.ua,,,5,,,needs_verification,false,
persha-pryvatna-brovarnia,Перша приватна броварня,FMCG,Indeed,,,5,,,needs_verification,false,
persha-pryvatna-brovarnia,Перша приватна броварня,FMCG,Glassdoor,,,5,,,needs_verification,false,
pivdenmash,Південмаш,Виробництво,Google,,,5,,,needs_verification,false,
pivdenmash,Південмаш,Виробництво,Work.ua,,,5,,,needs_verification,false,
pivdenmash,Південмаш,Виробництво,Robota.ua,,,5,,,needs_verification,false,
pivdennyi-hzk,Південний ГЗК,Металургія,Google,,,5,,,needs_verification,false,
pivdennyi-hzk,Південний ГЗК,Металургія,Work.ua,,,5,,,needs_verification,false,
pivdennyi-hzk,Південний ГЗК,Металургія,Robota.ua,,,5,,,needs_verification,false,
pivdennyi-morskyi-port,Південний морський порт,Державний сектор,Google,,,5,,,needs_verification,false,
pivdennyi-morskyi-port,Південний морський порт,Державний сектор,Work.ua,,,5,,,needs_verification,false,
pivdennyi-morskyi-port,Південний морський порт,Державний сектор,Robota.ua,,,5,,,needs_verification,false,
pivnichnyi-hzk,Північний ГЗК,Металургія,Google,,,5,,,needs_verification,false,
pivnichnyi-hzk,Північний ГЗК,Металургія,Work.ua,,,5,,,needs_verification,false,
pivnichnyi-hzk,Північний ГЗК,Металургія,Robota.ua,,,5,,,needs_verification,false,
pireus-bank,Піреус Банк,Банки і фінанси,Google,,,5,,,needs_verification,false,
pireus-bank,Піреус Банк,Банки і фінанси,Work.ua,,,5,,,needs_verification,false,
pireus-bank,Піреус Банк,Банки і фінанси,Robota.ua,,,5,,,needs_verification,false,
pireus-bank,Піреус Банк,Банки і фінанси,Indeed,,,5,,,needs_verification,false,
pireus-bank,Піреус Банк,Банки і фінанси,Glassdoor,,,5,,,needs_verification,false,
planeta-zdorovia,Планета Здоров'я,Фармацевтика,Google,,,5,,,needs_verification,false,
planeta-zdorovia,Планета Здоров'я,Фармацевтика,Work.ua,,,5,,,needs_verification,false,
planeta-zdorovia,Планета Здоров'я,Фармацевтика,Robota.ua,,,5,,,needs_verification,false,
planeta-zdorovia,Планета Здоров'я,Фармацевтика,Indeed,,,5,,,needs_verification,false,
planeta-zdorovia,Планета Здоров'я,Фармацевтика,Glassdoor,,,5,,,needs_verification,false,
planeta-kino-cafe,Планета Кіно Cafe,HoReCa,Google,,,5,,,needs_verification,false,
planeta-kino-cafe,Планета Кіно Cafe,HoReCa,Work.ua,,,5,,,needs_verification,false,
planeta-kino-cafe,Планета Кіно Cafe,HoReCa,Robota.ua,,,5,,,needs_verification,false,
planeta-kino-cafe,Планета Кіно Cafe,HoReCa,Indeed,,,5,,,needs_verification,false,
planeta-kino-cafe,Планета Кіно Cafe,HoReCa,Glassdoor,,,5,,,needs_verification,false,
podilskyi-tsentr-zoru,Подільський центр зору,Медицина,Google,,,5,,,needs_verification,false,
podilskyi-tsentr-zoru,Подільський центр зору,Медицина,Work.ua,,,5,,,needs_verification,false,
podilskyi-tsentr-zoru,Подільський центр зору,Медицина,Robota.ua,,,5,,,needs_verification,false,
podilskyi-tsentr-zoru,Подільський центр зору,Медицина,Indeed,,,5,,,needs_verification,false,
podilskyi-tsentr-zoru,Подільський центр зору,Медицина,Glassdoor,,,5,,,needs_verification,false,
podorozhnyk,Подорожник,Фармацевтика,Google,,,5,,,needs_verification,false,
podorozhnyk,Подорожник,Фармацевтика,Work.ua,,,5,,,needs_verification,false,
podorozhnyk,Подорожник,Фармацевтика,Robota.ua,,,5,,,needs_verification,false,
podorozhnyk,Подорожник,Фармацевтика,Indeed,,,5,,,needs_verification,false,
podorozhnyk,Подорожник,Фармацевтика,Glassdoor,,,5,,,needs_verification,false,
poltava-bank,Полтава-банк,Банки і фінанси,Google,,,5,,,needs_verification,false,
poltava-bank,Полтава-банк,Банки і фінанси,Work.ua,,,5,,,needs_verification,false,
poltava-bank,Полтава-банк,Банки і фінанси,Robota.ua,,,5,,,needs_verification,false,
poltava-bank,Полтава-банк,Банки і фінанси,Indeed,,,5,,,needs_verification,false,
poltava-bank,Полтава-банк,Банки і фінанси,Glassdoor,,,5,,,needs_verification,false,
poltavaoblenerho,Полтаваобленерго,Енергетика,Google,,,5,,,needs_verification,false,
poltavaoblenerho,Полтаваобленерго,Енергетика,Work.ua,,,5,,,needs_verification,false,
poltavaoblenerho,Полтаваобленерго,Енергетика,Robota.ua,,,5,,,needs_verification,false,
poltavskyi-hzk,Полтавський ГЗК,Металургія,Google,,,5,,,needs_verification,false,
poltavskyi-hzk,Полтавський ГЗК,Металургія,Work.ua,,,5,,,needs_verification,false,
poltavskyi-hzk,Полтавський ГЗК,Металургія,Robota.ua,,,5,,,needs_verification,false,
praveks-bank,Правекс Банк,Банки і фінанси,Google,,,5,,,needs_verification,false,
praveks-bank,Правекс Банк,Банки і фінанси,Work.ua,,,5,,,needs_verification,false,
praveks-bank,Правекс Банк,Банки і фінанси,Robota.ua,,,5,,,needs_verification,false,
praveks-bank,Правекс Банк,Банки і фінанси,Indeed,,,5,,,needs_verification,false,
praveks-bank,Правекс Банк,Банки і фінанси,Glassdoor,,,5,,,needs_verification,false,
pralnia-fresh,Пральня Fresh,Побутові послуги,Google,,,5,,,needs_verification,false,
pralnia-fresh,Пральня Fresh,Побутові послуги,Work.ua,,,5,,,needs_verification,false,
pralnia-fresh,Пральня Fresh,Побутові послуги,Robota.ua,,,5,,,needs_verification,false,
privatbank,ПриватБанк,Банки і фінанси,Google,,,5,,,needs_verification,false,
privatbank,ПриватБанк,Банки і фінанси,Work.ua,,,5,,,needs_verification,false,
privatbank,ПриватБанк,Банки і фінанси,Robota.ua,,,5,,,needs_verification,false,
privatbank,ПриватБанк,Банки і фінанси,Indeed,,,5,,,needs_verification,false,
privatbank,ПриватБанк,Банки і фінанси,Glassdoor,,,5,,,needs_verification,false,
prykarpattiaoblenerho,Прикарпаттяобленерго,Енергетика,Google,,,5,,,needs_verification,false,
prykarpattiaoblenerho,Прикарпаттяобленерго,Енергетика,Work.ua,,,5,,,needs_verification,false,
prykarpattiaoblenerho,Прикарпаттяобленерго,Енергетика,Robota.ua,,,5,,,needs_verification,false,
pryluky,Прилуки,FMCG,Google,,,5,,,needs_verification,false,
pryluky,Прилуки,FMCG,Work.ua,,,5,,,needs_verification,false,
pryluky,Прилуки,FMCG,Robota.ua,,,5,,,needs_verification,false,
pryluky,Прилуки,FMCG,Indeed,,,5,,,needs_verification,false,
pryluky,Прилуки,FMCG,Glassdoor,,,5,,,needs_verification,false,
providna,Провідна,Страхування,Google,,,5,,,needs_verification,false,
providna,Провідна,Страхування,Work.ua,,,5,,,needs_verification,false,
providna,Провідна,Страхування,Robota.ua,,,5,,,needs_verification,false,
providna,Провідна,Страхування,Indeed,,,5,,,needs_verification,false,
providna,Провідна,Страхування,Glassdoor,,,5,,,needs_verification,false,
prozorro,Прозорро,Державний сектор,Google,,,5,,,needs_verification,false,
prozorro,Прозорро,Державний сектор,Work.ua,,,5,,,needs_verification,false,
prozorro,Прозорро,Державний сектор,Robota.ua,,,5,,,needs_verification,false,
prokredyt-bank,ПроКредит Банк,Банки і фінанси,Google,,,5,,,needs_verification,false,
prokredyt-bank,ПроКредит Банк,Банки і фінанси,Work.ua,,,5,,,needs_verification,false,
prokredyt-bank,ПроКредит Банк,Банки і фінанси,Robota.ua,,,5,,,needs_verification,false,
prokredyt-bank,ПроКредит Банк,Банки і фінанси,Indeed,,,5,,,needs_verification,false,
prokredyt-bank,ПроКредит Банк,Банки і фінанси,Glassdoor,,,5,,,needs_verification,false,
prometei,Прометей,Агро,Google,,,5,,,needs_verification,false,
prometei,Прометей,Агро,Work.ua,,,5,,,needs_verification,false,
prometei,Прометей,Агро,Robota.ua,,,5,,,needs_verification,false,
promprylad,Промприлад,Виробництво,Google,,,5,,,needs_verification,false,
promprylad,Промприлад,Виробництво,Work.ua,,,5,,,needs_verification,false,
promprylad,Промприлад,Виробництво,Robota.ua,,,5,,,needs_verification,false,
puzata-khata,Пузата Хата,HoReCa,Google,,,5,,,needs_verification,false,
puzata-khata,Пузата Хата,HoReCa,Work.ua,,,5,,,needs_verification,false,
puzata-khata,Пузата Хата,HoReCa,Robota.ua,,,5,,,needs_verification,false,
puzata-khata,Пузата Хата,HoReCa,Indeed,,,5,,,needs_verification,false,
puzata-khata,Пузата Хата,HoReCa,Glassdoor,,,5,,,needs_verification,false,
pumb,ПУМБ,Банки і фінанси,Google,,,5,,,needs_verification,false,
pumb,ПУМБ,Банки і фінанси,Work.ua,,,5,,,needs_verification,false,
pumb,ПУМБ,Банки і фінанси,Robota.ua,,,5,,,needs_verification,false,
pumb,ПУМБ,Банки і фінанси,Indeed,,,5,,,needs_verification,false,
pumb,ПУМБ,Банки і фінанси,Glassdoor,,,5,,,needs_verification,false,
radabank,Радабанк,Банки і фінанси,Google,,,5,,,needs_verification,false,
radabank,Радабанк,Банки і фінанси,Work.ua,,,5,,,needs_verification,false,
radabank,Радабанк,Банки і фінанси,Robota.ua,,,5,,,needs_verification,false,
radabank,Радабанк,Банки і фінанси,Indeed,,,5,,,needs_verification,false,
radabank,Радабанк,Банки і фінанси,Glassdoor,,,5,,,needs_verification,false,
raiffeisen-bank,Райффайзен Банк,Банки і фінанси,Google,,,5,,,needs_verification,false,
raiffeisen-bank,Райффайзен Банк,Банки і фінанси,Work.ua,,,5,,,needs_verification,false,
raiffeisen-bank,Райффайзен Банк,Банки і фінанси,Robota.ua,,,5,,,needs_verification,false,
raiffeisen-bank,Райффайзен Банк,Банки і фінанси,Indeed,,,5,,,needs_verification,false,
raiffeisen-bank,Райффайзен Банк,Банки і фінанси,Glassdoor,,,5,,,needs_verification,false,
raiffaizen-bank,Райффайзен Банк,Банки і фінанси,Google,,,5,,,needs_verification,false,
raiffaizen-bank,Райффайзен Банк,Банки і фінанси,Work.ua,,,5,,,needs_verification,false,
raiffaizen-bank,Райффайзен Банк,Банки і фінанси,Robota.ua,,,5,,,needs_verification,false,
raiffaizen-bank,Райффайзен Банк,Банки і фінанси,Indeed,,,5,,,needs_verification,false,
raiffaizen-bank,Райффайзен Банк,Банки і фінанси,Glassdoor,,,5,,,needs_verification,false,
rebernia-pid-arsenalom,Реберня під Арсеналом,HoReCa,Google,,,5,,,needs_verification,false,
rebernia-pid-arsenalom,Реберня під Арсеналом,HoReCa,Work.ua,,,5,,,needs_verification,false,
rebernia-pid-arsenalom,Реберня під Арсеналом,HoReCa,Robota.ua,,,5,,,needs_verification,false,
rebernia-pid-arsenalom,Реберня під Арсеналом,HoReCa,Indeed,,,5,,,needs_verification,false,
rebernia-pid-arsenalom,Реберня під Арсеналом,HoReCa,Glassdoor,,,5,,,needs_verification,false,
rivneoblenerho,Рівнеобленерго,Енергетика,Google,,,5,,,needs_verification,false,
rivneoblenerho,Рівнеобленерго,Енергетика,Work.ua,,,5,,,needs_verification,false,
rivneoblenerho,Рівнеобленерго,Енергетика,Robota.ua,,,5,,,needs_verification,false,
riel,РІЕЛ,Нерухомість,Google,,,5,,,needs_verification,false,
riel,РІЕЛ,Нерухомість,Work.ua,,,5,,,needs_verification,false,
riel,РІЕЛ,Нерухомість,Robota.ua,,,5,,,needs_verification,false,
rud,Рудь,FMCG,Google,,,5,,,needs_verification,false,
rud,Рудь,FMCG,Work.ua,,,5,,,needs_verification,false,
rud,Рудь,FMCG,Robota.ua,,,5,,,needs_verification,false,
rud,Рудь,FMCG,Indeed,,,5,,,needs_verification,false,
rud,Рудь,FMCG,Glassdoor,,,5,,,needs_verification,false,
rukavychka,Рукавичка,Ритейл,Google,,,5,,,needs_verification,false,
rukavychka,Рукавичка,Ритейл,Work.ua,,,5,,,needs_verification,false,
rukavychka,Рукавичка,Ритейл,Robota.ua,,,5,,,needs_verification,false,
sb-hrup,СБ Груп,Безпека,Google,,,5,,,needs_verification,false,
sb-hrup,СБ Груп,Безпека,Work.ua,,,5,,,needs_verification,false,
sb-hrup,СБ Груп,Безпека,Robota.ua,,,5,,,needs_verification,false,
svaroh-vest-hrup,Сварог Вест Груп,Агро,Google,,,5,,,needs_verification,false,
svaroh-vest-hrup,Сварог Вест Груп,Агро,Work.ua,,,5,,,needs_verification,false,
svaroh-vest-hrup,Сварог Вест Груп,Агро,Robota.ua,,,5,,,needs_verification,false,
sentravis,Сентравіс,Металургія,Google,,,5,,,needs_verification,false,
sentravis,Сентравіс,Металургія,Work.ua,,,5,,,needs_verification,false,
sentravis,Сентравіс,Металургія,Robota.ua,,,5,,,needs_verification,false,
servisnyi-tsentr-ruky,Сервісний центр Руки,Побутові послуги,Google,,,5,,,needs_verification,false,
servisnyi-tsentr-ruky,Сервісний центр Руки,Побутові послуги,Work.ua,,,5,,,needs_verification,false,
servisnyi-tsentr-ruky,Сервісний центр Руки,Побутові послуги,Robota.ua,,,5,,,needs_verification,false,
silpo,Сільпо,Ритейл,Google,,,5,,,needs_verification,false,
silpo,Сільпо,Ритейл,Work.ua,,,5,,,needs_verification,false,
silpo,Сільпо,Ритейл,Robota.ua,,,5,,,needs_verification,false,
simia-restoraniv-dmytra-borysova,Сім'я ресторанів Дмитра Борисова,HoReCa,Google,,,5,,,needs_verification,false,
simia-restoraniv-dmytra-borysova,Сім'я ресторанів Дмитра Борисова,HoReCa,Work.ua,,,5,,,needs_verification,false,
simia-restoraniv-dmytra-borysova,Сім'я ресторанів Дмитра Борисова,HoReCa,Robota.ua,,,5,,,needs_verification,false,
simia-restoraniv-dmytra-borysova,Сім'я ресторанів Дмитра Борисова,HoReCa,Indeed,,,5,,,needs_verification,false,
simia-restoraniv-dmytra-borysova,Сім'я ресторанів Дмитра Борисова,HoReCa,Glassdoor,,,5,,,needs_verification,false,
sinevo,Сінево,Медицина,Google,,,5,,,needs_verification,false,
sinevo,Сінево,Медицина,Work.ua,,,5,,,needs_verification,false,
sinevo,Сінево,Медицина,Robota.ua,,,5,,,needs_verification,false,
sinevo,Сінево,Медицина,Indeed,,,5,,,needs_verification,false,
sinevo,Сінево,Медицина,Glassdoor,,,5,,,needs_verification,false,
sirius,Сіріус,Безпека,Google,,,5,,,needs_verification,false,
sirius,Сіріус,Безпека,Work.ua,,,5,,,needs_verification,false,
sirius,Сіріус,Безпека,Robota.ua,,,5,,,needs_verification,false,
skf-ukraina,СКФ Україна,Виробництво,Google,,,5,,,needs_verification,false,
skf-ukraina,СКФ Україна,Виробництво,Work.ua,,,5,,,needs_verification,false,
skf-ukraina,СКФ Україна,Виробництво,Robota.ua,,,5,,,needs_verification,false,
smartlab,Смартлаб,Медицина,Google,,,5,,,needs_verification,false,
smartlab,Смартлаб,Медицина,Work.ua,,,5,,,needs_verification,false,
smartlab,Смартлаб,Медицина,Robota.ua,,,5,,,needs_verification,false,
smartlab,Смартлаб,Медицина,Indeed,,,5,,,needs_verification,false,
smartlab,Смартлаб,Медицина,Glassdoor,,,5,,,needs_verification,false,
sportmaster-ukraina,Спортмастер Україна,Ритейл,Google,,,5,,,needs_verification,false,
sportmaster-ukraina,Спортмастер Україна,Ритейл,Work.ua,,,5,,,needs_verification,false,
sportmaster-ukraina,Спортмастер Україна,Ритейл,Robota.ua,,,5,,,needs_verification,false,
stalkanat,Стальканат,Будівництво,Google,,,5,,,needs_verification,false,
stalkanat,Стальканат,Будівництво,Work.ua,,,5,,,needs_verification,false,
stalkanat,Стальканат,Будівництво,Robota.ua,,,5,,,needs_verification,false,
status-bezpeka,Статус Безпека,Безпека,Google,,,5,,,needs_verification,false,
status-bezpeka,Статус Безпека,Безпека,Work.ua,,,5,,,needs_verification,false,
status-bezpeka,Статус Безпека,Безпека,Robota.ua,,,5,,,needs_verification,false,
stb,СТБ,Media,Google,,,5,,,needs_verification,false,
stb,СТБ,Media,Work.ua,,,5,,,needs_verification,false,
stb,СТБ,Media,Robota.ua,,,5,,,needs_verification,false,
stb,СТБ,Media,Indeed,,,5,,,needs_verification,false,
stb,СТБ,Media,Glassdoor,,,5,,,needs_verification,false,
suspilne,Суспільне,Media,Google,,,5,,,needs_verification,false,
suspilne,Суспільне,Media,Work.ua,,,5,,,needs_verification,false,
suspilne,Суспільне,Media,Robota.ua,,,5,,,needs_verification,false,
suspilne,Суспільне,Media,Indeed,,,5,,,needs_verification,false,
suspilne,Суспільне,Media,Glassdoor,,,5,,,needs_verification,false,
sushyia,Сушия,HoReCa,Google,,,5,,,needs_verification,false,
sushyia,Сушия,HoReCa,Work.ua,,,5,,,needs_verification,false,
sushyia,Сушия,HoReCa,Robota.ua,,,5,,,needs_verification,false,
sushyia,Сушия,HoReCa,Indeed,,,5,,,needs_verification,false,
sushyia,Сушия,HoReCa,Glassdoor,,,5,,,needs_verification,false,
tavriia-v,Таврія В,Ритейл,Google,,,5,,,needs_verification,false,
tavriia-v,Таврія В,Ритейл,Work.ua,,,5,,,needs_verification,false,
tavriia-v,Таврія В,Ритейл,Robota.ua,,,5,,,needs_verification,false,
tas-strakhuvannia,ТАС Страхування,Страхування,Google,,,5,,,needs_verification,false,
tas-strakhuvannia,ТАС Страхування,Страхування,Work.ua,,,5,,,needs_verification,false,
tas-strakhuvannia,ТАС Страхування,Страхування,Robota.ua,,,5,,,needs_verification,false,
tas-strakhuvannia,ТАС Страхування,Страхування,Indeed,,,5,,,needs_verification,false,
tas-strakhuvannia,ТАС Страхування,Страхування,Glassdoor,,,5,,,needs_verification,false,
taskombank,Таскомбанк,Банки і фінанси,Google,,,5,,,needs_verification,false,
taskombank,Таскомбанк,Банки і фінанси,Work.ua,,,5,,,needs_verification,false,
taskombank,Таскомбанк,Банки і фінанси,Robota.ua,,,5,,,needs_verification,false,
taskombank,Таскомбанк,Банки і фінанси,Indeed,,,5,,,needs_verification,false,
taskombank,Таскомбанк,Банки і фінанси,Glassdoor,,,5,,,needs_verification,false,
tek-raben-ukraina,ТЕК Рабен Україна,Логістика,Google,,,5,,,needs_verification,false,
tek-raben-ukraina,ТЕК Рабен Україна,Логістика,Work.ua,,,5,,,needs_verification,false,
tek-raben-ukraina,ТЕК Рабен Україна,Логістика,Robota.ua,,,5,,,needs_verification,false,
terra-fud,Терра Фуд,FMCG,Google,,,5,,,needs_verification,false,
terra-fud,Терра Фуд,FMCG,Work.ua,,,5,,,needs_verification,false,
terra-fud,Терра Фуд,FMCG,Robota.ua,,,5,,,needs_verification,false,
terra-fud,Терра Фуд,FMCG,Indeed,,,5,,,needs_verification,false,
terra-fud,Терра Фуд,FMCG,Glassdoor,,,5,,,needs_verification,false,
tekhno-izhak,Техно Їжак,Ритейл,Google,,,5,,,needs_verification,false,
tekhno-izhak,Техно Їжак,Ритейл,Work.ua,,,5,,,needs_verification,false,
tekhno-izhak,Техно Їжак,Ритейл,Robota.ua,,,5,,,needs_verification,false,
tekhnokom,Техноком,Виробництво,Google,,,5,,,needs_verification,false,
tekhnokom,Техноком,Виробництво,Work.ua,,,5,,,needs_verification,false,
tekhnokom,Техноком,Виробництво,Robota.ua,,,5,,,needs_verification,false,
tekhnonikol-ukraina,Техноніколь Україна,Будівництво,Google,,,5,,,needs_verification,false,
tekhnonikol-ukraina,Техноніколь Україна,Будівництво,Work.ua,,,5,,,needs_verification,false,
tekhnonikol-ukraina,Техноніколь Україна,Будівництво,Robota.ua,,,5,,,needs_verification,false,
tophard,ТопГард,Безпека,Google,,,5,,,needs_verification,false,
tophard,ТопГард,Безпека,Work.ua,,,5,,,needs_verification,false,
tophard,ТопГард,Безпека,Robota.ua,,,5,,,needs_verification,false,
try-vedmedi,Три Ведмеді,FMCG,Google,,,5,,,needs_verification,false,
try-vedmedi,Три Ведмеді,FMCG,Work.ua,,,5,,,needs_verification,false,
try-vedmedi,Три Ведмеді,FMCG,Robota.ua,,,5,,,needs_verification,false,
try-vedmedi,Три Ведмеді,FMCG,Indeed,,,5,,,needs_verification,false,
try-vedmedi,Три Ведмеді,FMCG,Glassdoor,,,5,,,needs_verification,false,
ukrainski-enerhetychni-mashyny,Турбоатом / Українські енергетичні машини,Виробництво,Google,,,5,,,needs_verification,false,
ukrainski-enerhetychni-mashyny,Турбоатом / Українські енергетичні машини,Виробництво,Work.ua,,,5,,,needs_verification,false,
ukrainski-enerhetychni-mashyny,Турбоатом / Українські енергетичні машини,Виробництво,Robota.ua,,,5,,,needs_verification,false,
uberem,Уберем,Побутові послуги,Google,,,5,,,needs_verification,false,
uberem,Уберем,Побутові послуги,Work.ua,,,5,,,needs_verification,false,
uberem,Уберем,Побутові послуги,Robota.ua,,,5,,,needs_verification,false,
ukravto,УкрАвто,Авто,Google,,,5,,,needs_verification,false,
ukravto,УкрАвто,Авто,Work.ua,,,5,,,needs_verification,false,
ukravto,УкрАвто,Авто,Robota.ua,,,5,,,needs_verification,false,
ukravto,УкрАвто,Авто,Indeed,,,5,,,needs_verification,false,
ukravto,УкрАвто,Авто,Glassdoor,,,5,,,needs_verification,false,
ukravtodor,Укравтодор,Державний сектор,Google,,,5,,,needs_verification,false,
ukravtodor,Укравтодор,Державний сектор,Work.ua,,,5,,,needs_verification,false,
ukravtodor,Укравтодор,Державний сектор,Robota.ua,,,5,,,needs_verification,false,
ukraerorukh,Украерорух,Державний сектор,Google,,,5,,,needs_verification,false,
ukraerorukh,Украерорух,Державний сектор,Work.ua,,,5,,,needs_verification,false,
ukraerorukh,Украерорух,Державний сектор,Robota.ua,,,5,,,needs_verification,false,
ukrainska-hirnycho-metalurhiina-kompaniia,Українська гірничо-металургійна компанія,Металургія,Google,,,5,,,needs_verification,false,
ukrainska-hirnycho-metalurhiina-kompaniia,Українська гірничо-металургійна компанія,Металургія,Work.ua,,,5,,,needs_verification,false,
ukrainska-hirnycho-metalurhiina-kompaniia,Українська гірничо-металургійна компанія,Металургія,Robota.ua,,,5,,,needs_verification,false,
ukrainska-pravda,Українська правда,Media,Google,,,5,,,needs_verification,false,
ukrainska-pravda,Українська правда,Media,Work.ua,,,5,,,needs_verification,false,
ukrainska-pravda,Українська правда,Media,Robota.ua,,,5,,,needs_verification,false,
ukrainska-pravda,Українська правда,Media,Indeed,,,5,,,needs_verification,false,
ukrainska-pravda,Українська правда,Media,Glassdoor,,,5,,,needs_verification,false,
ukrainska-strakhova-hrupa,Українська страхова група,Страхування,Google,,,5,,,needs_verification,false,
ukrainska-strakhova-hrupa,Українська страхова група,Страхування,Work.ua,,,5,,,needs_verification,false,
ukrainska-strakhova-hrupa,Українська страхова група,Страхування,Robota.ua,,,5,,,needs_verification,false,
ukrainska-strakhova-hrupa,Українська страхова група,Страхування,Indeed,,,5,,,needs_verification,false,
ukrainska-strakhova-hrupa,Українська страхова група,Страхування,Glassdoor,,,5,,,needs_verification,false,
ukrainskyi-veteranskyi-fond,Український ветеранський фонд,Державний сектор,Google,,,5,,,needs_verification,false,
ukrainskyi-veteranskyi-fond,Український ветеранський фонд,Державний сектор,Work.ua,,,5,,,needs_verification,false,
ukrainskyi-veteranskyi-fond,Український ветеранський фонд,Державний сектор,Robota.ua,,,5,,,needs_verification,false,
ukrainskyi-instytut,Український інститут,Державний сектор,Google,,,5,,,needs_verification,false,
ukrainskyi-instytut,Український інститут,Державний сектор,Work.ua,,,5,,,needs_verification,false,
ukrainskyi-instytut,Український інститут,Державний сектор,Robota.ua,,,5,,,needs_verification,false,
ukrainskyi-katolytskyi-universytet,Український католицький університет,Освіта,Google,,,5,,,needs_verification,false,
ukrainskyi-katolytskyi-universytet,Український католицький університет,Освіта,Work.ua,,,5,,,needs_verification,false,
ukrainskyi-katolytskyi-universytet,Український католицький університет,Освіта,Robota.ua,,,5,,,needs_verification,false,
ukrainskyi-kulturnyi-fond,Український культурний фонд,Державний сектор,Google,,,5,,,needs_verification,false,
ukrainskyi-kulturnyi-fond,Український культурний фонд,Державний сектор,Work.ua,,,5,,,needs_verification,false,
ukrainskyi-kulturnyi-fond,Український культурний фонд,Державний сектор,Robota.ua,,,5,,,needs_verification,false,
ukrainskyi-fond-startapiv,Український фонд стартапів,Державний сектор,Google,,,5,,,needs_verification,false,
ukrainskyi-fond-startapiv,Український фонд стартапів,Державний сектор,Work.ua,,,5,,,needs_verification,false,
ukrainskyi-fond-startapiv,Український фонд стартапів,Державний сектор,Robota.ua,,,5,,,needs_verification,false,
ukrhazbank,Укргазбанк,Банки і фінанси,Google,,,5,,,needs_verification,false,
ukrhazbank,Укргазбанк,Банки і фінанси,Work.ua,,,5,,,needs_verification,false,
ukrhazbank,Укргазбанк,Банки і фінанси,Robota.ua,,,5,,,needs_verification,false,
ukrhazbank,Укргазбанк,Банки і фінанси,Indeed,,,5,,,needs_verification,false,
ukrhazbank,Укргазбанк,Банки і фінанси,Glassdoor,,,5,,,needs_verification,false,
ukrhazvydobuvannia,Укргазвидобування,Енергетика,Google,,,5,,,needs_verification,false,
ukrhazvydobuvannia,Укргазвидобування,Енергетика,Work.ua,,,5,,,needs_verification,false,
ukrhazvydobuvannia,Укргазвидобування,Енергетика,Robota.ua,,,5,,,needs_verification,false,
ukrhidroenerho,Укргідроенерго,Енергетика,Google,,,5,,,needs_verification,false,
ukrhidroenerho,Укргідроенерго,Енергетика,Work.ua,,,5,,,needs_verification,false,
ukrhidroenerho,Укргідроенерго,Енергетика,Robota.ua,,,5,,,needs_verification,false,
ukrenerho,Укренерго,Енергетика,Google,,,5,,,needs_verification,false,
ukrenerho,Укренерго,Енергетика,Work.ua,,,5,,,needs_verification,false,
ukrenerho,Укренерго,Енергетика,Robota.ua,,,5,,,needs_verification,false,
ukrzaliznytsia,Укрзалізниця,Державний сектор,Google,,,5,,,needs_verification,false,
ukrzaliznytsia,Укрзалізниця,Державний сектор,Work.ua,,,5,,,needs_verification,false,
ukrzaliznytsia,Укрзалізниця,Державний сектор,Robota.ua,,,5,,,needs_verification,false,
ukrinfraproekt,Укрінфрапроект,Державний сектор,Google,,,5,,,needs_verification,false,
ukrinfraproekt,Укрінфрапроект,Державний сектор,Work.ua,,,5,,,needs_verification,false,
ukrinfraproekt,Укрінфрапроект,Державний сектор,Robota.ua,,,5,,,needs_verification,false,
ukrlohistyka,Укрлогістика,Логістика,Google,,,5,,,needs_verification,false,
ukrlohistyka,Укрлогістика,Логістика,Work.ua,,,5,,,needs_verification,false,
ukrlohistyka,Укрлогістика,Логістика,Robota.ua,,,5,,,needs_verification,false,
ukrnafta,Укрнафта,Енергетика,Google,,,5,,,needs_verification,false,
ukrnafta,Укрнафта,Енергетика,Work.ua,,,5,,,needs_verification,false,
ukrnafta,Укрнафта,Енергетика,Robota.ua,,,5,,,needs_verification,false,
ukroboronprom,Укроборонпром,Державний сектор,Google,,,5,,,needs_verification,false,
ukroboronprom,Укроборонпром,Державний сектор,Work.ua,,,5,,,needs_verification,false,
ukroboronprom,Укроборонпром,Державний сектор,Robota.ua,,,5,,,needs_verification,false,
ukrpatent,Укрпатент,Державний сектор,Google,,,5,,,needs_verification,false,
ukrpatent,Укрпатент,Державний сектор,Work.ua,,,5,,,needs_verification,false,
ukrpatent,Укрпатент,Державний сектор,Robota.ua,,,5,,,needs_verification,false,
ukrposhta,Укрпошта,Логістика,Google,,,5,,,needs_verification,false,
ukrposhta,Укрпошта,Логістика,Work.ua,,,5,,,needs_verification,false,
ukrposhta,Укрпошта,Логістика,Robota.ua,,,5,,,needs_verification,false,
ukrsybbank,Укрсиббанк,Банки і фінанси,Google,,,5,,,needs_verification,false,
ukrsybbank,Укрсиббанк,Банки і фінанси,Work.ua,,,5,,,needs_verification,false,
ukrsybbank,Укрсиббанк,Банки і фінанси,Robota.ua,,,5,,,needs_verification,false,
ukrsybbank,Укрсиббанк,Банки і фінанси,Indeed,,,5,,,needs_verification,false,
ukrsybbank,Укрсиббанк,Банки і фінанси,Glassdoor,,,5,,,needs_verification,false,
ukrspetseksport,Укрспецекспорт,Державний сектор,Google,,,5,,,needs_verification,false,
ukrspetseksport,Укрспецекспорт,Державний сектор,Work.ua,,,5,,,needs_verification,false,
ukrspetseksport,Укрспецекспорт,Державний сектор,Robota.ua,,,5,,,needs_verification,false,
ukrtelekom,Укртелеком,Telecom,Google,,,5,,,needs_verification,false,
ukrtelekom,Укртелеком,Telecom,Work.ua,,,5,,,needs_verification,false,
ukrtelekom,Укртелеком,Telecom,Robota.ua,,,5,,,needs_verification,false,
ukrtelekom,Укртелеком,Telecom,Indeed,,,5,,,needs_verification,false,
ukrtelekom,Укртелеком,Telecom,Glassdoor,,,5,,,needs_verification,false,
universal-bank,Універсал Банк,Банки і фінанси,Google,,,5,,,needs_verification,false,
universal-bank,Універсал Банк,Банки і фінанси,Work.ua,,,5,,,needs_verification,false,
universal-bank,Універсал Банк,Банки і фінанси,Robota.ua,,,5,,,needs_verification,false,
universal-bank,Універсал Банк,Банки і фінанси,Indeed,,,5,,,needs_verification,false,
universal-bank,Універсал Банк,Банки і фінанси,Glassdoor,,,5,,,needs_verification,false,
universalna,Універсальна,Страхування,Google,,,5,,,needs_verification,false,
universalna,Універсальна,Страхування,Work.ua,,,5,,,needs_verification,false,
universalna,Універсальна,Страхування,Robota.ua,,,5,,,needs_verification,false,
universalna,Універсальна,Страхування,Indeed,,,5,,,needs_verification,false,
universalna,Універсальна,Страхування,Glassdoor,,,5,,,needs_verification,false,
faino-market,Файно Маркет,Ритейл,Google,,,5,,,needs_verification,false,
faino-market,Файно Маркет,Ритейл,Work.ua,,,5,,,needs_verification,false,
faino-market,Файно Маркет,Ритейл,Robota.ua,,,5,,,needs_verification,false,
farma-start,Фарма Старт,Фармацевтика,Google,,,5,,,needs_verification,false,
farma-start,Фарма Старт,Фармацевтика,Work.ua,,,5,,,needs_verification,false,
farma-start,Фарма Старт,Фармацевтика,Robota.ua,,,5,,,needs_verification,false,
farma-start,Фарма Старт,Фармацевтика,Indeed,,,5,,,needs_verification,false,
farma-start,Фарма Старт,Фармацевтика,Glassdoor,,,5,,,needs_verification,false,
farmak,Фармак,Фармацевтика,Google,,,5,,,needs_verification,false,
farmak,Фармак,Фармацевтика,Work.ua,,,5,,,needs_verification,false,
farmak,Фармак,Фармацевтика,Robota.ua,,,5,,,needs_verification,false,
farmak,Фармак,Фармацевтика,Indeed,,,5,,,needs_verification,false,
farmak,Фармак,Фармацевтика,Glassdoor,,,5,,,needs_verification,false,
farmastor,Фармастор,Фармацевтика,Google,,,5,,,needs_verification,false,
farmastor,Фармастор,Фармацевтика,Work.ua,,,5,,,needs_verification,false,
farmastor,Фармастор,Фармацевтика,Robota.ua,,,5,,,needs_verification,false,
farmastor,Фармастор,Фармацевтика,Indeed,,,5,,,needs_verification,false,
farmastor,Фармастор,Фармацевтика,Glassdoor,,,5,,,needs_verification,false,
feofaniia,Феофанія,Медицина,Google,,,5,,,needs_verification,false,
feofaniia,Феофанія,Медицина,Work.ua,,,5,,,needs_verification,false,
feofaniia,Феофанія,Медицина,Robota.ua,,,5,,,needs_verification,false,
feofaniia,Феофанія,Медицина,Indeed,,,5,,,needs_verification,false,
feofaniia,Феофанія,Медицина,Glassdoor,,,5,,,needs_verification,false,
fitofarm,Фітофарм,Фармацевтика,Google,,,5,,,needs_verification,false,
fitofarm,Фітофарм,Фармацевтика,Work.ua,,,5,,,needs_verification,false,
fitofarm,Фітофарм,Фармацевтика,Robota.ua,,,5,,,needs_verification,false,
fitofarm,Фітофарм,Фармацевтика,Indeed,,,5,,,needs_verification,false,
fitofarm,Фітофарм,Фармацевтика,Glassdoor,,,5,,,needs_verification,false,
fozzi,Фоззі,Ритейл,Google,,,5,,,needs_verification,false,
fozzi,Фоззі,Ритейл,Work.ua,,,5,,,needs_verification,false,
fozzi,Фоззі,Ритейл,Robota.ua,,,5,,,needs_verification,false,
fokstrot,Фокстрот,Ритейл,Google,,,5,,,needs_verification,false,
fokstrot,Фокстрот,Ритейл,Work.ua,,,5,,,needs_verification,false,
fokstrot,Фокстрот,Ритейл,Robota.ua,,,5,,,needs_verification,false,
kharkivoblenerho,Харківобленерго,Енергетика,Google,,,5,,,needs_verification,false,
kharkivoblenerho,Харківобленерго,Енергетика,Work.ua,,,5,,,needs_verification,false,
kharkivoblenerho,Харківобленерго,Енергетика,Robota.ua,,,5,,,needs_verification,false,
kharkivskyi-natsionalnyi-universytet-imeni-karazina,Харківський національний університет імені Каразіна,Освіта,Google,,,5,,,needs_verification,false,
kharkivskyi-natsionalnyi-universytet-imeni-karazina,Харківський національний університет імені Каразіна,Освіта,Work.ua,,,5,,,needs_verification,false,
kharkivskyi-natsionalnyi-universytet-imeni-karazina,Харківський національний університет імені Каразіна,Освіта,Robota.ua,,,5,,,needs_verification,false,
khimchystka-kims,Хімчистка KIMS,Побутові послуги,Google,,,5,,,needs_verification,false,
khimchystka-kims,Хімчистка KIMS,Побутові послуги,Work.ua,,,5,,,needs_verification,false,
khimchystka-kims,Хімчистка KIMS,Побутові послуги,Robota.ua,,,5,,,needs_verification,false,
khimchystka-unmomento,Хімчистка UNMOMENTO,Побутові послуги,Google,,,5,,,needs_verification,false,
khimchystka-unmomento,Хімчистка UNMOMENTO,Побутові послуги,Work.ua,,,5,,,needs_verification,false,
khimchystka-unmomento,Хімчистка UNMOMENTO,Побутові послуги,Robota.ua,,,5,,,needs_verification,false,
khlibnyi,Хлібний,HoReCa,Google,,,5,,,needs_verification,false,
khlibnyi,Хлібний,HoReCa,Work.ua,,,5,,,needs_verification,false,
khlibnyi,Хлібний,HoReCa,Robota.ua,,,5,,,needs_verification,false,
khlibnyi,Хлібний,HoReCa,Indeed,,,5,,,needs_verification,false,
khlibnyi,Хлібний,HoReCa,Glassdoor,,,5,,,needs_verification,false,
khlibodar,Хлібодар,FMCG,Google,,,5,,,needs_verification,false,
khlibodar,Хлібодар,FMCG,Work.ua,,,5,,,needs_verification,false,
khlibodar,Хлібодар,FMCG,Robota.ua,,,5,,,needs_verification,false,
khlibodar,Хлібодар,FMCG,Indeed,,,5,,,needs_verification,false,
khlibodar,Хлібодар,FMCG,Glassdoor,,,5,,,needs_verification,false,
khmelnytskoblenerho,Хмельницькобленерго,Енергетика,Google,,,5,,,needs_verification,false,
khmelnytskoblenerho,Хмельницькобленерго,Енергетика,Work.ua,,,5,,,needs_verification,false,
khmelnytskoblenerho,Хмельницькобленерго,Енергетика,Robota.ua,,,5,,,needs_verification,false,
khortytsia,Хортиця,FMCG,Google,,,5,,,needs_verification,false,
khortytsia,Хортиця,FMCG,Work.ua,,,5,,,needs_verification,false,
khortytsia,Хортиця,FMCG,Robota.ua,,,5,,,needs_verification,false,
khortytsia,Хортиця,FMCG,Indeed,,,5,,,needs_verification,false,
khortytsia,Хортиця,FMCG,Glassdoor,,,5,,,needs_verification,false,
tsentr-hromadskoho-zdorovia-moz-ukrainy,Центр громадського здоров'я МОЗ України,Державний сектор,Google,,,5,,,needs_verification,false,
tsentr-hromadskoho-zdorovia-moz-ukrainy,Центр громадського здоров'я МОЗ України,Державний сектор,Work.ua,,,5,,,needs_verification,false,
tsentr-hromadskoho-zdorovia-moz-ukrainy,Центр громадського здоров'я МОЗ України,Державний сектор,Robota.ua,,,5,,,needs_verification,false,
tsentralnyi-hzk,Центральний ГЗК,Металургія,Google,,,5,,,needs_verification,false,
tsentralnyi-hzk,Центральний ГЗК,Металургія,Work.ua,,,5,,,needs_verification,false,
tsentralnyi-hzk,Центральний ГЗК,Металургія,Robota.ua,,,5,,,needs_verification,false,
tsytrus,Цитрус,Ритейл,Google,,,5,,,needs_verification,false,
tsytrus,Цитрус,Ритейл,Work.ua,,,5,,,needs_verification,false,
tsytrus,Цитрус,Ритейл,Robota.ua,,,5,,,needs_verification,false,
tsum-kyiv,ЦУМ Київ,Ритейл,Google,,,5,,,needs_verification,false,
tsum-kyiv,ЦУМ Київ,Ритейл,Work.ua,,,5,,,needs_verification,false,
tsum-kyiv,ЦУМ Київ,Ритейл,Robota.ua,,,5,,,needs_verification,false,
chervonyi-market,Червоний Маркет,Ритейл,Google,,,5,,,needs_verification,false,
chervonyi-market,Червоний Маркет,Ритейл,Work.ua,,,5,,,needs_verification,false,
chervonyi-market,Червоний Маркет,Ритейл,Robota.ua,,,5,,,needs_verification,false,
cherkasyoblenerho,Черкасиобленерго,Енергетика,Google,,,5,,,needs_verification,false,
cherkasyoblenerho,Черкасиобленерго,Енергетика,Work.ua,,,5,,,needs_verification,false,
cherkasyoblenerho,Черкасиобленерго,Енергетика,Robota.ua,,,5,,,needs_verification,false,
chernihivoblenerho,Чернігівобленерго,Енергетика,Google,,,5,,,needs_verification,false,
chernihivoblenerho,Чернігівобленерго,Енергетика,Work.ua,,,5,,,needs_verification,false,
chernihivoblenerho,Чернігівобленерго,Енергетика,Robota.ua,,,5,,,needs_verification,false,
chysta-khata,Чиста Хата,Побутові послуги,Google,,,5,,,needs_verification,false,
chysta-khata,Чиста Хата,Побутові послуги,Work.ua,,,5,,,needs_verification,false,
chysta-khata,Чиста Хата,Побутові послуги,Robota.ua,,,5,,,needs_verification,false,
chystota-servis,Чистота Сервіс,Побутові послуги,Google,,,5,,,needs_verification,false,
chystota-servis,Чистота Сервіс,Побутові послуги,Work.ua,,,5,,,needs_verification,false,
chystota-servis,Чистота Сервіс,Побутові послуги,Robota.ua,,,5,,,needs_verification,false,
chornomorka,Чорноморка,HoReCa,Google,,,5,,,needs_verification,false,
chornomorka,Чорноморка,HoReCa,Work.ua,,,5,,,needs_verification,false,
chornomorka,Чорноморка,HoReCa,Robota.ua,,,5,,,needs_verification,false,
chornomorka,Чорноморка,HoReCa,Indeed,,,5,,,needs_verification,false,
chornomorka,Чорноморка,HoReCa,Glassdoor,,,5,,,needs_verification,false,
chumak,Чумак,FMCG,Google,,,5,,,needs_verification,false,
chumak,Чумак,FMCG,Work.ua,,,5,,,needs_verification,false,
chumak,Чумак,FMCG,Robota.ua,,,5,,,needs_verification,false,
chumak,Чумак,FMCG,Indeed,,,5,,,needs_verification,false,
chumak,Чумак,FMCG,Glassdoor,,,5,,,needs_verification,false,
shostka,Шостка,FMCG,Google,,,5,,,needs_verification,false,
shostka,Шостка,FMCG,Work.ua,,,5,,,needs_verification,false,
shostka,Шостка,FMCG,Robota.ua,,,5,,,needs_verification,false,
shostka,Шостка,FMCG,Indeed,,,5,,,needs_verification,false,
shostka,Шостка,FMCG,Glassdoor,,,5,,,needs_verification,false,
iudk,ЮДК,Будівництво,Google,,,5,,,needs_verification,false,
iudk,ЮДК,Будівництво,Work.ua,,,5,,,needs_verification,false,
iudk,ЮДК,Будівництво,Robota.ua,,,5,,,needs_verification,false,
iuriia-farm,Юрія-Фарм,Фармацевтика,Google,,,5,,,needs_verification,false,
iuriia-farm,Юрія-Фарм,Фармацевтика,Work.ua,,,5,,,needs_verification,false,
iuriia-farm,Юрія-Фарм,Фармацевтика,Robota.ua,,,5,,,needs_verification,false,
iuriia-farm,Юрія-Фарм,Фармацевтика,Indeed,,,5,,,needs_verification,false,
iuriia-farm,Юрія-Фарм,Фармацевтика,Glassdoor,,,5,,,needs_verification,false,
iavir-2000,Явір-2000,Безпека,Google,,,5,,,needs_verification,false,
iavir-2000,Явір-2000,Безпека,Work.ua,,,5,,,needs_verification,false,
iavir-2000,Явір-2000,Безпека,Robota.ua,,,5,,,needs_verification,false,
iahotynske,Яготинське,FMCG,Google,,,5,,,needs_verification,false,
iahotynske,Яготинське,FMCG,Work.ua,,,5,,,needs_verification,false,
iahotynske,Яготинське,FMCG,Robota.ua,,,5,,,needs_verification,false,
iahotynske,Яготинське,FMCG,Indeed,,,5,,,needs_verification,false,
iahotynske,Яготинське,FMCG,Glassdoor,,,5,,,needs_verification,false,
